ticker,sector,industry,quoteType,longName,shortName,metadata_source,metadata_fetch_status,metadata_fetch_error
A,Healthcare,Diagnostics & Research,EQUITY,"Agilent Technologies, Inc.","Agilent Technologies, Inc.",yfinance.Ticker.info,success,
AA,Basic Materials,Aluminum,EQUITY,Alcoa Corporation,Alcoa Corporation,yfinance.Ticker.info,success,
AAL,Industrials,Airlines,EQUITY,American Airlines Group Inc.,"American Airlines Group, Inc.",yfinance.Ticker.info,success,
AAON,Industrials,Building Products & Equipment,EQUITY,"AAON, Inc.","AAON, Inc.",yfinance.Ticker.info,success,
AAPL,Technology,Consumer Electronics,EQUITY,Apple Inc.,Apple Inc.,yfinance.Ticker.info,success,
ABBV,Healthcare,Drug Manufacturers - General,EQUITY,AbbVie Inc.,AbbVie Inc.,yfinance.Ticker.info,success,
ABNB,Consumer Cyclical,Travel Services,EQUITY,"Airbnb, Inc.","Airbnb, Inc.",yfinance.Ticker.info,success,
ABT,Healthcare,Medical Devices,EQUITY,Abbott Laboratories,Abbott Laboratories,yfinance.Ticker.info,success,
ACGL,Financial Services,Insurance - Diversified,EQUITY,Arch Capital Group Ltd.,Arch Capital Group Ltd.,yfinance.Ticker.info,success,
ACI,Consumer Defensive,Grocery Stores,EQUITY,"Albertsons Companies, Inc.","Albertsons Companies, Inc.",yfinance.Ticker.info,success,
ACM,Industrials,Engineering & Construction,EQUITY,AECOM,AECOM,yfinance.Ticker.info,success,
ACN,Technology,Information Technology Services,EQUITY,Accenture plc,Accenture plc,yfinance.Ticker.info,success,
ADBE,Technology,Software - Application,EQUITY,Adobe Inc.,Adobe Inc.,yfinance.Ticker.info,success,
ADC,Real Estate,REIT - Retail,EQUITY,Agree Realty Corporation,Agree Realty Corporation,yfinance.Ticker.info,success,
ADI,Technology,Semiconductors,EQUITY,"Analog Devices, Inc.","Analog Devices, Inc.",yfinance.Ticker.info,success,
ADM,Consumer Defensive,Farm Products,EQUITY,Archer-Daniels-Midland Company,Archer-Daniels-Midland Company,yfinance.Ticker.info,success,
ADP,Technology,Software - Application,EQUITY,"Automatic Data Processing, Inc.","Automatic Data Processing, Inc.",yfinance.Ticker.info,success,
ADSK,Technology,Software - Application,EQUITY,"Autodesk, Inc.","Autodesk, Inc.",yfinance.Ticker.info,success,
AEE,Utilities,Utilities - Regulated Electric,EQUITY,Ameren Corporation,Ameren Corporation,yfinance.Ticker.info,success,
AEIS,Industrials,Electrical Equipment & Parts,EQUITY,"Advanced Energy Industries, Inc.","Advanced Energy Industries, Inc",yfinance.Ticker.info,success,
AEP,Utilities,Utilities - Regulated Electric,EQUITY,"American Electric Power Company, Inc.",American Electric Power Company,yfinance.Ticker.info,success,
AES,Utilities,Utilities - Diversified,EQUITY,The AES Corporation,The AES Corporation,yfinance.Ticker.info,success,
AFG,Financial Services,Insurance - Property & Casualty,EQUITY,"American Financial Group, Inc.","American Financial Group, Inc.",yfinance.Ticker.info,success,
AFL,Financial Services,Insurance - Life,EQUITY,Aflac Incorporated,AFLAC Incorporated,yfinance.Ticker.info,success,
AGCO,Industrials,Farm & Heavy Construction Machinery,EQUITY,AGCO Corporation,AGCO Corporation,yfinance.Ticker.info,success,
AIG,Financial Services,Insurance - Diversified,EQUITY,"American International Group, Inc.","American International Group, I",yfinance.Ticker.info,success,
AIT,Industrials,Industrial Distribution,EQUITY,"Applied Industrial Technologies, Inc.",Applied Industrial Technologies,yfinance.Ticker.info,success,
AIZ,Financial Services,Insurance - Property & Casualty,EQUITY,"Assurant, Inc.","Assurant, Inc.",yfinance.Ticker.info,success,
AJG,Financial Services,Insurance Brokers,EQUITY,Arthur J. Gallagher & Co.,Arthur J. Gallagher & Co.,yfinance.Ticker.info,success,
AKAM,Technology,Software - Infrastructure,EQUITY,"Akamai Technologies, Inc.","Akamai Technologies, Inc.",yfinance.Ticker.info,success,
ALB,Basic Materials,Specialty Chemicals,EQUITY,Albemarle Corporation,Albemarle Corporation,yfinance.Ticker.info,success,
ALGM,Technology,Semiconductors,EQUITY,"Allegro MicroSystems, Inc.","Allegro MicroSystems, Inc.",yfinance.Ticker.info,success,
ALGN,Healthcare,Medical Instruments & Supplies,EQUITY,"Align Technology, Inc.","Align Technology, Inc.",yfinance.Ticker.info,success,
ALK,Industrials,Airlines,EQUITY,"Alaska Air Group, Inc.","Alaska Air Group, Inc.",yfinance.Ticker.info,success,
ALL,Financial Services,Insurance - Property & Casualty,EQUITY,The Allstate Corporation,Allstate Corporation (The),yfinance.Ticker.info,success,
ALLE,Industrials,Security & Protection Services,EQUITY,Allegion plc,Allegion plc,yfinance.Ticker.info,success,
ALLY,Financial Services,Credit Services,EQUITY,Ally Financial Inc.,Ally Financial Inc.,yfinance.Ticker.info,success,
ALV,Consumer Cyclical,Auto Parts,EQUITY,"Autoliv, Inc.","Autoliv, Inc.",yfinance.Ticker.info,success,
AM,Energy,Oil & Gas Midstream,EQUITY,Antero Midstream Corporation,Antero Midstream Corporation,yfinance.Ticker.info,success,
AMAT,Technology,Semiconductor Equipment & Materials,EQUITY,"Applied Materials, Inc.","Applied Materials, Inc.",yfinance.Ticker.info,success,
AMCR,Consumer Cyclical,Packaging & Containers,EQUITY,Amcor plc,Amcor plc,yfinance.Ticker.info,success,
AMD,Technology,Semiconductors,EQUITY,"Advanced Micro Devices, Inc.","Advanced Micro Devices, Inc.",yfinance.Ticker.info,success,
AME,Industrials,Specialty Industrial Machinery,EQUITY,"AMETEK, Inc.","AMETEK, Inc.",yfinance.Ticker.info,success,
AMG,Financial Services,Asset Management,EQUITY,"Affiliated Managers Group, Inc.","Affiliated Managers Group, Inc.",yfinance.Ticker.info,success,
AMGN,Healthcare,Drug Manufacturers - General,EQUITY,Amgen Inc.,Amgen Inc.,yfinance.Ticker.info,success,
AMH,Real Estate,REIT - Residential,EQUITY,American Homes 4 Rent,American Homes 4 Rent,yfinance.Ticker.info,success,
AMKR,Technology,Semiconductor Equipment & Materials,EQUITY,"Amkor Technology, Inc.","Amkor Technology, Inc.",yfinance.Ticker.info,success,
AMP,Financial Services,Asset Management,EQUITY,"Ameriprise Financial, Inc.","Ameriprise Financial, Inc.",yfinance.Ticker.info,success,
AMT,Real Estate,REIT - Specialty,EQUITY,American Tower Corporation,American Tower Corporation (REI,yfinance.Ticker.info,success,
AMZN,Consumer Cyclical,Internet Retail,EQUITY,"Amazon.com, Inc.","Amazon.com, Inc.",yfinance.Ticker.info,success,
AN,Consumer Cyclical,Auto & Truck Dealerships,EQUITY,"AutoNation, Inc.","AutoNation, Inc.",yfinance.Ticker.info,success,
ANET,Technology,Computer Hardware,EQUITY,"Arista Networks, Inc.","Arista Networks, Inc.",yfinance.Ticker.info,success,
ANF,Consumer Cyclical,Apparel Retail,EQUITY,Abercrombie & Fitch Co.,Abercrombie & Fitch Company,yfinance.Ticker.info,success,
AON,Financial Services,Insurance Brokers,EQUITY,Aon plc,Aon plc,yfinance.Ticker.info,success,
AOS,Industrials,Specialty Industrial Machinery,EQUITY,A. O. Smith Corporation,A.O. Smith Corporation,yfinance.Ticker.info,success,
APA,Energy,Oil & Gas E&P,EQUITY,APA Corporation,APA Corporation,yfinance.Ticker.info,success,
APD,Basic Materials,Specialty Chemicals,EQUITY,"Air Products and Chemicals, Inc.","Air Products and Chemicals, Inc",yfinance.Ticker.info,success,
APG,Industrials,Engineering & Construction,EQUITY,APi Group Corporation,APi Group Corporation,yfinance.Ticker.info,success,
APH,Technology,Electronic Components,EQUITY,Amphenol Corporation,Amphenol Corporation,yfinance.Ticker.info,success,
APO,Financial Services,Asset Management,EQUITY,"Apollo Global Management, Inc.","Apollo Global Management, Inc. ",yfinance.Ticker.info,success,
APP,Communication Services,Advertising Agencies,EQUITY,AppLovin Corporation,Applovin Corporation,yfinance.Ticker.info,success,
APPF,Technology,Software - Application,EQUITY,"AppFolio, Inc.","AppFolio, Inc.",yfinance.Ticker.info,success,
APTV,Consumer Cyclical,Auto Parts,EQUITY,Aptiv PLC,Aptiv PLC,yfinance.Ticker.info,success,
AR,Energy,Oil & Gas E&P,EQUITY,Antero Resources Corporation,Antero Resources Corporation,yfinance.Ticker.info,success,
ARE,Real Estate,REIT - Office,EQUITY,"Alexandria Real Estate Equities, Inc.",Alexandria Real Estate Equities,yfinance.Ticker.info,success,
ARES,Financial Services,Asset Management,EQUITY,Ares Management Corporation,Ares Management Corporation,yfinance.Ticker.info,success,
ARMK,Industrials,Specialty Business Services,EQUITY,Aramark,Aramark,yfinance.Ticker.info,success,
ARW,Technology,Electronics & Computer Distribution,EQUITY,"Arrow Electronics, Inc.","Arrow Electronics, Inc.",yfinance.Ticker.info,success,
ARWR,Healthcare,Biotechnology,EQUITY,"Arrowhead Pharmaceuticals, Inc.","Arrowhead Pharmaceuticals, Inc.",yfinance.Ticker.info,success,
ASB,Financial Services,Banks - Regional,EQUITY,Associated Banc-Corp,Associated Banc-Corp,yfinance.Ticker.info,success,
ASGN,Technology,Information Technology Services,EQUITY,ASGN Inc,ASGN Incorporated,yfinance.Ticker.info,success,
ASH,Basic Materials,Specialty Chemicals,EQUITY,Ashland Inc.,Ashland Inc.,yfinance.Ticker.info,success,
ASML,Technology,Semiconductor Equipment & Materials,EQUITY,ASML Holding N.V.,ASML Holding N.V. - New York Re,yfinance.Ticker.info,success,
ATI,Industrials,Metal Fabrication,EQUITY,ATI Inc.,ATI Inc.,yfinance.Ticker.info,success,
ATO,Utilities,Utilities - Regulated Gas,EQUITY,Atmos Energy Corporation,Atmos Energy Corporation,yfinance.Ticker.info,success,
ATR,Healthcare,Medical Instruments & Supplies,EQUITY,"AptarGroup, Inc.","AptarGroup, Inc.",yfinance.Ticker.info,success,
AVAV,Industrials,Aerospace & Defense,EQUITY,"AeroVironment, Inc.","AeroVironment, Inc.",yfinance.Ticker.info,success,
AVB,Real Estate,REIT - Residential,EQUITY,"AvalonBay Communities, Inc.","AvalonBay Communities, Inc.",yfinance.Ticker.info,success,
AVGO,Technology,Semiconductors,EQUITY,Broadcom Inc.,Broadcom Inc.,yfinance.Ticker.info,success,
AVNT,Basic Materials,Specialty Chemicals,EQUITY,Avient Corporation,Avient Corporation,yfinance.Ticker.info,success,
AVT,Technology,Electronics & Computer Distribution,EQUITY,"Avnet, Inc.","Avnet, Inc.",yfinance.Ticker.info,success,
AVTR,Healthcare,Medical Instruments & Supplies,EQUITY,"Avantor, Inc.","Avantor, Inc.",yfinance.Ticker.info,success,
AVY,Consumer Cyclical,Packaging & Containers,EQUITY,Avery Dennison Corporation,Avery Dennison Corporation,yfinance.Ticker.info,success,
AWK,Utilities,Utilities - Regulated Water,EQUITY,"American Water Works Company, Inc.","American Water Works Company, I",yfinance.Ticker.info,success,
AXON,Industrials,Aerospace & Defense,EQUITY,"Axon Enterprise, Inc.","Axon Enterprise, Inc.",yfinance.Ticker.info,success,
AXP,Financial Services,Credit Services,EQUITY,American Express Company,American Express Company,yfinance.Ticker.info,success,
AXTA,Basic Materials,Specialty Chemicals,EQUITY,Axalta Coating Systems Ltd.,Axalta Coating Systems Ltd.,yfinance.Ticker.info,success,
AYI,Industrials,Electrical Equipment & Parts,EQUITY,Acuity Inc.,Acuity Inc.,yfinance.Ticker.info,success,
AZN,Healthcare,Drug Manufacturers - General,EQUITY,AstraZeneca PLC,AstraZeneca PLC,yfinance.Ticker.info,success,
AZO,Consumer Cyclical,Auto Parts,EQUITY,"AutoZone, Inc.","AutoZone, Inc.",yfinance.Ticker.info,success,
BA,Industrials,Aerospace & Defense,EQUITY,The Boeing Company,Boeing Company (The),yfinance.Ticker.info,success,
BABA,Consumer Cyclical,Internet Retail,EQUITY,Alibaba Group Holding Limited,Alibaba Group Holding Limited,yfinance.Ticker.info,success,
BAC,Financial Services,Banks - Diversified,EQUITY,Bank of America Corporation,Bank of America Corporation,yfinance.Ticker.info,success,
BAH,Industrials,Consulting Services,EQUITY,Booz Allen Hamilton Holding Corporation,Booz Allen Hamilton Holding Cor,yfinance.Ticker.info,success,
BALL,Consumer Cyclical,Packaging & Containers,EQUITY,Ball Corporation,Ball Corporation,yfinance.Ticker.info,success,
BAX,Healthcare,Medical Instruments & Supplies,EQUITY,Baxter International Inc.,Baxter International Inc.,yfinance.Ticker.info,success,
BBVA,Financial Services,Banks - Diversified,EQUITY,"Banco Bilbao Vizcaya Argentaria, S.A.",Banco Bilbao Vizcaya Argentaria,yfinance.Ticker.info,success,
BBWI,Consumer Cyclical,Specialty Retail,EQUITY,"Bath & Body Works, Inc.","Bath & Body Works, Inc.",yfinance.Ticker.info,success,
BBY,Consumer Cyclical,Specialty Retail,EQUITY,"Best Buy Co., Inc.","Best Buy Co., Inc.",yfinance.Ticker.info,success,
BC,Consumer Cyclical,Recreational Vehicles,EQUITY,Brunswick Corporation,Brunswick Corporation,yfinance.Ticker.info,success,
BCO,Industrials,Security & Protection Services,EQUITY,The Brink's Company,Brinks Company (The),yfinance.Ticker.info,success,
BDC,Technology,Communication Equipment,EQUITY,Belden Inc.,Belden Inc,yfinance.Ticker.info,success,
BDX,Healthcare,Medical Instruments & Supplies,EQUITY,"Becton, Dickinson and Company","Becton, Dickinson and Company",yfinance.Ticker.info,success,
BEN,Financial Services,Asset Management,EQUITY,"Franklin Resources, Inc.","Franklin Resources, Inc.",yfinance.Ticker.info,success,
BG,Consumer Defensive,Farm Products,EQUITY,Bunge Global SA,Bunge Limited,yfinance.Ticker.info,success,
BHF,Financial Services,Insurance - Life,EQUITY,"Brighthouse Financial, Inc.","Brighthouse Financial, Inc.",yfinance.Ticker.info,success,
BIDU,Communication Services,Internet Content & Information,EQUITY,"Baidu, Inc.","Baidu, Inc.",yfinance.Ticker.info,success,
BIIB,Healthcare,Drug Manufacturers - General,EQUITY,Biogen Inc.,Biogen Inc.,yfinance.Ticker.info,success,
BILL,Technology,Software - Application,EQUITY,"BILL Holdings, Inc.","BILL Holdings, Inc.",yfinance.Ticker.info,success,
BIO,Healthcare,Medical Devices,EQUITY,"Bio-Rad Laboratories, Inc.","Bio-Rad Laboratories, Inc.",yfinance.Ticker.info,success,
BJ,Consumer Defensive,Discount Stores,EQUITY,"BJ's Wholesale Club Holdings, Inc.","BJ's Wholesale Club Holdings, I",yfinance.Ticker.info,success,
BK,Financial Services,Banks - Diversified,EQUITY,The Bank of New York Mellon Corporation,The Bank of New York Mellon Cor,yfinance.Ticker.info,success,
BKH,Utilities,Utilities - Regulated Gas,EQUITY,Black Hills Corporation,Black Hills Corporation,yfinance.Ticker.info,success,
BKNG,Consumer Cyclical,Travel Services,EQUITY,Booking Holdings Inc.,Booking Holdings Inc. Common St,yfinance.Ticker.info,success,
BKR,Energy,Oil & Gas Equipment & Services,EQUITY,Baker Hughes Company,Baker Hughes Company,yfinance.Ticker.info,success,
BLD,Industrials,Engineering & Construction,EQUITY,TopBuild Corp.,TopBuild Corp.,yfinance.Ticker.info,success,
BLDR,Industrials,Building Products & Equipment,EQUITY,"Builders FirstSource, Inc.","Builders FirstSource, Inc.",yfinance.Ticker.info,success,
BLK,Financial Services,Asset Management,EQUITY,"BlackRock, Inc.","BlackRock, Inc.",yfinance.Ticker.info,success,
BLKB,Technology,Software - Application,EQUITY,"Blackbaud, Inc.","Blackbaud, Inc.",yfinance.Ticker.info,success,
BMRN,Healthcare,Biotechnology,EQUITY,BioMarin Pharmaceutical Inc.,BioMarin Pharmaceutical Inc.,yfinance.Ticker.info,success,
BMY,Healthcare,Drug Manufacturers - General,EQUITY,Bristol-Myers Squibb Company,Bristol-Myers Squibb Company,yfinance.Ticker.info,success,
BP,Energy,Oil & Gas Integrated,EQUITY,BP p.l.c.,BP p.l.c.,yfinance.Ticker.info,success,
BR,Technology,Information Technology Services,EQUITY,"Broadridge Financial Solutions, Inc.","Broadridge Financial Solutions,",yfinance.Ticker.info,success,
BRBR,Consumer Defensive,Packaged Foods,EQUITY,"BellRing Brands, Inc.","BellRing Brands, Inc.",yfinance.Ticker.info,success,
BRK-B,Financial Services,Insurance - Diversified,EQUITY,Berkshire Hathaway Inc.,Berkshire Hathaway Inc. New,yfinance.Ticker.info,success,
BRKR,Healthcare,Medical Devices,EQUITY,Bruker Corporation,Bruker Corporation,yfinance.Ticker.info,success,
BRO,Financial Services,Insurance Brokers,EQUITY,"Brown & Brown, Inc.","Brown & Brown, Inc.",yfinance.Ticker.info,success,
BROS,Consumer Cyclical,Restaurants,EQUITY,Dutch Bros Inc.,Dutch Bros Inc.,yfinance.Ticker.info,success,
BRX,Real Estate,REIT - Retail,EQUITY,Brixmor Property Group Inc.,Brixmor Property Group Inc.,yfinance.Ticker.info,success,
BSX,Healthcare,Medical Devices,EQUITY,Boston Scientific Corporation,Boston Scientific Corporation,yfinance.Ticker.info,success,
BSY,Technology,Software - Application,EQUITY,"Bentley Systems, Incorporated","Bentley Systems, Incorporated",yfinance.Ticker.info,success,
BUD,Consumer Defensive,Beverages - Brewers,EQUITY,Anheuser-Busch InBev SA/NV,Anheuser-Busch Inbev SA Sponsor,yfinance.Ticker.info,success,
BURL,Consumer Cyclical,Apparel Retail,EQUITY,"Burlington Stores, Inc.","Burlington Stores, Inc.",yfinance.Ticker.info,success,
BWA,Consumer Cyclical,Auto Parts,EQUITY,BorgWarner Inc.,BorgWarner Inc.,yfinance.Ticker.info,success,
BWXT,Industrials,Aerospace & Defense,EQUITY,"BWX Technologies, Inc.","BWX Technologies, Inc.",yfinance.Ticker.info,success,
BX,Financial Services,Asset Management,EQUITY,Blackstone Inc.,Blackstone Inc.,yfinance.Ticker.info,success,
BXP,Real Estate,REIT - Office,EQUITY,"BXP, Inc.","BXP, Inc.",yfinance.Ticker.info,success,
BYD,Consumer Cyclical,Resorts & Casinos,EQUITY,Boyd Gaming Corporation,Boyd Gaming Corporation,yfinance.Ticker.info,success,
C,Financial Services,Banks - Diversified,EQUITY,Citigroup Inc.,"Citigroup, Inc.",yfinance.Ticker.info,success,
CACI,Technology,Information Technology Services,EQUITY,CACI International Inc,"CACI International, Inc.",yfinance.Ticker.info,success,
CAG,Consumer Defensive,Packaged Foods,EQUITY,"Conagra Brands, Inc.","ConAgra Brands, Inc.",yfinance.Ticker.info,success,
CAH,Healthcare,Medical Distribution,EQUITY,"Cardinal Health, Inc.","Cardinal Health, Inc.",yfinance.Ticker.info,success,
CAR,Industrials,Rental & Leasing Services,EQUITY,"Avis Budget Group, Inc.","Avis Budget Group, Inc.",yfinance.Ticker.info,success,
CARR,Industrials,Building Products & Equipment,EQUITY,Carrier Global Corporation,Carrier Global Corporation,yfinance.Ticker.info,success,
CART,Consumer Cyclical,Internet Retail,EQUITY,Maplebear Inc.,Maplebear Inc.,yfinance.Ticker.info,success,
CASY,Consumer Cyclical,Specialty Retail,EQUITY,"Casey's General Stores, Inc.","Caseys General Stores, Inc.",yfinance.Ticker.info,success,
CAT,Industrials,Farm & Heavy Construction Machinery,EQUITY,Caterpillar Inc.,"Caterpillar, Inc.",yfinance.Ticker.info,success,
CAVA,Consumer Cyclical,Restaurants,EQUITY,"CAVA Group, Inc.","CAVA Group, Inc.",yfinance.Ticker.info,success,
CB,Financial Services,Insurance - Property & Casualty,EQUITY,Chubb Limited,Chubb Limited,yfinance.Ticker.info,success,
CBOE,Financial Services,Financial Data & Stock Exchanges,EQUITY,"Cboe Global Markets, Inc.","Cboe Global Markets, Inc.",yfinance.Ticker.info,success,
CBRE,Real Estate,Real Estate Services,EQUITY,"CBRE Group, Inc.",CBRE Group Inc,yfinance.Ticker.info,success,
CBSH,Financial Services,Banks - Regional,EQUITY,"Commerce Bancshares, Inc.","Commerce Bancshares, Inc.",yfinance.Ticker.info,success,
CBT,Basic Materials,Specialty Chemicals,EQUITY,Cabot Corporation,Cabot Corporation,yfinance.Ticker.info,success,
CCI,Real Estate,REIT - Specialty,EQUITY,Crown Castle Inc.,Crown Castle Inc.,yfinance.Ticker.info,success,
CCK,Consumer Cyclical,Packaging & Containers,EQUITY,"Crown Holdings, Inc.","Crown Holdings, Inc.",yfinance.Ticker.info,success,
CCL,Consumer Cyclical,Travel Services,EQUITY,Carnival Corporation Ltd.,Carnival Corporation Ltd.,yfinance.Ticker.info,success,
CDNS,Technology,Software - Application,EQUITY,"Cadence Design Systems, Inc.","Cadence Design Systems, Inc.",yfinance.Ticker.info,success,
CDP,Real Estate,REIT - Office,EQUITY,COPT Defense Properties,COPT Defense Properties,yfinance.Ticker.info,success,
CDW,Technology,Information Technology Services,EQUITY,CDW Corporation,CDW Corporation,yfinance.Ticker.info,success,
CEG,Utilities,Utilities - Independent Power Producers,EQUITY,Constellation Energy Corporation,Constellation Energy Corporatio,yfinance.Ticker.info,success,
CELH,Consumer Defensive,Beverages - Non-Alcoholic,EQUITY,"Celsius Holdings, Inc.","Celsius Holdings, Inc.",yfinance.Ticker.info,success,
CF,Basic Materials,Agricultural Inputs,EQUITY,"CF Industries Holdings, Inc.","CF Industries Holdings, Inc.",yfinance.Ticker.info,success,
CFG,Financial Services,Banks - Regional,EQUITY,"Citizens Financial Group, Inc.","Citizens Financial Group, Inc.",yfinance.Ticker.info,success,
CFR,Financial Services,Banks - Regional,EQUITY,"Cullen/Frost Bankers, Inc.","Cullen/Frost Bankers, Inc.",yfinance.Ticker.info,success,
CG,Financial Services,Asset Management,EQUITY,The Carlyle Group Inc.,The Carlyle Group Inc.,yfinance.Ticker.info,success,
CGNX,Technology,Scientific & Technical Instruments,EQUITY,Cognex Corporation,Cognex Corporation,yfinance.Ticker.info,success,
CHD,Consumer Defensive,Household & Personal Products,EQUITY,"Church & Dwight Co., Inc.","Church & Dwight Company, Inc.",yfinance.Ticker.info,success,
CHDN,Consumer Cyclical,Gambling,EQUITY,Churchill Downs Incorporated,"Churchill Downs, Incorporated",yfinance.Ticker.info,success,
CHE,Healthcare,Medical Care Facilities,EQUITY,Chemed Corporation,Chemed Corp,yfinance.Ticker.info,success,
CHH,Consumer Cyclical,Lodging,EQUITY,"Choice Hotels International, Inc.","Choice Hotels International, In",yfinance.Ticker.info,success,
CHRD,Energy,Oil & Gas E&P,EQUITY,Chord Energy Corporation,Chord Energy Corporation,yfinance.Ticker.info,success,
CHRW,Industrials,Integrated Freight & Logistics,EQUITY,"C.H. Robinson Worldwide, Inc.","C.H. Robinson Worldwide, Inc.",yfinance.Ticker.info,success,
CHTR,Communication Services,Telecom Services,EQUITY,"Charter Communications, Inc.","Charter Communications, Inc.",yfinance.Ticker.info,success,
CHWY,Consumer Cyclical,Internet Retail,EQUITY,"Chewy, Inc.","Chewy, Inc.",yfinance.Ticker.info,success,
CI,Healthcare,Healthcare Plans,EQUITY,The Cigna Group,The Cigna Group,yfinance.Ticker.info,success,
CIEN,Technology,Communication Equipment,EQUITY,Ciena Corporation,Ciena Corporation,yfinance.Ticker.info,success,
CINF,Financial Services,Insurance - Property & Casualty,EQUITY,Cincinnati Financial Corporation,Cincinnati Financial Corporatio,yfinance.Ticker.info,success,
CL,Consumer Defensive,Household & Personal Products,EQUITY,Colgate-Palmolive Company,Colgate-Palmolive Company,yfinance.Ticker.info,success,
CLF,Basic Materials,Steel,EQUITY,Cleveland-Cliffs Inc.,Cleveland-Cliffs Inc.,yfinance.Ticker.info,success,
CLH,Industrials,Waste Management,EQUITY,"Clean Harbors, Inc.","Clean Harbors, Inc.",yfinance.Ticker.info,success,
CLX,Consumer Defensive,Household & Personal Products,EQUITY,The Clorox Company,Clorox Company (The),yfinance.Ticker.info,success,
CMC,Industrials,Metal Fabrication,EQUITY,Commercial Metals Company,Commercial Metals Company,yfinance.Ticker.info,success,
CMCSA,Communication Services,Telecom Services,EQUITY,Comcast Corporation,Comcast Corporation,yfinance.Ticker.info,success,
CME,Financial Services,Financial Data & Stock Exchanges,EQUITY,CME Group Inc.,CME Group Inc.,yfinance.Ticker.info,success,
CMG,Consumer Cyclical,Restaurants,EQUITY,"Chipotle Mexican Grill, Inc.","Chipotle Mexican Grill, Inc.",yfinance.Ticker.info,success,
CMI,Industrials,Specialty Industrial Machinery,EQUITY,Cummins Inc.,Cummins Inc.,yfinance.Ticker.info,success,
CMS,Utilities,Utilities - Regulated Electric,EQUITY,CMS Energy Corporation,CMS Energy Corporation,yfinance.Ticker.info,success,
CNC,Healthcare,Healthcare Plans,EQUITY,Centene Corporation,Centene Corporation,yfinance.Ticker.info,success,
CNH,Industrials,Farm & Heavy Construction Machinery,EQUITY,CNH Industrial N.V.,CNH Industrial N.V.,yfinance.Ticker.info,success,
CNM,Industrials,Industrial Distribution,EQUITY,"Core & Main, Inc.","Core & Main, Inc.",yfinance.Ticker.info,success,
CNO,Financial Services,Insurance - Life,EQUITY,"CNO Financial Group, Inc.","CNO Financial Group, Inc.",yfinance.Ticker.info,success,
CNP,Utilities,Utilities - Regulated Electric,EQUITY,"CenterPoint Energy, Inc.","CenterPoint Energy, Inc (Holdin",yfinance.Ticker.info,success,
CNX,Energy,Oil & Gas E&P,EQUITY,CNX Resources Corporation,CNX Resources Corporation,yfinance.Ticker.info,success,
CNXC,Technology,Information Technology Services,EQUITY,Concentrix Corporation,Concentrix Corporation,yfinance.Ticker.info,success,
COF,Financial Services,Credit Services,EQUITY,Capital One Financial Corporation,Capital One Financial Corporati,yfinance.Ticker.info,success,
COHR,Technology,Scientific & Technical Instruments,EQUITY,Coherent Corp.,Coherent Corp.,yfinance.Ticker.info,success,
COIN,Financial Services,Financial Data & Stock Exchanges,EQUITY,"Coinbase Global, Inc.","Coinbase Global, Inc.",yfinance.Ticker.info,success,
COKE,Consumer Defensive,Beverages - Non-Alcoholic,EQUITY,"Coca-Cola Consolidated, Inc.","Coca-Cola Consolidated, Inc.",yfinance.Ticker.info,success,
COLB,Financial Services,Banks - Regional,EQUITY,"Columbia Banking System, Inc.","Columbia Banking System, Inc.",yfinance.Ticker.info,success,
COLM,Consumer Cyclical,Apparel Manufacturing,EQUITY,Columbia Sportswear Company,Columbia Sportswear Company,yfinance.Ticker.info,success,
COO,Healthcare,Medical Instruments & Supplies,EQUITY,"The Cooper Companies, Inc.","The Cooper Companies, Inc.",yfinance.Ticker.info,success,
COP,Energy,Oil & Gas E&P,EQUITY,ConocoPhillips,ConocoPhillips,yfinance.Ticker.info,success,
COR,Healthcare,Medical Distribution,EQUITY,"Cencora, Inc.","Cencora, Inc.",yfinance.Ticker.info,success,
COST,Consumer Defensive,Discount Stores,EQUITY,Costco Wholesale Corporation,Costco Wholesale Corporation,yfinance.Ticker.info,success,
COTY,Consumer Defensive,Household & Personal Products,EQUITY,Coty Inc.,Coty Inc.,yfinance.Ticker.info,success,
CPAY,Technology,Software - Infrastructure,EQUITY,"Corpay, Inc.","Corpay, Inc.",yfinance.Ticker.info,success,
CPB,Consumer Defensive,Packaged Foods,EQUITY,The Campbell's Company,The Campbell's Company,yfinance.Ticker.info,success,
CPRI,Consumer Cyclical,Luxury Goods,EQUITY,Capri Holdings Limited,Capri Holdings Limited,yfinance.Ticker.info,success,
CPRT,Industrials,Specialty Business Services,EQUITY,"Copart, Inc.","Copart, Inc.",yfinance.Ticker.info,success,
CPT,Real Estate,REIT - Residential,EQUITY,Camden Property Trust,Camden Property Trust,yfinance.Ticker.info,success,
CR,Industrials,Specialty Industrial Machinery,EQUITY,Crane Company,Crane Company,yfinance.Ticker.info,success,
CRBG,Financial Services,Asset Management,EQUITY,"Corebridge Financial, Inc.",Corebridge Financial Inc.,yfinance.Ticker.info,success,
CRH,Basic Materials,Building Materials,EQUITY,CRH plc,CRH PLC,yfinance.Ticker.info,success,
CRL,Healthcare,Diagnostics & Research,EQUITY,"Charles River Laboratories International, Inc.",Charles River Laboratories Inte,yfinance.Ticker.info,success,
CRM,Technology,Software - Application,EQUITY,"Salesforce, Inc.","Salesforce, Inc.",yfinance.Ticker.info,success,
CROX,Consumer Cyclical,Footwear & Accessories,EQUITY,"Crocs, Inc.","Crocs, Inc.",yfinance.Ticker.info,success,
CRS,Industrials,Metal Fabrication,EQUITY,Carpenter Technology Corporation,Carpenter Technology Corporatio,yfinance.Ticker.info,success,
CRUS,Technology,Semiconductors,EQUITY,"Cirrus Logic, Inc.","Cirrus Logic, Inc.",yfinance.Ticker.info,success,
CRWD,Technology,Software - Infrastructure,EQUITY,"CrowdStrike Holdings, Inc.","CrowdStrike Holdings, Inc.",yfinance.Ticker.info,success,
CSCO,Technology,Communication Equipment,EQUITY,"Cisco Systems, Inc.","Cisco Systems, Inc.",yfinance.Ticker.info,success,
CSGP,Real Estate,Real Estate Services,EQUITY,"CoStar Group, Inc.","CoStar Group, Inc.",yfinance.Ticker.info,success,
CSL,Industrials,Building Products & Equipment,EQUITY,Carlisle Companies Incorporated,Carlisle Companies Incorporated,yfinance.Ticker.info,success,
CSX,Industrials,Railroads,EQUITY,CSX Corporation,CSX Corporation,yfinance.Ticker.info,success,
CTAS,Industrials,Specialty Business Services,EQUITY,Cintas Corporation,Cintas Corporation,yfinance.Ticker.info,success,
CTRA,Energy,Oil & Gas E&P,EQUITY,Coterra Energy Inc.,Coterra Energy Inc.,yfinance.Ticker.info,success,
CTSH,Technology,Information Technology Services,EQUITY,Cognizant Technology Solutions Corporation,Cognizant Technology Solutions ,yfinance.Ticker.info,success,
CTVA,Basic Materials,Agricultural Inputs,EQUITY,"Corteva, Inc.","Corteva, Inc.",yfinance.Ticker.info,success,
CUBE,Real Estate,REIT - Industrial,EQUITY,CubeSmart,CubeSmart,yfinance.Ticker.info,success,
CUZ,Real Estate,REIT - Office,EQUITY,Cousins Properties Incorporated,Cousins Properties Incorporated,yfinance.Ticker.info,success,
CVLT,Technology,Software - Application,EQUITY,"Commvault Systems, Inc.","Commvault Systems, Inc.",yfinance.Ticker.info,success,
CVNA,Consumer Cyclical,Auto & Truck Dealerships,EQUITY,Carvana Co.,Carvana Co.,yfinance.Ticker.info,success,
CVS,Healthcare,Healthcare Plans,EQUITY,CVS Health Corporation,CVS Health Corporation,yfinance.Ticker.info,success,
CVX,Energy,Oil & Gas Integrated,EQUITY,Chevron Corporation,Chevron Corporation,yfinance.Ticker.info,success,
CW,Industrials,Aerospace & Defense,EQUITY,Curtiss-Wright Corporation,Curtiss-Wright Corporation,yfinance.Ticker.info,success,
CXT,Industrials,Specialty Industrial Machinery,EQUITY,"Crane NXT, Co.","Crane NXT, Co.",yfinance.Ticker.info,success,
CYTK,Healthcare,Biotechnology,EQUITY,"Cytokinetics, Incorporated","Cytokinetics, Incorporated",yfinance.Ticker.info,success,
D,Utilities,Utilities - Regulated Electric,EQUITY,"Dominion Energy, Inc.","Dominion Energy, Inc.",yfinance.Ticker.info,success,
DAL,Industrials,Airlines,EQUITY,"Delta Air Lines, Inc.","Delta Air Lines, Inc.",yfinance.Ticker.info,success,
DAR,Consumer Defensive,Packaged Foods,EQUITY,Darling Ingredients Inc.,Darling Ingredients Inc.,yfinance.Ticker.info,success,
DASH,Consumer Cyclical,Internet Retail,EQUITY,"DoorDash, Inc.","DoorDash, Inc.",yfinance.Ticker.info,success,
DBX,Technology,Software - Infrastructure,EQUITY,"Dropbox, Inc.","Dropbox, Inc.",yfinance.Ticker.info,success,
DCI,Industrials,Specialty Industrial Machinery,EQUITY,"Donaldson Company, Inc.","Donaldson Company, Inc.",yfinance.Ticker.info,success,
DD,Basic Materials,Specialty Chemicals,EQUITY,"DuPont de Nemours, Inc.","DuPont de Nemours, Inc.",yfinance.Ticker.info,success,
DDOG,Technology,Software - Application,EQUITY,"Datadog, Inc.","Datadog, Inc.",yfinance.Ticker.info,success,
DE,Industrials,Farm & Heavy Construction Machinery,EQUITY,Deere & Company,Deere & Company,yfinance.Ticker.info,success,
DECK,Consumer Cyclical,Footwear & Accessories,EQUITY,Deckers Outdoor Corporation,Deckers Outdoor Corporation,yfinance.Ticker.info,success,
DELL,Technology,Computer Hardware,EQUITY,Dell Technologies Inc.,Dell Technologies Inc.,yfinance.Ticker.info,success,
DG,Consumer Defensive,Discount Stores,EQUITY,Dollar General Corporation,Dollar General Corporation,yfinance.Ticker.info,success,
DGX,Healthcare,Diagnostics & Research,EQUITY,Quest Diagnostics Incorporated,Quest Diagnostics Incorporated,yfinance.Ticker.info,success,
DHI,Consumer Cyclical,Residential Construction,EQUITY,"D.R. Horton, Inc.","D.R. Horton, Inc.",yfinance.Ticker.info,success,
DHR,Healthcare,Diagnostics & Research,EQUITY,Danaher Corporation,Danaher Corporation,yfinance.Ticker.info,success,
DINO,Energy,Oil & Gas Refining & Marketing,EQUITY,HF Sinclair Corporation,HF Sinclair Corporation,yfinance.Ticker.info,success,
DIS,Communication Services,Entertainment,EQUITY,The Walt Disney Company,Walt Disney Company (The),yfinance.Ticker.info,success,
DKS,Consumer Cyclical,Specialty Retail,EQUITY,"DICK'S Sporting Goods, Inc.",Dick's Sporting Goods Inc,yfinance.Ticker.info,success,
DLB,Industrials,Specialty Business Services,EQUITY,"Dolby Laboratories, Inc.",Dolby Laboratories,yfinance.Ticker.info,success,
DLR,Real Estate,REIT - Specialty,EQUITY,"Digital Realty Trust, Inc.","Digital Realty Trust, Inc.",yfinance.Ticker.info,success,
DLTR,Consumer Defensive,Discount Stores,EQUITY,"Dollar Tree, Inc.","Dollar Tree, Inc.",yfinance.Ticker.info,success,
DOC,Real Estate,REIT - Healthcare Facilities,EQUITY,"Healthpeak Properties, Inc.","Healthpeak Properties, Inc.",yfinance.Ticker.info,success,
DOCS,Healthcare,Health Information Services,EQUITY,"Doximity, Inc.","Doximity, Inc.",yfinance.Ticker.info,success,
DOCU,Technology,Software - Application,EQUITY,"DocuSign, Inc.","DocuSign, Inc.",yfinance.Ticker.info,success,
DOV,Industrials,Specialty Industrial Machinery,EQUITY,Dover Corporation,Dover Corporation,yfinance.Ticker.info,success,
DOW,Basic Materials,Chemicals,EQUITY,Dow Inc.,Dow Inc.,yfinance.Ticker.info,success,
DPZ,Consumer Cyclical,Restaurants,EQUITY,"Domino's Pizza, Inc.",Domino's Pizza Inc,yfinance.Ticker.info,success,
DRI,Consumer Cyclical,Restaurants,EQUITY,"Darden Restaurants, Inc.","Darden Restaurants, Inc.",yfinance.Ticker.info,success,
DT,Technology,Software - Application,EQUITY,"Dynatrace, Inc.","Dynatrace, Inc.",yfinance.Ticker.info,success,
DTE,Utilities,Utilities - Regulated Electric,EQUITY,DTE Energy Company,DTE Energy Company,yfinance.Ticker.info,success,
DTM,Energy,Oil & Gas Midstream,EQUITY,"DT Midstream, Inc.","DT Midstream, Inc.",yfinance.Ticker.info,success,
DUK,Utilities,Utilities - Regulated Electric,EQUITY,Duke Energy Corporation,Duke Energy Corporation (Holdin,yfinance.Ticker.info,success,
DUOL,Technology,Software - Application,EQUITY,"Duolingo, Inc.","Duolingo, Inc.",yfinance.Ticker.info,success,
DVA,Healthcare,Medical Care Facilities,EQUITY,DaVita Inc.,DaVita Inc.,yfinance.Ticker.info,success,
DVN,Energy,Oil & Gas E&P,EQUITY,Devon Energy Corporation,Devon Energy Corporation,yfinance.Ticker.info,success,
DXCM,Healthcare,Medical Devices,EQUITY,"DexCom, Inc.","DexCom, Inc.",yfinance.Ticker.info,success,
DY,Industrials,Engineering & Construction,EQUITY,"Dycom Industries, Inc.","Dycom Industries, Inc.",yfinance.Ticker.info,success,
E,Energy,Oil & Gas Integrated,EQUITY,Eni S.p.A.,ENI S.p.A.,yfinance.Ticker.info,success,
EA,Communication Services,Electronic Gaming & Multimedia,EQUITY,Electronic Arts Inc.,Electronic Arts Inc.,yfinance.Ticker.info,success,
EBAY,Consumer Cyclical,Internet Retail,EQUITY,eBay Inc.,eBay Inc.,yfinance.Ticker.info,success,
ECL,Basic Materials,Specialty Chemicals,EQUITY,Ecolab Inc.,Ecolab Inc.,yfinance.Ticker.info,success,
ED,Utilities,Utilities - Regulated Electric,EQUITY,"Consolidated Edison, Inc.","Consolidated Edison, Inc.",yfinance.Ticker.info,success,
EEFT,Technology,Software - Infrastructure,EQUITY,"Euronet Worldwide, Inc.","Euronet Worldwide, Inc.",yfinance.Ticker.info,success,
EFX,Industrials,Consulting Services,EQUITY,Equifax Inc.,"Equifax, Inc.",yfinance.Ticker.info,success,
EG,Financial Services,Insurance - Reinsurance,EQUITY,"Everest Group, Ltd.","Everest Group, Ltd.",yfinance.Ticker.info,success,
EGP,Real Estate,REIT - Industrial,EQUITY,"EastGroup Properties, Inc.","EastGroup Properties, Inc.",yfinance.Ticker.info,success,
EHC,Healthcare,Medical Care Facilities,EQUITY,Encompass Health Corporation,Encompass Health Corporation,yfinance.Ticker.info,success,
EIX,Utilities,Utilities - Regulated Electric,EQUITY,Edison International,Edison International,yfinance.Ticker.info,success,
EL,Consumer Defensive,Household & Personal Products,EQUITY,The Estée Lauder Companies Inc.,"Estee Lauder Companies, Inc. (T",yfinance.Ticker.info,success,
ELAN,Healthcare,Drug Manufacturers - Specialty & Generic,EQUITY,Elanco Animal Health Incorporated,Elanco Animal Health Incorporat,yfinance.Ticker.info,success,
ELF,Consumer Defensive,Household & Personal Products,EQUITY,"e.l.f. Beauty, Inc.","e.l.f. Beauty, Inc.",yfinance.Ticker.info,success,
ELS,Real Estate,REIT - Residential,EQUITY,"Equity LifeStyle Properties, Inc.","Equity Lifestyle Properties, In",yfinance.Ticker.info,success,
ELV,Healthcare,Healthcare Plans,EQUITY,"Elevance Health, Inc.","Elevance Health, Inc.",yfinance.Ticker.info,success,
EME,Industrials,Engineering & Construction,EQUITY,"EMCOR Group, Inc.","EMCOR Group, Inc.",yfinance.Ticker.info,success,
EMR,Industrials,Specialty Industrial Machinery,EQUITY,Emerson Electric Co.,Emerson Electric Company,yfinance.Ticker.info,success,
ENS,Industrials,Electrical Equipment & Parts,EQUITY,EnerSys,EnerSys,yfinance.Ticker.info,success,
ENSG,Healthcare,Medical Care Facilities,EQUITY,"The Ensign Group, Inc.","The Ensign Group, Inc.",yfinance.Ticker.info,success,
ENTG,Technology,Semiconductor Equipment & Materials,EQUITY,"Entegris, Inc.","Entegris, Inc.",yfinance.Ticker.info,success,
EOG,Energy,Oil & Gas E&P,EQUITY,"EOG Resources, Inc.","EOG Resources, Inc.",yfinance.Ticker.info,success,
EPAM,Technology,Information Technology Services,EQUITY,"EPAM Systems, Inc.","EPAM Systems, Inc.",yfinance.Ticker.info,success,
EPR,Real Estate,REIT - Specialty,EQUITY,EPR Properties,EPR Properties,yfinance.Ticker.info,success,
EQH,Financial Services,Asset Management,EQUITY,"Equitable Holdings, Inc.","Equitable Holdings, Inc.",yfinance.Ticker.info,success,
EQIX,Real Estate,REIT - Specialty,EQUITY,"Equinix, Inc.","Equinix, Inc.",yfinance.Ticker.info,success,
EQNR,Energy,Oil & Gas Integrated,EQUITY,Equinor ASA,Equinor ASA,yfinance.Ticker.info,success,
EQR,Real Estate,REIT - Residential,EQUITY,Equity Residential,Equity Residential,yfinance.Ticker.info,success,
EQT,Energy,Oil & Gas E&P,EQUITY,EQT Corporation,EQT Corporation,yfinance.Ticker.info,success,
ERIC,Technology,Communication Equipment,EQUITY,Telefonaktiebolaget LM Ericsson (publ),Ericsson,yfinance.Ticker.info,success,
ERIE,Financial Services,Insurance Brokers,EQUITY,Erie Indemnity Company,Erie Indemnity Company,yfinance.Ticker.info,success,
ES,Utilities,Utilities - Regulated Electric,EQUITY,Eversource Energy,Eversource Energy (D/B/A),yfinance.Ticker.info,success,
ESAB,Industrials,Metal Fabrication,EQUITY,ESAB Corporation,ESAB Corporation,yfinance.Ticker.info,success,
ESNT,Financial Services,Insurance - Specialty,EQUITY,Essent Group Ltd.,Essent Group Ltd.,yfinance.Ticker.info,success,
ESS,Real Estate,REIT - Residential,EQUITY,"Essex Property Trust, Inc.","Essex Property Trust, Inc.",yfinance.Ticker.info,success,
ETN,Industrials,Specialty Industrial Machinery,EQUITY,Eaton Corporation plc,"Eaton Corporation, PLC",yfinance.Ticker.info,success,
ETR,Utilities,Utilities - Regulated Electric,EQUITY,Entergy Corporation,Entergy Corporation,yfinance.Ticker.info,success,
EVR,Financial Services,Capital Markets,EQUITY,Evercore Inc.,Evercore Inc.,yfinance.Ticker.info,success,
EVRG,Utilities,Utilities - Regulated Electric,EQUITY,"Evergy, Inc.","Evergy, Inc.",yfinance.Ticker.info,success,
EW,Healthcare,Medical Devices,EQUITY,Edwards Lifesciences Corporation,Edwards Lifesciences Corporatio,yfinance.Ticker.info,success,
EWBC,Financial Services,Banks - Regional,EQUITY,"East West Bancorp, Inc.","East West Bancorp, Inc.",yfinance.Ticker.info,success,
EXC,Utilities,Utilities - Regulated Electric,EQUITY,Exelon Corporation,Exelon Corporation,yfinance.Ticker.info,success,
EXE,Energy,Oil & Gas E&P,EQUITY,Expand Energy Corporation,Expand Energy Corporation,yfinance.Ticker.info,success,
EXEL,Healthcare,Biotechnology,EQUITY,"Exelixis, Inc.","Exelixis, Inc.",yfinance.Ticker.info,success,
EXLS,Technology,Information Technology Services,EQUITY,"ExlService Holdings, Inc.","ExlService Holdings, Inc.",yfinance.Ticker.info,success,
EXP,Basic Materials,Building Materials,EQUITY,Eagle Materials Inc.,Eagle Materials Inc,yfinance.Ticker.info,success,
EXPD,Industrials,Integrated Freight & Logistics,EQUITY,"Expeditors International of Washington, Inc.",Expeditors International of Was,yfinance.Ticker.info,success,
EXPE,Consumer Cyclical,Travel Services,EQUITY,"Expedia Group, Inc.","Expedia Group, Inc.",yfinance.Ticker.info,success,
EXPO,Industrials,Engineering & Construction,EQUITY,"Exponent, Inc.","Exponent, Inc.",yfinance.Ticker.info,success,
EXR,Real Estate,REIT - Industrial,EQUITY,Extra Space Storage Inc.,Extra Space Storage Inc,yfinance.Ticker.info,success,
F,Consumer Cyclical,Auto Manufacturers,EQUITY,Ford Motor Company,Ford Motor Company,yfinance.Ticker.info,success,
FAF,Financial Services,Insurance - Specialty,EQUITY,First American Financial Corporation,First American Corporation (New,yfinance.Ticker.info,success,
FANG,Energy,Oil & Gas E&P,EQUITY,"Diamondback Energy, Inc.","Diamondback Energy, Inc.",yfinance.Ticker.info,success,
FAST,Industrials,Industrial Distribution,EQUITY,Fastenal Company,Fastenal Company,yfinance.Ticker.info,success,
FBIN,Industrials,Building Products & Equipment,EQUITY,"Fortune Brands Innovations, Inc.","Fortune Brands Innovations, Inc",yfinance.Ticker.info,success,
FCFS,Financial Services,Credit Services,EQUITY,"FirstCash Holdings, Inc.","FirstCash Holdings, Inc.",yfinance.Ticker.info,success,
FCN,Industrials,Consulting Services,EQUITY,"FTI Consulting, Inc.","FTI Consulting, Inc.",yfinance.Ticker.info,success,
FCX,Basic Materials,Copper,EQUITY,Freeport-McMoRan Inc.,"Freeport-McMoRan, Inc.",yfinance.Ticker.info,success,
FDS,Financial Services,Financial Data & Stock Exchanges,EQUITY,FactSet Research Systems Inc.,FactSet Research Systems Inc.,yfinance.Ticker.info,success,
FDX,Industrials,Integrated Freight & Logistics,EQUITY,FedEx Corporation,FedEx Corporation,yfinance.Ticker.info,success,
FE,Utilities,Utilities - Regulated Electric,EQUITY,FirstEnergy Corp.,FirstEnergy Corp.,yfinance.Ticker.info,success,
FFIN,Financial Services,Banks - Regional,EQUITY,"First Financial Bankshares, Inc.","First Financial Bankshares, Inc",yfinance.Ticker.info,success,
FFIV,Technology,Software - Infrastructure,EQUITY,"F5, Inc.","F5, Inc.",yfinance.Ticker.info,success,
FHI,Financial Services,Asset Management,EQUITY,"Federated Hermes, Inc.","Federated Hermes, Inc.",yfinance.Ticker.info,success,
FHN,Financial Services,Banks - Regional,EQUITY,First Horizon Corporation,First Horizon Corporation,yfinance.Ticker.info,success,
FICO,Technology,Software - Application,EQUITY,Fair Isaac Corporation,Fair Isaac Corporation,yfinance.Ticker.info,success,
FIS,Technology,Information Technology Services,EQUITY,"Fidelity National Information Services, Inc.",Fidelity National Information S,yfinance.Ticker.info,success,
FISV,Unknown,Unknown,EQUITY,"Fiserv, Inc.","Fiserv, Inc.",yfinance.Ticker.info,success,
FITB,Financial Services,Banks - Regional,EQUITY,Fifth Third Bancorp,Fifth Third Bancorp,yfinance.Ticker.info,success,
FIVE,Consumer Cyclical,Specialty Retail,EQUITY,"Five Below, Inc.","Five Below, Inc.",yfinance.Ticker.info,success,
FIX,Industrials,Engineering & Construction,EQUITY,"Comfort Systems USA, Inc.","Comfort Systems USA, Inc.",yfinance.Ticker.info,success,
FLEX,Technology,Electronic Components,EQUITY,Flex Ltd.,Flex Ltd.,yfinance.Ticker.info,success,
FLG,Financial Services,Banks - Regional,EQUITY,"Flagstar Bank, National Association","Flagstar Bank, N.A.",yfinance.Ticker.info,success,
FLO,Consumer Defensive,Packaged Foods,EQUITY,"Flowers Foods, Inc.","Flowers Foods, Inc.",yfinance.Ticker.info,success,
FLR,Industrials,Engineering & Construction,EQUITY,Fluor Corporation,Fluor Corporation,yfinance.Ticker.info,success,
FLS,Industrials,Specialty Industrial Machinery,EQUITY,Flowserve Corporation,Flowserve Corporation,yfinance.Ticker.info,success,
FN,Technology,Electronic Components,EQUITY,Fabrinet,Fabrinet,yfinance.Ticker.info,success,
FNB,Financial Services,Banks - Regional,EQUITY,F.N.B. Corporation,F.N.B. Corporation,yfinance.Ticker.info,success,
FND,Consumer Cyclical,Home Improvement Retail,EQUITY,"Floor & Decor Holdings, Inc.","Floor & Decor Holdings, Inc.",yfinance.Ticker.info,success,
FNF,Financial Services,Insurance - Specialty,EQUITY,"Fidelity National Financial, Inc.","Fidelity National Financial, In",yfinance.Ticker.info,success,
FOUR,Technology,Software - Infrastructure,EQUITY,"Shift4 Payments, Inc.","Shift4 Payments, Inc.",yfinance.Ticker.info,success,
FOX,Communication Services,Entertainment,EQUITY,Fox Corporation,Fox Corporation,yfinance.Ticker.info,success,
FOXA,Communication Services,Entertainment,EQUITY,Fox Corporation,Fox Corporation,yfinance.Ticker.info,success,
FR,Real Estate,REIT - Industrial,EQUITY,"First Industrial Realty Trust, Inc.","First Industrial Realty Trust, ",yfinance.Ticker.info,success,
FRT,Real Estate,REIT - Retail,EQUITY,Federal Realty Investment Trust,Federal Realty Investment Trust,yfinance.Ticker.info,success,
FSLR,Technology,Solar,EQUITY,"First Solar, Inc.","First Solar, Inc.",yfinance.Ticker.info,success,
FTI,Energy,Oil & Gas Equipment & Services,EQUITY,TechnipFMC plc,TechnipFMC plc,yfinance.Ticker.info,success,
FTNT,Technology,Software - Infrastructure,EQUITY,"Fortinet, Inc.","Fortinet, Inc.",yfinance.Ticker.info,success,
FTV,Technology,Scientific & Technical Instruments,EQUITY,Fortive Corporation,Fortive Corporation,yfinance.Ticker.info,success,
G,Technology,Information Technology Services,EQUITY,Genpact Limited,Genpact Limited,yfinance.Ticker.info,success,
GAP,Consumer Cyclical,Apparel Retail,EQUITY,"The Gap, Inc.","Gap, Inc. (The)",yfinance.Ticker.info,success,
GATX,Industrials,Rental & Leasing Services,EQUITY,GATX Corporation,GATX Corporation,yfinance.Ticker.info,success,
GBCI,Financial Services,Banks - Regional,EQUITY,"Glacier Bancorp, Inc.","Glacier Bancorp, Inc.",yfinance.Ticker.info,success,
GD,Industrials,Aerospace & Defense,EQUITY,General Dynamics Corporation,General Dynamics Corporation,yfinance.Ticker.info,success,
GDDY,Technology,Software - Infrastructure,EQUITY,GoDaddy Inc.,GoDaddy Inc.,yfinance.Ticker.info,success,
GE,Industrials,Aerospace & Defense,EQUITY,GE Aerospace,GE Aerospace,yfinance.Ticker.info,success,
GEF,Consumer Cyclical,Packaging & Containers,EQUITY,"Greif, Inc.",Greif Inc.,yfinance.Ticker.info,success,
GEHC,Healthcare,Medical Devices,EQUITY,GE HealthCare Technologies Inc.,GE HealthCare Technologies Inc.,yfinance.Ticker.info,success,
GEN,Technology,Software - Infrastructure,EQUITY,Gen Digital Inc.,Gen Digital Inc.,yfinance.Ticker.info,success,
GGG,Industrials,Specialty Industrial Machinery,EQUITY,Graco Inc.,Graco Inc.,yfinance.Ticker.info,success,
GHC,Consumer Defensive,Education & Training Services,EQUITY,Graham Holdings Company,Graham Holdings Company,yfinance.Ticker.info,success,
GILD,Healthcare,Drug Manufacturers - General,EQUITY,"Gilead Sciences, Inc.","Gilead Sciences, Inc.",yfinance.Ticker.info,success,
GIS,Consumer Defensive,Packaged Foods,EQUITY,"General Mills, Inc.","General Mills, Inc.",yfinance.Ticker.info,success,
GL,Financial Services,Insurance - Life,EQUITY,Globe Life Inc.,Globe Life Inc.,yfinance.Ticker.info,success,
GLPI,Real Estate,REIT - Specialty,EQUITY,"Gaming and Leisure Properties, Inc.","Gaming and Leisure Properties, ",yfinance.Ticker.info,success,
GLW,Technology,Electronic Components,EQUITY,Corning Incorporated,Corning Incorporated,yfinance.Ticker.info,success,
GM,Consumer Cyclical,Auto Manufacturers,EQUITY,General Motors Company,General Motors Company,yfinance.Ticker.info,success,
GME,Consumer Cyclical,Specialty Retail,EQUITY,GameStop Corp.,GameStop Corporation,yfinance.Ticker.info,success,
GMED,Healthcare,Medical Devices,EQUITY,"Globus Medical, Inc.","Globus Medical, Inc.",yfinance.Ticker.info,success,
GNRC,Industrials,Specialty Industrial Machinery,EQUITY,Generac Holdings Inc.,Generac Holdlings Inc.,yfinance.Ticker.info,success,
GNTX,Consumer Cyclical,Auto Parts,EQUITY,Gentex Corporation,Gentex Corporation,yfinance.Ticker.info,success,
GOOG,Communication Services,Internet Content & Information,EQUITY,Alphabet Inc.,Alphabet Inc.,yfinance.Ticker.info,success,
GOOGL,Communication Services,Internet Content & Information,EQUITY,Alphabet Inc.,Alphabet Inc.,yfinance.Ticker.info,success,
GPC,Consumer Cyclical,Auto Parts,EQUITY,Genuine Parts Company,Genuine Parts Company,yfinance.Ticker.info,success,
GPK,Consumer Cyclical,Packaging & Containers,EQUITY,Graphic Packaging Holding Company,Graphic Packaging Holding Compa,yfinance.Ticker.info,success,
GPN,Industrials,Specialty Business Services,EQUITY,Global Payments Inc.,Global Payments Inc.,yfinance.Ticker.info,success,
GRMN,Technology,Scientific & Technical Instruments,EQUITY,Garmin Ltd.,Garmin Ltd.,yfinance.Ticker.info,success,
GS,Financial Services,Capital Markets,EQUITY,"The Goldman Sachs Group, Inc.","Goldman Sachs Group, Inc. (The)",yfinance.Ticker.info,success,
GSK,Healthcare,Drug Manufacturers - General,EQUITY,GSK plc,GSK plc,yfinance.Ticker.info,success,
GT,Consumer Cyclical,Auto Parts,EQUITY,The Goodyear Tire & Rubber Company,The Goodyear Tire & Rubber Comp,yfinance.Ticker.info,success,
GTLS,Industrials,Specialty Industrial Machinery,EQUITY,"Chart Industries, Inc.","Chart Industries, Inc.",yfinance.Ticker.info,success,
GTM,Technology,Software - Application,EQUITY,ZoomInfo Technologies Inc.,ZoomInfo Technologies Inc.,yfinance.Ticker.info,success,
GWRE,Technology,Software - Application,EQUITY,"Guidewire Software, Inc.","Guidewire Software, Inc.",yfinance.Ticker.info,success,
GWW,Industrials,Industrial Distribution,EQUITY,"W.W. Grainger, Inc.","W.W. Grainger, Inc.",yfinance.Ticker.info,success,
GXO,Industrials,Integrated Freight & Logistics,EQUITY,"GXO Logistics, Inc.","GXO Logistics, Inc.",yfinance.Ticker.info,success,
H,Consumer Cyclical,Lodging,EQUITY,Hyatt Hotels Corporation,Hyatt Hotels Corporation,yfinance.Ticker.info,success,
HAE,Healthcare,Medical Devices,EQUITY,Haemonetics Corporation,Haemonetics Corporation,yfinance.Ticker.info,success,
HAL,Energy,Oil & Gas Equipment & Services,EQUITY,Halliburton Company,Halliburton Company,yfinance.Ticker.info,success,
HALO,Healthcare,Biotechnology,EQUITY,"Halozyme Therapeutics, Inc.","Halozyme Therapeutics, Inc.",yfinance.Ticker.info,success,
HAS,Consumer Cyclical,Leisure,EQUITY,"Hasbro, Inc.","Hasbro, Inc.",yfinance.Ticker.info,success,
HBAN,Financial Services,Banks - Regional,EQUITY,Huntington Bancshares Incorporated,Huntington Bancshares Incorpora,yfinance.Ticker.info,success,
HCA,Healthcare,Medical Care Facilities,EQUITY,"HCA Healthcare, Inc.","HCA Healthcare, Inc.",yfinance.Ticker.info,success,
HD,Consumer Cyclical,Home Improvement Retail,EQUITY,"The Home Depot, Inc.","Home Depot, Inc. (The)",yfinance.Ticker.info,success,
HGV,Consumer Cyclical,Resorts & Casinos,EQUITY,Hilton Grand Vacations Inc.,Hilton Grand Vacations Inc.,yfinance.Ticker.info,success,
HIG,Financial Services,Insurance - Diversified,EQUITY,"The Hartford Insurance Group, Inc.","The Hartford Insurance Group, I",yfinance.Ticker.info,success,
HII,Industrials,Aerospace & Defense,EQUITY,"Huntington Ingalls Industries, Inc.","Huntington Ingalls Industries, ",yfinance.Ticker.info,success,
HIMS,Healthcare,Drug Manufacturers - Specialty & Generic,EQUITY,"Hims & Hers Health, Inc.","Hims & Hers Health, Inc.",yfinance.Ticker.info,success,
HL,Basic Materials,Other Precious Metals & Mining,EQUITY,Hecla Mining Company,Hecla Mining Company,yfinance.Ticker.info,success,
HLI,Financial Services,Capital Markets,EQUITY,"Houlihan Lokey, Inc.","Houlihan Lokey, Inc.",yfinance.Ticker.info,success,
HLNE,Financial Services,Asset Management,EQUITY,Hamilton Lane Incorporated,Hamilton Lane Incorporated,yfinance.Ticker.info,success,
HLT,Consumer Cyclical,Lodging,EQUITY,Hilton Worldwide Holdings Inc.,Hilton Worldwide Holdings Inc.,yfinance.Ticker.info,success,
HMC,Consumer Cyclical,Auto Manufacturers,EQUITY,"Honda Motor Co., Ltd.","Honda Motor Company, Ltd.",yfinance.Ticker.info,success,
HOG,Consumer Cyclical,Recreational Vehicles,EQUITY,"Harley-Davidson, Inc.","Harley-Davidson, Inc.",yfinance.Ticker.info,success,
HOLX,Healthcare,Medical Instruments & Supplies,EQUITY,"Hologic, Inc.","Hologic, Inc.",yfinance.Ticker.info,success,
HOMB,Financial Services,Banks - Regional,EQUITY,"Home BancShares, Inc.","Home BancShares, Inc.",yfinance.Ticker.info,success,
HON,Industrials,Conglomerates,EQUITY,Honeywell International Inc.,Honeywell International Inc.,yfinance.Ticker.info,success,
HOOD,Financial Services,Capital Markets,EQUITY,"Robinhood Markets, Inc.","Robinhood Markets, Inc.",yfinance.Ticker.info,success,
HPE,Technology,Communication Equipment,EQUITY,Hewlett Packard Enterprise Company,Hewlett Packard Enterprise Comp,yfinance.Ticker.info,success,
HPQ,Technology,Computer Hardware,EQUITY,HP Inc.,HP Inc.,yfinance.Ticker.info,success,
HQY,Healthcare,Health Information Services,EQUITY,"HealthEquity, Inc.","HealthEquity, Inc.",yfinance.Ticker.info,success,
HR,Real Estate,REIT - Healthcare Facilities,EQUITY,Healthcare Realty Trust Incorporated,Healthcare Realty Trust Incorpo,yfinance.Ticker.info,success,
HRB,Consumer Cyclical,Personal Services,EQUITY,"H&R Block, Inc.","H&R Block, Inc.",yfinance.Ticker.info,success,
HRL,Consumer Defensive,Packaged Foods,EQUITY,Hormel Foods Corporation,Hormel Foods Corporation,yfinance.Ticker.info,success,
HSBC,Financial Services,Banks - Diversified,EQUITY,HSBC Holdings plc,"HSBC Holdings, plc.",yfinance.Ticker.info,success,
HSIC,Healthcare,Medical Distribution,EQUITY,"Henry Schein, Inc.","Henry Schein, Inc.",yfinance.Ticker.info,success,
HST,Real Estate,REIT - Hotel & Motel,EQUITY,"Host Hotels & Resorts, Inc.","Host Hotels & Resorts, Inc.",yfinance.Ticker.info,success,
HSY,Consumer Defensive,Confectioners,EQUITY,The Hershey Company,The Hershey Company,yfinance.Ticker.info,success,
HUBB,Industrials,Electrical Equipment & Parts,EQUITY,Hubbell Incorporated,Hubbell Inc,yfinance.Ticker.info,success,
HUM,Healthcare,Healthcare Plans,EQUITY,Humana Inc.,Humana Inc.,yfinance.Ticker.info,success,
HWC,Financial Services,Banks - Regional,EQUITY,Hancock Whitney Corporation,Hancock Whitney Corporation,yfinance.Ticker.info,success,
HWM,Industrials,Aerospace & Defense,EQUITY,Howmet Aerospace Inc.,Howmet Aerospace Inc.,yfinance.Ticker.info,success,
HXL,Industrials,Aerospace & Defense,EQUITY,Hexcel Corporation,Hexcel Corporation,yfinance.Ticker.info,success,
IBKR,Financial Services,Capital Markets,EQUITY,"Interactive Brokers Group, Inc.","Interactive Brokers Group, Inc.",yfinance.Ticker.info,success,
IBM,Technology,Information Technology Services,EQUITY,International Business Machines Corporation,International Business Machines,yfinance.Ticker.info,success,
IBOC,Financial Services,Banks - Regional,EQUITY,International Bancshares Corporation,International Bancshares Corpor,yfinance.Ticker.info,success,
ICE,Financial Services,Financial Data & Stock Exchanges,EQUITY,"Intercontinental Exchange, Inc.",Intercontinental Exchange Inc.,yfinance.Ticker.info,success,
IDA,Utilities,Utilities - Regulated Electric,EQUITY,"IDACORP, Inc.","IDACORP, Inc.",yfinance.Ticker.info,success,
IDXX,Healthcare,Diagnostics & Research,EQUITY,"IDEXX Laboratories, Inc.","IDEXX Laboratories, Inc.",yfinance.Ticker.info,success,
IEX,Industrials,Specialty Industrial Machinery,EQUITY,IDEX Corporation,IDEX Corporation,yfinance.Ticker.info,success,
IFF,Basic Materials,Specialty Chemicals,EQUITY,International Flavors & Fragrances Inc.,International Flavors & Fragran,yfinance.Ticker.info,success,
ILMN,Healthcare,Diagnostics & Research,EQUITY,"Illumina, Inc.","Illumina, Inc.",yfinance.Ticker.info,success,
INCY,Healthcare,Biotechnology,EQUITY,Incyte Corporation,Incyte Corporation,yfinance.Ticker.info,success,
INFY,Technology,Information Technology Services,EQUITY,Infosys Limited,Infosys Limited,yfinance.Ticker.info,success,
ING,Financial Services,Banks - Diversified,EQUITY,ING Groep N.V.,"ING Group, N.V.",yfinance.Ticker.info,success,
INGR,Consumer Defensive,Packaged Foods,EQUITY,Ingredion Incorporated,Ingredion Incorporated,yfinance.Ticker.info,success,
INTC,Technology,Semiconductors,EQUITY,Intel Corporation,Intel Corporation,yfinance.Ticker.info,success,
INTU,Technology,Software - Application,EQUITY,Intuit Inc.,Intuit Inc.,yfinance.Ticker.info,success,
INVH,Real Estate,REIT - Residential,EQUITY,Invitation Homes Inc.,Invitation Homes Inc.,yfinance.Ticker.info,success,
IP,Consumer Cyclical,Packaging & Containers,EQUITY,International Paper Company,International Paper Company,yfinance.Ticker.info,success,
IPGP,Technology,Semiconductor Equipment & Materials,EQUITY,IPG Photonics Corporation,IPG Photonics Corporation,yfinance.Ticker.info,success,
IQV,Healthcare,Diagnostics & Research,EQUITY,IQVIA Holdings Inc.,"IQVIA Holdings, Inc.",yfinance.Ticker.info,success,
IR,Industrials,Specialty Industrial Machinery,EQUITY,Ingersoll Rand Inc.,Ingersoll Rand Inc.,yfinance.Ticker.info,success,
IRM,Real Estate,REIT - Specialty,EQUITY,Iron Mountain Incorporated,Iron Mountain Incorporated (Del,yfinance.Ticker.info,success,
IRT,Real Estate,REIT - Residential,EQUITY,"Independence Realty Trust, Inc.","Independence Realty Trust, Inc.",yfinance.Ticker.info,success,
ISRG,Healthcare,Medical Instruments & Supplies,EQUITY,"Intuitive Surgical, Inc.","Intuitive Surgical, Inc.",yfinance.Ticker.info,success,
IT,Technology,Information Technology Services,EQUITY,"Gartner, Inc.","Gartner, Inc.",yfinance.Ticker.info,success,
ITT,Industrials,Specialty Industrial Machinery,EQUITY,ITT Inc.,ITT Inc.,yfinance.Ticker.info,success,
ITUB,Financial Services,Banks - Regional,EQUITY,Itaú Unibanco Holding S.A.,Itau Unibanco Banco Holding SA,yfinance.Ticker.info,success,
ITW,Industrials,Specialty Industrial Machinery,EQUITY,Illinois Tool Works Inc.,Illinois Tool Works Inc.,yfinance.Ticker.info,success,
IVZ,Financial Services,Asset Management,EQUITY,Invesco Ltd.,Invesco Ltd,yfinance.Ticker.info,success,
J,Industrials,Engineering & Construction,EQUITY,Jacobs Solutions Inc.,Jacobs Solutions Inc.,yfinance.Ticker.info,success,
JAZZ,Healthcare,Biotechnology,EQUITY,Jazz Pharmaceuticals plc,Jazz Pharmaceuticals plc,yfinance.Ticker.info,success,
JBHT,Industrials,Integrated Freight & Logistics,EQUITY,"J.B. Hunt Transport Services, Inc.","J.B. Hunt Transport Services, I",yfinance.Ticker.info,success,
JBL,Technology,Electronic Components,EQUITY,Jabil Inc.,Jabil Inc.,yfinance.Ticker.info,success,
JCI,Industrials,Building Products & Equipment,EQUITY,Johnson Controls International plc,Johnson Controls International ,yfinance.Ticker.info,success,
JD,Consumer Cyclical,Internet Retail,EQUITY,"JD.com, Inc.","JD.com, Inc.",yfinance.Ticker.info,success,
JEF,Financial Services,Capital Markets,EQUITY,Jefferies Financial Group Inc.,Jefferies Financial Group Inc.,yfinance.Ticker.info,success,
JHG,Financial Services,Asset Management,EQUITY,Janus Henderson Group plc,Janus Henderson Group plc,yfinance.Ticker.info,success,
JKHY,Technology,Information Technology Services,EQUITY,"Jack Henry & Associates, Inc.","Jack Henry & Associates, Inc.",yfinance.Ticker.info,success,
JLL,Real Estate,Real Estate Services,EQUITY,Jones Lang LaSalle Incorporated,Jones Lang LaSalle Incorporated,yfinance.Ticker.info,success,
JNJ,Healthcare,Drug Manufacturers - General,EQUITY,Johnson & Johnson,Johnson & Johnson,yfinance.Ticker.info,success,
JPM,Financial Services,Banks - Diversified,EQUITY,JPMorgan Chase & Co.,JP Morgan Chase & Co.,yfinance.Ticker.info,success,
KBH,Consumer Cyclical,Residential Construction,EQUITY,KB Home,KB Home,yfinance.Ticker.info,success,
KBR,Industrials,Engineering & Construction,EQUITY,"KBR, Inc.","KBR, Inc.",yfinance.Ticker.info,success,
KD,Technology,Information Technology Services,EQUITY,"Kyndryl Holdings, Inc.","Kyndryl Holdings, Inc.",yfinance.Ticker.info,success,
KDP,Consumer Defensive,Beverages - Non-Alcoholic,EQUITY,Keurig Dr Pepper Inc.,Keurig Dr Pepper Inc.,yfinance.Ticker.info,success,
KEX,Industrials,Marine Shipping,EQUITY,Kirby Corporation,Kirby Corporation,yfinance.Ticker.info,success,
KEY,Financial Services,Banks - Regional,EQUITY,KeyCorp,KeyCorp,yfinance.Ticker.info,success,
KEYS,Technology,Scientific & Technical Instruments,EQUITY,"Keysight Technologies, Inc.",Keysight Technologies Inc.,yfinance.Ticker.info,success,
KHC,Consumer Defensive,Packaged Foods,EQUITY,The Kraft Heinz Company,The Kraft Heinz Company,yfinance.Ticker.info,success,
KIM,Real Estate,REIT - Retail,EQUITY,Kimco Realty Corporation,Kimco Realty Corporation (HC),yfinance.Ticker.info,success,
KKR,Financial Services,Asset Management,EQUITY,KKR & Co. Inc.,KKR & Co. Inc.,yfinance.Ticker.info,success,
KLAC,Technology,Semiconductor Equipment & Materials,EQUITY,KLA Corporation,KLA Corporation,yfinance.Ticker.info,success,
KMB,Consumer Defensive,Household & Personal Products,EQUITY,Kimberly-Clark Corporation,Kimberly-Clark Corporation,yfinance.Ticker.info,success,
KMI,Energy,Oil & Gas Midstream,EQUITY,"Kinder Morgan, Inc.","Kinder Morgan, Inc.",yfinance.Ticker.info,success,
KMPR,Financial Services,Insurance - Property & Casualty,EQUITY,Kemper Corporation,Kemper Corporation,yfinance.Ticker.info,success,
KNF,Basic Materials,Building Materials,EQUITY,Knife River Corporation,Knife Riv Holding Co.,yfinance.Ticker.info,success,
KNSL,Financial Services,Insurance - Property & Casualty,EQUITY,"Kinsale Capital Group, Inc.","Kinsale Capital Group, Inc.",yfinance.Ticker.info,success,
KNX,Industrials,Trucking,EQUITY,Knight-Swift Transportation Holdings Inc.,Knight-Swift Transportation Hol,yfinance.Ticker.info,success,
KO,Consumer Defensive,Beverages - Non-Alcoholic,EQUITY,The Coca-Cola Company,Coca-Cola Company (The),yfinance.Ticker.info,success,
KR,Consumer Defensive,Grocery Stores,EQUITY,The Kroger Co.,Kroger Company (The),yfinance.Ticker.info,success,
KRC,Real Estate,REIT - Office,EQUITY,Kilroy Realty Corporation,Kilroy Realty Corporation,yfinance.Ticker.info,success,
KRG,Real Estate,REIT - Retail,EQUITY,Kite Realty Group Trust,Kite Realty Group Trust,yfinance.Ticker.info,success,
KTOS,Industrials,Aerospace & Defense,EQUITY,"Kratos Defense & Security Solutions, Inc.",Kratos Defense & Security Solut,yfinance.Ticker.info,success,
KVUE,Consumer Defensive,Household & Personal Products,EQUITY,Kenvue Inc.,Kenvue Inc.,yfinance.Ticker.info,success,
L,Financial Services,Insurance - Property & Casualty,EQUITY,Loews Corporation,Loews Corporation,yfinance.Ticker.info,success,
LAD,Consumer Cyclical,Auto & Truck Dealerships,EQUITY,"Lithia Motors, Inc.","Lithia Motors, Inc.",yfinance.Ticker.info,success,
LAMR,Real Estate,REIT - Specialty,EQUITY,Lamar Advertising Company,Lamar Advertising Company,yfinance.Ticker.info,success,
LDOS,Technology,Information Technology Services,EQUITY,"Leidos Holdings, Inc.","Leidos Holdings, Inc.",yfinance.Ticker.info,success,
LEA,Consumer Cyclical,Auto Parts,EQUITY,Lear Corporation,Lear Corporation,yfinance.Ticker.info,success,
LECO,Industrials,Tools & Accessories,EQUITY,"Lincoln Electric Holdings, Inc.","Lincoln Electric Holdings, Inc.",yfinance.Ticker.info,success,
LEN,Consumer Cyclical,Residential Construction,EQUITY,Lennar Corporation,Lennar Corporation,yfinance.Ticker.info,success,
LFUS,Technology,Electronic Components,EQUITY,"Littelfuse, Inc.","Littelfuse, Inc.",yfinance.Ticker.info,success,
LH,Healthcare,Diagnostics & Research,EQUITY,Labcorp Holdings Inc.,Labcorp Holdings Inc.,yfinance.Ticker.info,success,
LHX,Industrials,Aerospace & Defense,EQUITY,"L3Harris Technologies, Inc.","L3Harris Technologies, Inc.",yfinance.Ticker.info,success,
LII,Industrials,Building Products & Equipment,EQUITY,Lennox International Inc.,"Lennox International, Inc.",yfinance.Ticker.info,success,
LIN,Basic Materials,Specialty Chemicals,EQUITY,Linde plc,Linde plc,yfinance.Ticker.info,success,
LITE,Technology,Communication Equipment,EQUITY,Lumentum Holdings Inc.,Lumentum Holdings Inc.,yfinance.Ticker.info,success,
LIVN,Healthcare,Medical Devices,EQUITY,LivaNova PLC,LivaNova PLC,yfinance.Ticker.info,success,
LLY,Healthcare,Drug Manufacturers - General,EQUITY,Eli Lilly and Company,Eli Lilly and Company,yfinance.Ticker.info,success,
LMT,Industrials,Aerospace & Defense,EQUITY,Lockheed Martin Corporation,Lockheed Martin Corporation,yfinance.Ticker.info,success,
LNT,Utilities,Utilities - Regulated Electric,EQUITY,Alliant Energy Corporation,Alliant Energy Corporation,yfinance.Ticker.info,success,
LNTH,Healthcare,Drug Manufacturers - Specialty & Generic,EQUITY,"Lantheus Holdings, Inc.","Lantheus Holdings, Inc.",yfinance.Ticker.info,success,
LOPE,Consumer Defensive,Education & Training Services,EQUITY,"Grand Canyon Education, Inc.","Grand Canyon Education, Inc.",yfinance.Ticker.info,success,
LOW,Consumer Cyclical,Home Improvement Retail,EQUITY,"Lowe's Companies, Inc.","Lowe's Companies, Inc.",yfinance.Ticker.info,success,
LPX,Industrials,Building Products & Equipment,EQUITY,Louisiana-Pacific Corporation,Louisiana-Pacific Corporation,yfinance.Ticker.info,success,
LRCX,Technology,Semiconductor Equipment & Materials,EQUITY,Lam Research Corporation,Lam Research Corporation,yfinance.Ticker.info,success,
LRLCY,Consumer Defensive,Household & Personal Products,EQUITY,L'Oréal S.A.,L'Oreal Co.,yfinance.Ticker.info,success,
LSCC,Technology,Semiconductors,EQUITY,Lattice Semiconductor Corporation,Lattice Semiconductor Corporati,yfinance.Ticker.info,success,
LSTR,Industrials,Integrated Freight & Logistics,EQUITY,"Landstar System, Inc.","Landstar System, Inc.",yfinance.Ticker.info,success,
LULU,Consumer Cyclical,Apparel Retail,EQUITY,lululemon athletica inc.,lululemon athletica inc.,yfinance.Ticker.info,success,
LUV,Industrials,Airlines,EQUITY,Southwest Airlines Co.,Southwest Airlines Company,yfinance.Ticker.info,success,
LVMUY,Consumer Cyclical,Luxury Goods,EQUITY,"LVMH Moët Hennessy - Louis Vuitton, Société Européenne",LVMH-Moet Hennessy Louis Vuitto,yfinance.Ticker.info,success,
LVS,Consumer Cyclical,Resorts & Casinos,EQUITY,Las Vegas Sands Corp.,Las Vegas Sands Corp.,yfinance.Ticker.info,success,
LW,Consumer Defensive,Packaged Foods,EQUITY,"Lamb Weston Holdings, Inc.","Lamb Weston Holdings, Inc.",yfinance.Ticker.info,success,
LYB,Basic Materials,Specialty Chemicals,EQUITY,LyondellBasell Industries N.V.,LyondellBasell Industries NV,yfinance.Ticker.info,success,
LYV,Communication Services,Entertainment,EQUITY,"Live Nation Entertainment, Inc.","Live Nation Entertainment, Inc.",yfinance.Ticker.info,success,
M,Consumer Cyclical,Department Stores,EQUITY,"Macy's, Inc.",Macy's Inc,yfinance.Ticker.info,success,
MA,Financial Services,Credit Services,EQUITY,Mastercard Incorporated,Mastercard Incorporated,yfinance.Ticker.info,success,
MAA,Real Estate,REIT - Residential,EQUITY,"Mid-America Apartment Communities, Inc.",Mid-America Apartment Communiti,yfinance.Ticker.info,success,
MANH,Technology,Software - Application,EQUITY,"Manhattan Associates, Inc.","Manhattan Associates, Inc.",yfinance.Ticker.info,success,
MAR,Consumer Cyclical,Lodging,EQUITY,"Marriott International, Inc.",Marriott International,yfinance.Ticker.info,success,
MAS,Industrials,Building Products & Equipment,EQUITY,Masco Corporation,Masco Corporation,yfinance.Ticker.info,success,
MASI,Healthcare,Medical Devices,EQUITY,Masimo Corporation,Masimo Corporation,yfinance.Ticker.info,success,
MAT,Consumer Cyclical,Leisure,EQUITY,"Mattel, Inc.","Mattel, Inc.",yfinance.Ticker.info,success,
MCD,Consumer Cyclical,Restaurants,EQUITY,McDonald's Corporation,McDonald's Corporation,yfinance.Ticker.info,success,
MCHP,Technology,Semiconductors,EQUITY,Microchip Technology Incorporated,Microchip Technology Incorporat,yfinance.Ticker.info,success,
MCK,Healthcare,Medical Distribution,EQUITY,McKesson Corporation,McKesson Corporation,yfinance.Ticker.info,success,
MCO,Financial Services,Financial Data & Stock Exchanges,EQUITY,Moody's Corporation,Moody's Corporation,yfinance.Ticker.info,success,
MDLZ,Consumer Defensive,Confectioners,EQUITY,"Mondelez International, Inc.","Mondelez International, Inc.",yfinance.Ticker.info,success,
MDT,Healthcare,Medical Devices,EQUITY,Medtronic plc,Medtronic plc.,yfinance.Ticker.info,success,
MEDP,Healthcare,Diagnostics & Research,EQUITY,"Medpace Holdings, Inc.","Medpace Holdings, Inc.",yfinance.Ticker.info,success,
MET,Financial Services,Insurance - Life,EQUITY,"MetLife, Inc.","MetLife, Inc.",yfinance.Ticker.info,success,
META,Communication Services,Internet Content & Information,EQUITY,"Meta Platforms, Inc.","Meta Platforms, Inc.",yfinance.Ticker.info,success,
MGM,Consumer Cyclical,Resorts & Casinos,EQUITY,MGM Resorts International,MGM Resorts International,yfinance.Ticker.info,success,
MIDD,Industrials,Specialty Industrial Machinery,EQUITY,The Middleby Corporation,The Middleby Corporation,yfinance.Ticker.info,success,
MKC,Consumer Defensive,Packaged Foods,EQUITY,"McCormick & Company, Incorporated","McCormick & Company, Incorporat",yfinance.Ticker.info,success,
MKSI,Technology,Scientific & Technical Instruments,EQUITY,MKS Inc.,MKS Inc.,yfinance.Ticker.info,success,
MLI,Industrials,Metal Fabrication,EQUITY,"Mueller Industries, Inc.","Mueller Industries, Inc.",yfinance.Ticker.info,success,
MLM,Basic Materials,Building Materials,EQUITY,"Martin Marietta Materials, Inc.","Martin Marietta Materials, Inc.",yfinance.Ticker.info,success,
MMM,Industrials,Conglomerates,EQUITY,3M Company,3M Company,yfinance.Ticker.info,success,
MMS,Industrials,Specialty Business Services,EQUITY,"Maximus, Inc.","Maximus, Inc.",yfinance.Ticker.info,success,
MNST,Consumer Defensive,Beverages - Non-Alcoholic,EQUITY,Monster Beverage Corporation,Monster Beverage Corporation,yfinance.Ticker.info,success,
MO,Consumer Defensive,Tobacco,EQUITY,"Altria Group, Inc.","Altria Group, Inc.",yfinance.Ticker.info,success,
MOH,Healthcare,Healthcare Plans,EQUITY,"Molina Healthcare, Inc.",Molina Healthcare Inc,yfinance.Ticker.info,success,
MORN,Financial Services,Financial Data & Stock Exchanges,EQUITY,"Morningstar, Inc.","Morningstar, Inc.",yfinance.Ticker.info,success,
MOS,Basic Materials,Agricultural Inputs,EQUITY,The Mosaic Company,Mosaic Company (The),yfinance.Ticker.info,success,
MP,Basic Materials,Other Industrial Metals & Mining,EQUITY,MP Materials Corp.,MP Materials Corp.,yfinance.Ticker.info,success,
MPC,Energy,Oil & Gas Refining & Marketing,EQUITY,Marathon Petroleum Corporation,Marathon Petroleum Corporation,yfinance.Ticker.info,success,
MPWR,Technology,Semiconductors,EQUITY,"Monolithic Power Systems, Inc.","Monolithic Power Systems, Inc.",yfinance.Ticker.info,success,
MRK,Healthcare,Drug Manufacturers - General,EQUITY,"Merck & Co., Inc.","Merck & Company, Inc.",yfinance.Ticker.info,success,
MRNA,Healthcare,Biotechnology,EQUITY,"Moderna, Inc.","Moderna, Inc.",yfinance.Ticker.info,success,
MRSH,Financial Services,Insurance Brokers,EQUITY,"Marsh & McLennan Companies, Inc.",Marsh,yfinance.Ticker.info,success,
MS,Financial Services,Capital Markets,EQUITY,Morgan Stanley,Morgan Stanley,yfinance.Ticker.info,success,
MSA,Industrials,Security & Protection Services,EQUITY,MSA Safety Incorporated,MSA Safety Incorporated,yfinance.Ticker.info,success,
MSCI,Financial Services,Financial Data & Stock Exchanges,EQUITY,MSCI Inc.,MSCI Inc.,yfinance.Ticker.info,success,
MSFT,Technology,Software - Infrastructure,EQUITY,Microsoft Corporation,Microsoft Corporation,yfinance.Ticker.info,success,
MSI,Technology,Communication Equipment,EQUITY,"Motorola Solutions, Inc.","Motorola Solutions, Inc.",yfinance.Ticker.info,success,
MSM,Industrials,Industrial Distribution,EQUITY,"MSC Industrial Direct Co., Inc.","MSC Industrial Direct Company, ",yfinance.Ticker.info,success,
MTB,Financial Services,Banks - Regional,EQUITY,M&T Bank Corporation,M&T Bank Corporation,yfinance.Ticker.info,success,
MTCH,Communication Services,Internet Content & Information,EQUITY,"Match Group, Inc.","Match Group, Inc.",yfinance.Ticker.info,success,
MTD,Healthcare,Diagnostics & Research,EQUITY,Mettler-Toledo International Inc.,"Mettler-Toledo International, I",yfinance.Ticker.info,success,
MTDR,Energy,Oil & Gas E&P,EQUITY,Matador Resources Company,Matador Resources Company,yfinance.Ticker.info,success,
MTG,Financial Services,Insurance - Specialty,EQUITY,MGIC Investment Corporation,MGIC Investment Corporation,yfinance.Ticker.info,success,
MTN,Consumer Cyclical,Resorts & Casinos,EQUITY,"Vail Resorts, Inc.","Vail Resorts, Inc.",yfinance.Ticker.info,success,
MTSI,Technology,Semiconductors,EQUITY,"MACOM Technology Solutions Holdings, Inc.",MACOM Technology Solutions Hold,yfinance.Ticker.info,success,
MTZ,Industrials,Engineering & Construction,EQUITY,"MasTec, Inc.","MasTec, Inc.",yfinance.Ticker.info,success,
MU,Technology,Semiconductors,EQUITY,"Micron Technology, Inc.","Micron Technology, Inc.",yfinance.Ticker.info,success,
MUR,Energy,Oil & Gas E&P,EQUITY,Murphy Oil Corporation,Murphy Oil Corporation,yfinance.Ticker.info,success,
MUSA,Consumer Cyclical,Specialty Retail,EQUITY,Murphy USA Inc.,Murphy USA Inc.,yfinance.Ticker.info,success,
MZTI,Consumer Defensive,Packaged Foods,EQUITY,The Marzetti Company,The Marzetti Company,yfinance.Ticker.info,success,
NBIX,Healthcare,Drug Manufacturers - Specialty & Generic,EQUITY,"Neurocrine Biosciences, Inc.","Neurocrine Biosciences, Inc.",yfinance.Ticker.info,success,
NCLH,Consumer Cyclical,Travel Services,EQUITY,Norwegian Cruise Line Holdings Ltd.,Norwegian Cruise Line Holdings ,yfinance.Ticker.info,success,
NDAQ,Financial Services,Financial Data & Stock Exchanges,EQUITY,"Nasdaq, Inc.","Nasdaq, Inc.",yfinance.Ticker.info,success,
NDSN,Industrials,Specialty Industrial Machinery,EQUITY,Nordson Corporation,Nordson Corporation,yfinance.Ticker.info,success,
NEE,Utilities,Utilities - Regulated Electric,EQUITY,"NextEra Energy, Inc.","NextEra Energy, Inc.",yfinance.Ticker.info,success,
NEM,Basic Materials,Gold,EQUITY,Newmont Corporation,Newmont Corporation,yfinance.Ticker.info,success,
NEU,Basic Materials,Specialty Chemicals,EQUITY,NewMarket Corporation,NewMarket Corp,yfinance.Ticker.info,success,
NFG,Energy,Oil & Gas Integrated,EQUITY,National Fuel Gas Company,National Fuel Gas Company,yfinance.Ticker.info,success,
NFLX,Communication Services,Entertainment,EQUITY,"Netflix, Inc.","Netflix, Inc.",yfinance.Ticker.info,success,
NI,Utilities,Utilities - Regulated Gas,EQUITY,NiSource Inc.,NiSource Inc,yfinance.Ticker.info,success,
NJR,Utilities,Utilities - Regulated Gas,EQUITY,New Jersey Resources Corporation,NewJersey Resources Corporation,yfinance.Ticker.info,success,
NKE,Consumer Cyclical,Footwear & Accessories,EQUITY,"NIKE, Inc.","Nike, Inc.",yfinance.Ticker.info,success,
NLY,Real Estate,REIT - Mortgage,EQUITY,"Annaly Capital Management, Inc.",Annaly Capital Management Inc.,yfinance.Ticker.info,success,
NNN,Real Estate,REIT - Retail,EQUITY,"NNN REIT, Inc.","NNN REIT, Inc.",yfinance.Ticker.info,success,
NOC,Industrials,Aerospace & Defense,EQUITY,Northrop Grumman Corporation,Northrop Grumman Corporation,yfinance.Ticker.info,success,
NOK,Technology,Communication Equipment,EQUITY,Nokia Oyj,Nokia Corporation Sponsored,yfinance.Ticker.info,success,
NOV,Energy,Oil & Gas Equipment & Services,EQUITY,NOV Inc.,NOV Inc.,yfinance.Ticker.info,success,
NOVT,Technology,Scientific & Technical Instruments,EQUITY,Novanta Inc.,Novanta Inc.,yfinance.Ticker.info,success,
NOW,Technology,Software - Application,EQUITY,"ServiceNow, Inc.","ServiceNow, Inc.",yfinance.Ticker.info,success,
NRG,Utilities,Utilities - Independent Power Producers,EQUITY,"NRG Energy, Inc.","NRG Energy, Inc.",yfinance.Ticker.info,success,
NSA,Real Estate,REIT - Industrial,EQUITY,National Storage Affiliates Trust,National Storage Affiliates Tru,yfinance.Ticker.info,success,
NSC,Industrials,Railroads,EQUITY,Norfolk Southern Corporation,Norfolk Southern Corporation,yfinance.Ticker.info,success,
NSRGY,Consumer Defensive,Packaged Foods,EQUITY,Nestlé S.A.,Nestle S.A.,yfinance.Ticker.info,success,
NTAP,Technology,Software - Infrastructure,EQUITY,"NetApp, Inc.","NetApp, Inc.",yfinance.Ticker.info,success,
NTNX,Technology,Software - Infrastructure,EQUITY,"Nutanix, Inc.","Nutanix, Inc.",yfinance.Ticker.info,success,
NTRS,Financial Services,Asset Management,EQUITY,Northern Trust Corporation,Northern Trust Corporation,yfinance.Ticker.info,success,
NUE,Basic Materials,Steel,EQUITY,Nucor Corporation,Nucor Corporation,yfinance.Ticker.info,success,
NVDA,Technology,Semiconductors,EQUITY,NVIDIA Corporation,NVIDIA Corporation,yfinance.Ticker.info,success,
NVO,Healthcare,Drug Manufacturers - General,EQUITY,Novo Nordisk A/S,Novo Nordisk A/S,yfinance.Ticker.info,success,
NVR,Consumer Cyclical,Residential Construction,EQUITY,"NVR, Inc.","NVR, Inc.",yfinance.Ticker.info,success,
NVS,Healthcare,Drug Manufacturers - General,EQUITY,Novartis AG,Novartis AG,yfinance.Ticker.info,success,
NVST,Healthcare,Medical Instruments & Supplies,EQUITY,Envista Holdings Corporation,Envista Holdings Corporation,yfinance.Ticker.info,success,
NVT,Industrials,Electrical Equipment & Parts,EQUITY,nVent Electric plc,nVent Electric plc,yfinance.Ticker.info,success,
NWE,Utilities,Utilities - Regulated Electric,EQUITY,"NorthWestern Energy Group, Inc.","NorthWestern Energy Group, Inc.",yfinance.Ticker.info,success,
NWS,Communication Services,Entertainment,EQUITY,News Corporation,News Corporation,yfinance.Ticker.info,success,
NWSA,Communication Services,Entertainment,EQUITY,News Corporation,News Corporation,yfinance.Ticker.info,success,
NXPI,Technology,Semiconductors,EQUITY,NXP Semiconductors N.V.,NXP Semiconductors N.V.,yfinance.Ticker.info,success,
NXST,Communication Services,Broadcasting,EQUITY,"Nexstar Media Group, Inc.","Nexstar Media Group, Inc.",yfinance.Ticker.info,success,
NXT,Technology,Solar,EQUITY,Nextpower Inc.,Nextpower Inc.,yfinance.Ticker.info,success,
NYT,Communication Services,Publishing,EQUITY,The New York Times Company,New York Times Company (The),yfinance.Ticker.info,success,
O,Real Estate,REIT - Retail,EQUITY,Realty Income Corporation,Realty Income Corporation,yfinance.Ticker.info,success,
OC,Industrials,Building Products & Equipment,EQUITY,Owens Corning,Owens Corning Inc,yfinance.Ticker.info,success,
ODFL,Industrials,Trucking,EQUITY,"Old Dominion Freight Line, Inc.","Old Dominion Freight Line, Inc.",yfinance.Ticker.info,success,
OGE,Utilities,Utilities - Regulated Electric,EQUITY,OGE Energy Corp.,OGE Energy Corp,yfinance.Ticker.info,success,
OGS,Utilities,Utilities - Regulated Gas,EQUITY,"ONE Gas, Inc.","ONE Gas, Inc.",yfinance.Ticker.info,success,
OHI,Real Estate,REIT - Healthcare Facilities,EQUITY,"Omega Healthcare Investors, Inc.","Omega Healthcare Investors, Inc",yfinance.Ticker.info,success,
OKE,Energy,Oil & Gas Midstream,EQUITY,"ONEOK, Inc.","ONEOK, Inc.",yfinance.Ticker.info,success,
OKTA,Technology,Software - Infrastructure,EQUITY,"Okta, Inc.","Okta, Inc.",yfinance.Ticker.info,success,
OLED,Technology,Electronic Components,EQUITY,Universal Display Corporation,Universal Display Corporation,yfinance.Ticker.info,success,
OLLI,Consumer Defensive,Discount Stores,EQUITY,"Ollie's Bargain Outlet Holdings, Inc.",Ollie's Bargain Outlet Holdings,yfinance.Ticker.info,success,
OLN,Basic Materials,Chemicals,EQUITY,Olin Corporation,Olin Corporation,yfinance.Ticker.info,success,
OMC,Communication Services,Advertising Agencies,EQUITY,Omnicom Group Inc.,Omnicom Group Inc.,yfinance.Ticker.info,success,
ON,Technology,Semiconductors,EQUITY,ON Semiconductor Corporation,ON Semiconductor Corporation,yfinance.Ticker.info,success,
ONB,Financial Services,Banks - Regional,EQUITY,Old National Bancorp,Old National Bancorp,yfinance.Ticker.info,success,
ONTO,Technology,Semiconductor Equipment & Materials,EQUITY,Onto Innovation Inc.,Onto Innovation Inc.,yfinance.Ticker.info,success,
OPCH,Healthcare,Medical Care Facilities,EQUITY,"Option Care Health, Inc.","Option Care Health, Inc.",yfinance.Ticker.info,success,
ORA,Utilities,Utilities - Renewable,EQUITY,"Ormat Technologies, Inc.","Ormat Technologies, Inc.",yfinance.Ticker.info,success,
ORCL,Technology,Software - Infrastructure,EQUITY,Oracle Corporation,Oracle Corporation,yfinance.Ticker.info,success,
ORI,Financial Services,Insurance - Property & Casualty,EQUITY,Old Republic International Corporation,Old Republic International Corp,yfinance.Ticker.info,success,
ORLY,Consumer Cyclical,Auto Parts,EQUITY,"O'Reilly Automotive, Inc.","O'Reilly Automotive, Inc.",yfinance.Ticker.info,success,
OSK,Industrials,Farm & Heavy Construction Machinery,EQUITY,Oshkosh Corporation,Oshkosh Corporation (Holding Co,yfinance.Ticker.info,success,
OTIS,Industrials,Specialty Industrial Machinery,EQUITY,Otis Worldwide Corporation,Otis Worldwide Corporation,yfinance.Ticker.info,success,
OVV,Energy,Oil & Gas E&P,EQUITY,Ovintiv Inc.,Ovintiv Inc. (DE),yfinance.Ticker.info,success,
OXY,Energy,Oil & Gas E&P,EQUITY,Occidental Petroleum Corporation,Occidental Petroleum Corporatio,yfinance.Ticker.info,success,
OZK,Financial Services,Banks - Regional,EQUITY,Bank OZK,Bank OZK,yfinance.Ticker.info,success,
PAG,Consumer Cyclical,Auto & Truck Dealerships,EQUITY,"Penske Automotive Group, Inc.","Penske Automotive Group, Inc.",yfinance.Ticker.info,success,
PANW,Technology,Software - Infrastructure,EQUITY,"Palo Alto Networks, Inc.","Palo Alto Networks, Inc.",yfinance.Ticker.info,success,
PATH,Technology,Software - Infrastructure,EQUITY,"UiPath, Inc.","UiPath, Inc.",yfinance.Ticker.info,success,
PAYC,Technology,Software - Application,EQUITY,"Paycom Software, Inc.","Paycom Software, Inc.",yfinance.Ticker.info,success,
PAYX,Technology,Software - Application,EQUITY,"Paychex, Inc.","Paychex, Inc.",yfinance.Ticker.info,success,
PB,Financial Services,Banks - Regional,EQUITY,"Prosperity Bancshares, Inc.","Prosperity Bancshares, Inc.",yfinance.Ticker.info,success,
PBF,Energy,Oil & Gas Refining & Marketing,EQUITY,PBF Energy Inc.,PBF Energy Inc.,yfinance.Ticker.info,success,
PCAR,Industrials,Farm & Heavy Construction Machinery,EQUITY,PACCAR Inc,PACCAR Inc.,yfinance.Ticker.info,success,
PCG,Utilities,Utilities - Regulated Electric,EQUITY,PG&E Corporation,Pacific Gas & Electric Co.,yfinance.Ticker.info,success,
PCTY,Technology,Software - Application,EQUITY,Paylocity Holding Corporation,Paylocity Holding Corporation,yfinance.Ticker.info,success,
PDD,Consumer Cyclical,Internet Retail,EQUITY,PDD Holdings Inc.,PDD Holdings Inc.,yfinance.Ticker.info,success,
PEG,Utilities,Utilities - Regulated Electric,EQUITY,Public Service Enterprise Group Incorporated,Public Service Enterprise Group,yfinance.Ticker.info,success,
PEGA,Technology,Software - Application,EQUITY,Pegasystems Inc.,Pegasystems Inc.,yfinance.Ticker.info,success,
PEN,Healthcare,Medical Devices,EQUITY,"Penumbra, Inc.","Penumbra, Inc.",yfinance.Ticker.info,success,
PEP,Consumer Defensive,Beverages - Non-Alcoholic,EQUITY,"PepsiCo, Inc.","Pepsico, Inc.",yfinance.Ticker.info,success,
PFE,Healthcare,Drug Manufacturers - General,EQUITY,Pfizer Inc.,"Pfizer, Inc.",yfinance.Ticker.info,success,
PFG,Financial Services,Asset Management,EQUITY,"Principal Financial Group, Inc.",Principal Financial Group Inc,yfinance.Ticker.info,success,
PFGC,Consumer Defensive,Food Distribution,EQUITY,Performance Food Group Company,Performance Food Group Company,yfinance.Ticker.info,success,
PG,Consumer Defensive,Household & Personal Products,EQUITY,The Procter & Gamble Company,Procter & Gamble Company (The),yfinance.Ticker.info,success,
PGR,Financial Services,Insurance - Property & Casualty,EQUITY,The Progressive Corporation,Progressive Corporation (The),yfinance.Ticker.info,success,
PH,Industrials,Specialty Industrial Machinery,EQUITY,Parker-Hannifin Corporation,Parker-Hannifin Corporation,yfinance.Ticker.info,success,
PHM,Consumer Cyclical,Residential Construction,EQUITY,"PulteGroup, Inc.","PulteGroup, Inc.",yfinance.Ticker.info,success,
PII,Consumer Cyclical,Recreational Vehicles,EQUITY,Polaris Inc.,Polaris Inc.,yfinance.Ticker.info,success,
PINS,Communication Services,Internet Content & Information,EQUITY,"Pinterest, Inc.","Pinterest, Inc.",yfinance.Ticker.info,success,
PK,Real Estate,REIT - Hotel & Motel,EQUITY,Park Hotels & Resorts Inc.,Park Hotels & Resorts Inc.,yfinance.Ticker.info,success,
PKG,Consumer Cyclical,Packaging & Containers,EQUITY,Packaging Corporation of America,Packaging Corporation of Americ,yfinance.Ticker.info,success,
PLD,Real Estate,REIT - Industrial,EQUITY,"Prologis, Inc.","Prologis, Inc.",yfinance.Ticker.info,success,
PLNT,Consumer Cyclical,Leisure,EQUITY,"Planet Fitness, Inc.","Planet Fitness, Inc.",yfinance.Ticker.info,success,
PLTR,Technology,Software - Infrastructure,EQUITY,Palantir Technologies Inc.,Palantir Technologies Inc.,yfinance.Ticker.info,success,
PM,Consumer Defensive,Tobacco,EQUITY,Philip Morris International Inc.,Philip Morris International Inc,yfinance.Ticker.info,success,
PNC,Financial Services,Banks - Regional,EQUITY,"The PNC Financial Services Group, Inc.","PNC Financial Services Group, I",yfinance.Ticker.info,success,
PNFP,Financial Services,Banks - Regional,EQUITY,"Pinnacle Financial Partners, Inc.","Pinnacle Financial Partners, In",yfinance.Ticker.info,success,
PNR,Industrials,Specialty Industrial Machinery,EQUITY,Pentair plc,Pentair plc.,yfinance.Ticker.info,success,
PNW,Utilities,Utilities - Regulated Electric,EQUITY,Pinnacle West Capital Corporation,Pinnacle West Capital Corporati,yfinance.Ticker.info,success,
PODD,Healthcare,Medical Devices,EQUITY,Insulet Corporation,Insulet Corporation,yfinance.Ticker.info,success,
POOL,Industrials,Industrial Distribution,EQUITY,Pool Corporation,Pool Corporation,yfinance.Ticker.info,success,
POR,Utilities,Utilities - Regulated Electric,EQUITY,Portland General Electric Company,Portland General Electric Co,yfinance.Ticker.info,success,
POST,Consumer Defensive,Packaged Foods,EQUITY,"Post Holdings, Inc.","Post Holdings, Inc.",yfinance.Ticker.info,success,
PPC,Consumer Defensive,Packaged Foods,EQUITY,Pilgrim's Pride Corporation,Pilgrim's Pride Corporation,yfinance.Ticker.info,success,
PPG,Basic Materials,Specialty Chemicals,EQUITY,"PPG Industries, Inc.","PPG Industries, Inc.",yfinance.Ticker.info,success,
PPL,Utilities,Utilities - Regulated Electric,EQUITY,PPL Corporation,PPL Corporation,yfinance.Ticker.info,success,
PR,Energy,Oil & Gas E&P,EQUITY,Permian Resources Corporation,Permian Resources Corporation,yfinance.Ticker.info,success,
PRI,Financial Services,Insurance - Life,EQUITY,"Primerica, Inc.","Primerica, Inc.",yfinance.Ticker.info,success,
PRU,Financial Services,Insurance - Life,EQUITY,"Prudential Financial, Inc.","Prudential Financial, Inc.",yfinance.Ticker.info,success,
PSA,Real Estate,REIT - Industrial,EQUITY,Public Storage,Public Storage,yfinance.Ticker.info,success,
PSKY,Communication Services,Entertainment,EQUITY,Paramount Skydance Corporation,Paramount Skydance Corporation,yfinance.Ticker.info,success,
PSN,Technology,Information Technology Services,EQUITY,Parsons Corporation,Parsons Corporation,yfinance.Ticker.info,success,
PSTG,Technology,Computer Hardware,EQUITY,Everpure Inc,"Everpure, Inc.",yfinance.Ticker.info,success,
PSX,Energy,Oil & Gas Refining & Marketing,EQUITY,Phillips 66,Phillips 66,yfinance.Ticker.info,success,
PTC,Technology,Software - Application,EQUITY,PTC Inc.,PTC Inc.,yfinance.Ticker.info,success,
PVH,Consumer Cyclical,Apparel Manufacturing,EQUITY,PVH Corp.,PVH Corp.,yfinance.Ticker.info,success,
PWR,Industrials,Engineering & Construction,EQUITY,"Quanta Services, Inc.","Quanta Services, Inc.",yfinance.Ticker.info,success,
PYPL,Financial Services,Credit Services,EQUITY,"PayPal Holdings, Inc.","PayPal Holdings, Inc.",yfinance.Ticker.info,success,
QCOM,Technology,Semiconductors,EQUITY,QUALCOMM Incorporated,QUALCOMM Incorporated,yfinance.Ticker.info,success,
QLYS,Technology,Software - Infrastructure,EQUITY,"Qualys, Inc.","Qualys, Inc.",yfinance.Ticker.info,success,
R,Industrials,Rental & Leasing Services,EQUITY,"Ryder System, Inc.","Ryder System, Inc.",yfinance.Ticker.info,success,
RBA,Industrials,Specialty Business Services,EQUITY,"RB Global, Inc.","RB Global, Inc.",yfinance.Ticker.info,success,
RBC,Industrials,Tools & Accessories,EQUITY,RBC Bearings Incorporated,RBC Bearings Incorporated,yfinance.Ticker.info,success,
RCL,Consumer Cyclical,Travel Services,EQUITY,Royal Caribbean Cruises Ltd.,Royal Caribbean Cruises Ltd.,yfinance.Ticker.info,success,
REG,Real Estate,REIT - Retail,EQUITY,Regency Centers Corporation,Regency Centers Corporation,yfinance.Ticker.info,success,
REGN,Healthcare,Biotechnology,EQUITY,"Regeneron Pharmaceuticals, Inc.","Regeneron Pharmaceuticals, Inc.",yfinance.Ticker.info,success,
REXR,Real Estate,REIT - Industrial,EQUITY,"Rexford Industrial Realty, Inc.","Rexford Industrial Realty, Inc.",yfinance.Ticker.info,success,
RF,Financial Services,Banks - Regional,EQUITY,Regions Financial Corporation,Regions Financial Corporation,yfinance.Ticker.info,success,
RGA,Financial Services,Insurance - Reinsurance,EQUITY,"Reinsurance Group of America, Incorporated","Reinsurance Group of America, I",yfinance.Ticker.info,success,
RGEN,Healthcare,Medical Instruments & Supplies,EQUITY,Repligen Corporation,Repligen Corporation,yfinance.Ticker.info,success,
RGLD,Basic Materials,Gold,EQUITY,"Royal Gold, Inc.","Royal Gold, Inc.",yfinance.Ticker.info,success,
RH,Consumer Cyclical,Specialty Retail,EQUITY,RH,RH,yfinance.Ticker.info,success,
RHHBY,Healthcare,Drug Manufacturers - General,EQUITY,Roche Holding AG,Roche Holding Ltd,yfinance.Ticker.info,success,
RJF,Financial Services,Asset Management,EQUITY,"Raymond James Financial, Inc.","Raymond James Financial, Inc.",yfinance.Ticker.info,success,
RL,Consumer Cyclical,Apparel Manufacturing,EQUITY,Ralph Lauren Corporation,Ralph Lauren Corporation,yfinance.Ticker.info,success,
RLI,Financial Services,Insurance - Property & Casualty,EQUITY,RLI Corp.,RLI Corp.,yfinance.Ticker.info,success,
RMBS,Technology,Semiconductors,EQUITY,Rambus Inc.,"Rambus, Inc.",yfinance.Ticker.info,success,
RMD,Healthcare,Medical Instruments & Supplies,EQUITY,ResMed Inc.,ResMed Inc.,yfinance.Ticker.info,success,
RNR,Financial Services,Insurance - Reinsurance,EQUITY,RenaissanceRe Holdings Ltd.,RenaissanceRe Holdings Ltd.,yfinance.Ticker.info,success,
ROIV,Healthcare,Biotechnology,EQUITY,Roivant Sciences Ltd.,Roivant Sciences Ltd.,yfinance.Ticker.info,success,
ROK,Industrials,Specialty Industrial Machinery,EQUITY,"Rockwell Automation, Inc.","Rockwell Automation, Inc.",yfinance.Ticker.info,success,
ROL,Consumer Cyclical,Personal Services,EQUITY,"Rollins, Inc.","Rollins, Inc.",yfinance.Ticker.info,success,
ROP,Technology,Software - Application,EQUITY,"Roper Technologies, Inc.","Roper Technologies, Inc.",yfinance.Ticker.info,success,
ROST,Consumer Cyclical,Apparel Retail,EQUITY,"Ross Stores, Inc.","Ross Stores, Inc.",yfinance.Ticker.info,success,
RPM,Basic Materials,Specialty Chemicals,EQUITY,RPM International Inc.,RPM International Inc.,yfinance.Ticker.info,success,
RRC,Energy,Oil & Gas E&P,EQUITY,Range Resources Corporation,Range Resources Corporation,yfinance.Ticker.info,success,
RRX,Industrials,Specialty Industrial Machinery,EQUITY,Regal Rexnord Corporation,Regal Rexnord Corporation,yfinance.Ticker.info,success,
RS,Basic Materials,Steel,EQUITY,"Reliance, Inc.","Reliance, Inc.",yfinance.Ticker.info,success,
RSG,Industrials,Waste Management,EQUITY,"Republic Services, Inc.","Republic Services, Inc.",yfinance.Ticker.info,success,
RTX,Industrials,Aerospace & Defense,EQUITY,RTX Corporation,RTX Corporation,yfinance.Ticker.info,success,
RVTY,Healthcare,Diagnostics & Research,EQUITY,"Revvity, Inc.","Revvity, Inc.",yfinance.Ticker.info,success,
RYAN,Financial Services,Insurance - Specialty,EQUITY,"Ryan Specialty Holdings, Inc.","Ryan Specialty Holdings, Inc.",yfinance.Ticker.info,success,
RYN,Real Estate,REIT - Specialty,EQUITY,Rayonier Inc.,Rayonier Inc. REIT,yfinance.Ticker.info,success,
SAIA,Industrials,Trucking,EQUITY,"Saia, Inc.","Saia, Inc.",yfinance.Ticker.info,success,
SAIC,Technology,Information Technology Services,EQUITY,Science Applications International Corporation,Science Applications Internatio,yfinance.Ticker.info,success,
SAM,Consumer Defensive,Beverages - Brewers,EQUITY,"The Boston Beer Company, Inc.","Boston Beer Company, Inc. (The)",yfinance.Ticker.info,success,
SAN,Financial Services,Banks - Diversified,EQUITY,"Banco Santander, S.A.","Banco Santander, S.A. Sponsored",yfinance.Ticker.info,success,
SAP,Technology,Software - Application,EQUITY,SAP SE,SAP  SE,yfinance.Ticker.info,success,
SATS,Communication Services,Telecom Services,EQUITY,EchoStar Corporation,EchoStar Corporation,yfinance.Ticker.info,success,
SBAC,Real Estate,REIT - Specialty,EQUITY,SBA Communications Corporation,SBA Communications Corporation,yfinance.Ticker.info,success,
SBRA,Real Estate,REIT - Healthcare Facilities,EQUITY,"Sabra Health Care REIT, Inc.","Sabra Health Care REIT, Inc.",yfinance.Ticker.info,success,
SBUX,Consumer Cyclical,Restaurants,EQUITY,Starbucks Corporation,Starbucks Corporation,yfinance.Ticker.info,success,
SCHW,Financial Services,Capital Markets,EQUITY,The Charles Schwab Corporation,Charles Schwab Corporation (The,yfinance.Ticker.info,success,
SCI,Consumer Cyclical,Personal Services,EQUITY,Service Corporation International,Service Corporation Internation,yfinance.Ticker.info,success,
SE,Consumer Cyclical,Internet Retail,EQUITY,Sea Limited,Sea Limited,yfinance.Ticker.info,success,
SEIC,Financial Services,Asset Management,EQUITY,SEI Investments Company,SEI Investments Company,yfinance.Ticker.info,success,
SF,Financial Services,Capital Markets,EQUITY,Stifel Financial Corp.,Stifel Financial Corporation,yfinance.Ticker.info,success,
SFM,Consumer Defensive,Grocery Stores,EQUITY,"Sprouts Farmers Market, Inc.","Sprouts Farmers Market, Inc.",yfinance.Ticker.info,success,
SGI,Consumer Cyclical,"Furnishings, Fixtures & Appliances",EQUITY,Somnigroup International Inc.,Somnigroup International Inc.,yfinance.Ticker.info,success,
SHC,Healthcare,Diagnostics & Research,EQUITY,Sotera Health Company,Sotera Health Company,yfinance.Ticker.info,success,
SHEL,Energy,Oil & Gas Integrated,EQUITY,Shell plc,Shell PLC,yfinance.Ticker.info,success,
SHW,Basic Materials,Specialty Chemicals,EQUITY,The Sherwin-Williams Company,Sherwin-Williams Company (The),yfinance.Ticker.info,success,
SIGI,Financial Services,Insurance - Property & Casualty,EQUITY,"Selective Insurance Group, Inc.","Selective Insurance Group, Inc.",yfinance.Ticker.info,success,
SJM,Consumer Defensive,Packaged Foods,EQUITY,The J. M. Smucker Company,The J.M. Smucker Company,yfinance.Ticker.info,success,
SLAB,Technology,Semiconductors,EQUITY,Silicon Laboratories Inc.,"Silicon Laboratories, Inc.",yfinance.Ticker.info,success,
SLB,Energy,Oil & Gas Equipment & Services,EQUITY,SLB N.V.,SLB Limited,yfinance.Ticker.info,success,
SLGN,Consumer Cyclical,Packaging & Containers,EQUITY,Silgan Holdings Inc.,Silgan Holdings Inc.,yfinance.Ticker.info,success,
SLM,Financial Services,Credit Services,EQUITY,SLM Corporation,SLM Corporation,yfinance.Ticker.info,success,
SMCI,Technology,Computer Hardware,EQUITY,"Super Micro Computer, Inc.","Super Micro Computer, Inc.",yfinance.Ticker.info,success,
SMG,Basic Materials,Agricultural Inputs,EQUITY,The Scotts Miracle-Gro Company,Scotts Miracle-Gro Company (The,yfinance.Ticker.info,success,
SNA,Industrials,Tools & Accessories,EQUITY,Snap-on Incorporated,Snap-On Incorporated,yfinance.Ticker.info,success,
SNPS,Technology,Software - Infrastructure,EQUITY,"Synopsys, Inc.","Synopsys, Inc.",yfinance.Ticker.info,success,
SNX,Technology,Electronics & Computer Distribution,EQUITY,TD SYNNEX Corporation,TD SYNNEX Corporation,yfinance.Ticker.info,success,
SNY,Healthcare,Drug Manufacturers - General,EQUITY,Sanofi,Sanofi,yfinance.Ticker.info,success,
SO,Utilities,Utilities - Regulated Electric,EQUITY,The Southern Company,Southern Company (The),yfinance.Ticker.info,success,
SONY,Technology,Consumer Electronics,EQUITY,Sony Group Corporation,Sony Group Corporation,yfinance.Ticker.info,success,
SPG,Real Estate,REIT - Retail,EQUITY,"Simon Property Group, Inc.","Simon Property Group, Inc.",yfinance.Ticker.info,success,
SPGI,Financial Services,Financial Data & Stock Exchanges,EQUITY,S&P Global Inc.,S&P Global Inc.,yfinance.Ticker.info,success,
SPXC,Industrials,Building Products & Equipment,EQUITY,"SPX Technologies, Inc.","SPX Technologies, Inc.",yfinance.Ticker.info,success,
SR,Utilities,Utilities - Regulated Gas,EQUITY,Spire Inc.,Spire Inc.,yfinance.Ticker.info,success,
SRE,Utilities,Utilities - Diversified,EQUITY,Sempra,DBA Sempra,yfinance.Ticker.info,success,
SSB,Financial Services,Banks - Regional,EQUITY,SouthState Bank Corporation,SouthState Bank Corporation,yfinance.Ticker.info,success,
SSD,Basic Materials,Lumber & Wood Production,EQUITY,"Simpson Manufacturing Co., Inc.","Simpson Manufacturing Company, ",yfinance.Ticker.info,success,
ST,Technology,Scientific & Technical Instruments,EQUITY,Sensata Technologies Holding plc,Sensata Technologies Holding pl,yfinance.Ticker.info,success,
STAG,Real Estate,REIT - Industrial,EQUITY,"STAG Industrial, Inc.","Stag Industrial, Inc.",yfinance.Ticker.info,success,
STE,Healthcare,Medical Devices,EQUITY,STERIS plc,STERIS plc (Ireland),yfinance.Ticker.info,success,
STLA,Consumer Cyclical,Auto Manufacturers,EQUITY,Stellantis N.V.,Stellantis N.V.,yfinance.Ticker.info,success,
STLD,Basic Materials,Steel,EQUITY,"Steel Dynamics, Inc.","Steel Dynamics, Inc.",yfinance.Ticker.info,success,
STRL,Industrials,Engineering & Construction,EQUITY,"Sterling Infrastructure, Inc.","Sterling Infrastructure, Inc.",yfinance.Ticker.info,success,
STT,Financial Services,Asset Management,EQUITY,State Street Corporation,State Street Corporation,yfinance.Ticker.info,success,
STWD,Real Estate,REIT - Mortgage,EQUITY,"Starwood Property Trust, Inc.","STARWOOD PROPERTY TRUST, INC. S",yfinance.Ticker.info,success,
STX,Technology,Computer Hardware,EQUITY,Seagate Technology Holdings plc,Seagate Technology Holdings PLC,yfinance.Ticker.info,success,
STZ,Consumer Defensive,Beverages - Brewers,EQUITY,"Constellation Brands, Inc.","Constellation Brands, Inc.",yfinance.Ticker.info,success,
SW,Consumer Cyclical,Packaging & Containers,EQUITY,Smurfit Westrock Plc,Smurfit WestRock plc,yfinance.Ticker.info,success,
SWK,Industrials,Tools & Accessories,EQUITY,"Stanley Black & Decker, Inc.","Stanley Black & Decker, Inc.",yfinance.Ticker.info,success,
SWKS,Technology,Semiconductors,EQUITY,"Skyworks Solutions, Inc.","Skyworks Solutions, Inc.",yfinance.Ticker.info,success,
SWX,Utilities,Utilities - Regulated Gas,EQUITY,"Southwest Gas Holdings, Inc.","Southwest Gas Holdings, Inc.",yfinance.Ticker.info,success,
SYF,Financial Services,Credit Services,EQUITY,Synchrony Financial,Synchrony Financial,yfinance.Ticker.info,success,
SYK,Healthcare,Medical Devices,EQUITY,Stryker Corporation,Stryker Corporation,yfinance.Ticker.info,success,
SYNA,Technology,Semiconductors,EQUITY,Synaptics Incorporated,Synaptics Incorporated,yfinance.Ticker.info,success,
SYY,Consumer Defensive,Food Distribution,EQUITY,Sysco Corporation,Sysco Corporation,yfinance.Ticker.info,success,
T,Communication Services,Telecom Services,EQUITY,AT&T Inc.,AT&T Inc.,yfinance.Ticker.info,success,
TAP,Consumer Defensive,Beverages - Brewers,EQUITY,Molson Coors Beverage Company,Molson Coors Beverage Company,yfinance.Ticker.info,success,
TCBI,Financial Services,Banks - Regional,EQUITY,"Texas Capital Bancshares, Inc.","Texas Capital Bancshares, Inc.",yfinance.Ticker.info,success,
TDG,Industrials,Aerospace & Defense,EQUITY,TransDigm Group Incorporated,Transdigm Group Incorporated,yfinance.Ticker.info,success,
TDY,Technology,Scientific & Technical Instruments,EQUITY,Teledyne Technologies Incorporated,Teledyne Technologies Incorpora,yfinance.Ticker.info,success,
TECH,Healthcare,Biotechnology,EQUITY,Bio-Techne Corporation,Bio-Techne Corp,yfinance.Ticker.info,success,
TEL,Technology,Electronic Components,EQUITY,TE Connectivity plc,TE Connectivity plc,yfinance.Ticker.info,success,
TER,Technology,Semiconductor Equipment & Materials,EQUITY,"Teradyne, Inc.","Teradyne, Inc.",yfinance.Ticker.info,success,
TEX,Industrials,Farm & Heavy Construction Machinery,EQUITY,Terex Corporation,Terex Corporation,yfinance.Ticker.info,success,
TFC,Financial Services,Banks - Regional,EQUITY,Truist Financial Corporation,Truist Financial Corporation,yfinance.Ticker.info,success,
TGT,Consumer Defensive,Discount Stores,EQUITY,Target Corporation,Target Corporation,yfinance.Ticker.info,success,
THC,Healthcare,Medical Care Facilities,EQUITY,Tenet Healthcare Corporation,Tenet Healthcare Corporation,yfinance.Ticker.info,success,
THG,Financial Services,Insurance - Property & Casualty,EQUITY,"The Hanover Insurance Group, Inc.",Hanover Insurance Group Inc,yfinance.Ticker.info,success,
THO,Consumer Cyclical,Recreational Vehicles,EQUITY,"THOR Industries, Inc.","Thor Industries, Inc.",yfinance.Ticker.info,success,
TJX,Consumer Cyclical,Apparel Retail,EQUITY,"The TJX Companies, Inc.","TJX Companies, Inc. (The)",yfinance.Ticker.info,success,
TKO,Communication Services,Entertainment,EQUITY,"TKO Group Holdings, Inc.","TKO Group Holdings, Inc.",yfinance.Ticker.info,success,
TKR,Industrials,Tools & Accessories,EQUITY,The Timken Company,Timken Company (The),yfinance.Ticker.info,success,
TM,Consumer Cyclical,Auto Manufacturers,EQUITY,Toyota Motor Corporation,Toyota Motor Corporation,yfinance.Ticker.info,success,
TMHC,Consumer Cyclical,Residential Construction,EQUITY,Taylor Morrison Home Corporation,Taylor Morrison Home Corporatio,yfinance.Ticker.info,success,
TMO,Healthcare,Diagnostics & Research,EQUITY,Thermo Fisher Scientific Inc.,Thermo Fisher Scientific Inc,yfinance.Ticker.info,success,
TMUS,Communication Services,Telecom Services,EQUITY,"T-Mobile US, Inc.","T-Mobile US, Inc.",yfinance.Ticker.info,success,
TNL,Consumer Cyclical,Travel Services,EQUITY,Travel + Leisure Co.,Travel   Leisure Co.,yfinance.Ticker.info,success,
TOL,Consumer Cyclical,Residential Construction,EQUITY,"Toll Brothers, Inc.","Toll Brothers, Inc.",yfinance.Ticker.info,success,
TPL,Energy,Oil & Gas E&P,EQUITY,Texas Pacific Land Corporation,Texas Pacific Land Corporation,yfinance.Ticker.info,success,
TPR,Consumer Cyclical,Luxury Goods,EQUITY,"Tapestry, Inc.","Tapestry, Inc.",yfinance.Ticker.info,success,
TREX,Industrials,Building Products & Equipment,EQUITY,"Trex Company, Inc.","Trex Company, Inc.",yfinance.Ticker.info,success,
TRGP,Energy,Oil & Gas Midstream,EQUITY,Targa Resources Corp.,"Targa Resources, Inc.",yfinance.Ticker.info,success,
TRMB,Technology,Scientific & Technical Instruments,EQUITY,Trimble Inc.,Trimble Inc.,yfinance.Ticker.info,success,
TROW,Financial Services,Asset Management,EQUITY,"T. Rowe Price Group, Inc.","T. Rowe Price Group, Inc.",yfinance.Ticker.info,success,
TRU,Financial Services,Financial Data & Stock Exchanges,EQUITY,TransUnion,TransUnion,yfinance.Ticker.info,success,
TRV,Financial Services,Insurance - Property & Casualty,EQUITY,"The Travelers Companies, Inc.","The Travelers Companies, Inc.",yfinance.Ticker.info,success,
TSCO,Consumer Cyclical,Specialty Retail,EQUITY,Tractor Supply Company,Tractor Supply Company,yfinance.Ticker.info,success,
TSLA,Consumer Cyclical,Auto Manufacturers,EQUITY,"Tesla, Inc.","Tesla, Inc.",yfinance.Ticker.info,success,
TSM,Technology,Semiconductors,EQUITY,Taiwan Semiconductor Manufacturing Company Limited,Taiwan Semiconductor Manufactur,yfinance.Ticker.info,success,
TSN,Consumer Defensive,Farm Products,EQUITY,"Tyson Foods, Inc.","Tyson Foods, Inc.",yfinance.Ticker.info,success,
TT,Industrials,Building Products & Equipment,EQUITY,Trane Technologies plc,Trane Technologies plc,yfinance.Ticker.info,success,
TTC,Industrials,Tools & Accessories,EQUITY,The Toro Company,Toro Company (The),yfinance.Ticker.info,success,
TTD,Communication Services,Advertising Agencies,EQUITY,"The Trade Desk, Inc.","The Trade Desk, Inc.",yfinance.Ticker.info,success,
TTE,Energy,Oil & Gas Integrated,EQUITY,TotalEnergies SE,TotalEnergies SE,yfinance.Ticker.info,success,
TTEK,Industrials,Engineering & Construction,EQUITY,"Tetra Tech, Inc.","Tetra Tech, Inc.",yfinance.Ticker.info,success,
TTMI,Technology,Electronic Components,EQUITY,"TTM Technologies, Inc.","TTM Technologies, Inc.",yfinance.Ticker.info,success,
TTWO,Communication Services,Electronic Gaming & Multimedia,EQUITY,"Take-Two Interactive Software, Inc.","Take-Two Interactive Software, ",yfinance.Ticker.info,success,
TWLO,Technology,Software - Infrastructure,EQUITY,Twilio Inc.,Twilio Inc.,yfinance.Ticker.info,success,
TXN,Technology,Semiconductors,EQUITY,Texas Instruments Incorporated,Texas Instruments Incorporated,yfinance.Ticker.info,success,
TXNM,Utilities,Utilities - Regulated Electric,EQUITY,"TXNM Energy, Inc.","TXNM Energy, Inc.",yfinance.Ticker.info,success,
TXRH,Consumer Cyclical,Restaurants,EQUITY,"Texas Roadhouse, Inc.","Texas Roadhouse, Inc.",yfinance.Ticker.info,success,
TXT,Industrials,Aerospace & Defense,EQUITY,Textron Inc.,Textron Inc.,yfinance.Ticker.info,success,
TYL,Technology,Software - Application,EQUITY,"Tyler Technologies, Inc.","Tyler Technologies, Inc.",yfinance.Ticker.info,success,
UAL,Industrials,Airlines,EQUITY,"United Airlines Holdings, Inc.","United Airlines Holdings, Inc.",yfinance.Ticker.info,success,
UBER,Technology,Software - Application,EQUITY,"Uber Technologies, Inc.","Uber Technologies, Inc.",yfinance.Ticker.info,success,
UBSI,Financial Services,Banks - Regional,EQUITY,"United Bankshares, Inc.","United Bankshares, Inc.",yfinance.Ticker.info,success,
UDR,Real Estate,REIT - Residential,EQUITY,"UDR, Inc.","UDR, Inc.",yfinance.Ticker.info,success,
UFPI,Basic Materials,Lumber & Wood Production,EQUITY,"UFP Industries, Inc.","UFP Industries, Inc.",yfinance.Ticker.info,success,
UGI,Utilities,Utilities - Regulated Gas,EQUITY,UGI Corporation,UGI Corporation,yfinance.Ticker.info,success,
UHS,Healthcare,Medical Care Facilities,EQUITY,"Universal Health Services, Inc.","Universal Health Services, Inc.",yfinance.Ticker.info,success,
UL,Consumer Defensive,Household & Personal Products,EQUITY,Unilever PLC,Unilever PLC,yfinance.Ticker.info,success,
ULTA,Consumer Cyclical,Specialty Retail,EQUITY,"Ulta Beauty, Inc.","Ulta Beauty, Inc.",yfinance.Ticker.info,success,
UMBF,Financial Services,Banks - Regional,EQUITY,UMB Financial Corporation,UMB Financial Corporation,yfinance.Ticker.info,success,
UNH,Healthcare,Healthcare Plans,EQUITY,UnitedHealth Group Incorporated,UnitedHealth Group Incorporated,yfinance.Ticker.info,success,
UNM,Financial Services,Insurance - Life,EQUITY,Unum Group,Unum Group,yfinance.Ticker.info,success,
UNP,Industrials,Railroads,EQUITY,Union Pacific Corporation,Union Pacific Corporation,yfinance.Ticker.info,success,
UPS,Industrials,Integrated Freight & Logistics,EQUITY,"United Parcel Service, Inc.","United Parcel Service, Inc.",yfinance.Ticker.info,success,
URI,Industrials,Rental & Leasing Services,EQUITY,"United Rentals, Inc.","United Rentals, Inc.",yfinance.Ticker.info,success,
USB,Financial Services,Banks - Regional,EQUITY,U.S. Bancorp,U.S. Bancorp,yfinance.Ticker.info,success,
USFD,Consumer Defensive,Food Distribution,EQUITY,US Foods Holding Corp.,US Foods Holding Corp.,yfinance.Ticker.info,success,
UTHR,Healthcare,Drug Manufacturers - Specialty & Generic,EQUITY,United Therapeutics Corporation,United Therapeutics Corporation,yfinance.Ticker.info,success,
V,Financial Services,Credit Services,EQUITY,Visa Inc.,Visa Inc.,yfinance.Ticker.info,success,
VAL,Energy,Oil & Gas Drilling,EQUITY,Valaris Limited,Valaris Limited,yfinance.Ticker.info,success,
VALE,Basic Materials,Other Industrial Metals & Mining,EQUITY,Vale S.A.,VALE S.A.,yfinance.Ticker.info,success,
VC,Consumer Cyclical,Auto Parts,EQUITY,Visteon Corporation,Visteon Corporation,yfinance.Ticker.info,success,
VFC,Consumer Cyclical,Apparel Manufacturing,EQUITY,V.F. Corporation,V.F. Corporation,yfinance.Ticker.info,success,
VICI,Real Estate,REIT - Diversified,EQUITY,VICI Properties Inc.,VICI Properties Inc.,yfinance.Ticker.info,success,
VLO,Energy,Oil & Gas Refining & Marketing,EQUITY,Valero Energy Corporation,Valero Energy Corporation,yfinance.Ticker.info,success,
VLY,Financial Services,Banks - Regional,EQUITY,Valley National Bancorp,Valley National Bancorp,yfinance.Ticker.info,success,
VMC,Basic Materials,Building Materials,EQUITY,Vulcan Materials Company,Vulcan Materials Company (Holdi,yfinance.Ticker.info,success,
VMI,Industrials,Conglomerates,EQUITY,"Valmont Industries, Inc.","Valmont Industries, Inc.",yfinance.Ticker.info,success,
VNO,Real Estate,REIT - Office,EQUITY,Vornado Realty Trust,Vornado Realty Trust,yfinance.Ticker.info,success,
VNOM,Unknown,Unknown,,,,yfinance.Ticker.info,failed,Too Many Requests. Rate limited. Try after a while.
VNT,Unknown,Unknown,,,,yfinance.Ticker.info,failed,Too Many Requests. Rate limited. Try after a while.
VOYA,Unknown,Unknown,,,,yfinance.Ticker.info,failed,Too Many Requests. Rate limited. Try after a while.
VRSK,Unknown,Unknown,,,,yfinance.Ticker.info,failed,Too Many Requests. Rate limited. Try after a while.
VRSN,Unknown,Unknown,,,,yfinance.Ticker.info,failed,Too Many Requests. Rate limited. Try after a while.
VRTX,Unknown,Unknown,,,,yfinance.Ticker.info,failed,Too Many Requests. Rate limited. Try after a while.
VST,Unknown,Unknown,,,,yfinance.Ticker.info,failed,Too Many Requests. Rate limited. Try after a while.
VTR,Unknown,Unknown,,,,yfinance.Ticker.info,failed,Too Many Requests. Rate limited. Try after a while.
VTRS,Unknown,Unknown,,,,yfinance.Ticker.info,failed,Too Many Requests. Rate limited. Try after a while.
VVV,Unknown,Unknown,,,,yfinance.Ticker.info,failed,Too Many Requests. Rate limited. Try after a while.
VWAGY,Unknown,Unknown,,,,yfinance.Ticker.info,failed,Too Many Requests. Rate limited. Try after a while.
VZ,Unknown,Unknown,,,,yfinance.Ticker.info,failed,Too Many Requests. Rate limited. Try after a while.
WAB,Unknown,Unknown,,,,yfinance.Ticker.info,failed,Too Many Requests. Rate limited. Try after a while.
WAL,Unknown,Unknown,,,,yfinance.Ticker.info,failed,Too Many Requests. Rate limited. Try after a while.
WAT,Unknown,Unknown,,,,yfinance.Ticker.info,failed,Too Many Requests. Rate limited. Try after a while.
WBD,Unknown,Unknown,,,,yfinance.Ticker.info,failed,Too Many Requests. Rate limited. Try after a while.
WBS,Unknown,Unknown,,,,yfinance.Ticker.info,failed,Too Many Requests. Rate limited. Try after a while.
WCC,Unknown,Unknown,,,,yfinance.Ticker.info,failed,Too Many Requests. Rate limited. Try after a while.
WDAY,Unknown,Unknown,,,,yfinance.Ticker.info,failed,Too Many Requests. Rate limited. Try after a while.
WDC,Unknown,Unknown,,,,yfinance.Ticker.info,failed,Too Many Requests. Rate limited. Try after a while.
WEC,Unknown,Unknown,,,,yfinance.Ticker.info,failed,Too Many Requests. Rate limited. Try after a while.
WELL,Unknown,Unknown,,,,yfinance.Ticker.info,failed,Too Many Requests. Rate limited. Try after a while.
WEX,Unknown,Unknown,,,,yfinance.Ticker.info,failed,Too Many Requests. Rate limited. Try after a while.
WFC,Unknown,Unknown,,,,yfinance.Ticker.info,failed,Too Many Requests. Rate limited. Try after a while.
WFRD,Unknown,Unknown,,,,yfinance.Ticker.info,failed,Too Many Requests. Rate limited. Try after a while.
WH,Unknown,Unknown,,,,yfinance.Ticker.info,failed,Too Many Requests. Rate limited. Try after a while.
WHR,Unknown,Unknown,,,,yfinance.Ticker.info,failed,Too Many Requests. Rate limited. Try after a while.
WING,Unknown,Unknown,,,,yfinance.Ticker.info,failed,Too Many Requests. Rate limited. Try after a while.
WIT,Unknown,Unknown,,,,yfinance.Ticker.info,failed,Too Many Requests. Rate limited. Try after a while.
WLK,Unknown,Unknown,,,,yfinance.Ticker.info,failed,Too Many Requests. Rate limited. Try after a while.
WM,Unknown,Unknown,,,,yfinance.Ticker.info,failed,Too Many Requests. Rate limited. Try after a while.
WMB,Unknown,Unknown,,,,yfinance.Ticker.info,failed,Too Many Requests. Rate limited. Try after a while.
WMG,Unknown,Unknown,,,,yfinance.Ticker.info,failed,Too Many Requests. Rate limited. Try after a while.
WMS,Unknown,Unknown,,,,yfinance.Ticker.info,failed,Too Many Requests. Rate limited. Try after a while.
WMT,Unknown,Unknown,,,,yfinance.Ticker.info,failed,Too Many Requests. Rate limited. Try after a while.
WPC,Unknown,Unknown,,,,yfinance.Ticker.info,failed,Too Many Requests. Rate limited. Try after a while.
WRB,Unknown,Unknown,,,,yfinance.Ticker.info,failed,Too Many Requests. Rate limited. Try after a while.
WSM,Unknown,Unknown,,,,yfinance.Ticker.info,failed,Too Many Requests. Rate limited. Try after a while.
WSO,Unknown,Unknown,,,,yfinance.Ticker.info,failed,Too Many Requests. Rate limited. Try after a while.
WST,Unknown,Unknown,,,,yfinance.Ticker.info,failed,Too Many Requests. Rate limited. Try after a while.
WTFC,Unknown,Unknown,,,,yfinance.Ticker.info,failed,Too Many Requests. Rate limited. Try after a while.
WTRG,Unknown,Unknown,,,,yfinance.Ticker.info,failed,Too Many Requests. Rate limited. Try after a while.
WTS,Unknown,Unknown,,,,yfinance.Ticker.info,failed,Too Many Requests. Rate limited. Try after a while.
WTW,Unknown,Unknown,,,,yfinance.Ticker.info,failed,Too Many Requests. Rate limited. Try after a while.
WWD,Unknown,Unknown,,,,yfinance.Ticker.info,failed,Too Many Requests. Rate limited. Try after a while.
WY,Unknown,Unknown,,,,yfinance.Ticker.info,failed,Too Many Requests. Rate limited. Try after a while.
WYNN,Unknown,Unknown,,,,yfinance.Ticker.info,failed,Too Many Requests. Rate limited. Try after a while.
XEL,Unknown,Unknown,,,,yfinance.Ticker.info,failed,Too Many Requests. Rate limited. Try after a while.
XOM,Unknown,Unknown,,,,yfinance.Ticker.info,failed,Too Many Requests. Rate limited. Try after a while.
XPO,Unknown,Unknown,,,,yfinance.Ticker.info,failed,Too Many Requests. Rate limited. Try after a while.
XRAY,Unknown,Unknown,,,,yfinance.Ticker.info,failed,Too Many Requests. Rate limited. Try after a while.
XYL,Unknown,Unknown,,,,yfinance.Ticker.info,failed,Too Many Requests. Rate limited. Try after a while.
XYZ,Unknown,Unknown,,,,yfinance.Ticker.info,failed,Too Many Requests. Rate limited. Try after a while.
YETI,Unknown,Unknown,,,,yfinance.Ticker.info,failed,Too Many Requests. Rate limited. Try after a while.
YUM,Unknown,Unknown,,,,yfinance.Ticker.info,failed,Too Many Requests. Rate limited. Try after a while.
ZBH,Unknown,Unknown,,,,yfinance.Ticker.info,failed,Too Many Requests. Rate limited. Try after a while.
ZBRA,Unknown,Unknown,,,,yfinance.Ticker.info,failed,Too Many Requests. Rate limited. Try after a while.
ZION,Unknown,Unknown,,,,yfinance.Ticker.info,failed,Too Many Requests. Rate limited. Try after a while.
ZTS,Unknown,Unknown,,,,yfinance.Ticker.info,failed,Too Many Requests. Rate limited. Try after a while.
