episode_id,ticker,episode_entry_date,price_date_used,close_price_asof_entry,shares_date_used,shares_outstanding_asof_entry,market_cap_at_entry,market_cap_source,market_cap_missing_reason
A_2022-06-17,A,2022-11-10,2022-11-09,137.0,2022-11-04,296040992.0,40557615904.0,yfinance_point_in_time_proxy,
A_2023-10-30,A,2023-12-13,2023-12-12,128.7899932861328,2023-12-12,292123008.0,37622520239.04492,yfinance_point_in_time_proxy,
A_2025-04-08,A,2025-10-01,2025-09-30,128.35000610351562,2025-09-30,283500427.0,36387281535.799286,yfinance_point_in_time_proxy,
AA_2020-10-01,AA,2021-09-14,2021-09-13,49.220001220703125,2021-08-10,186866000.0,9197544748.10791,yfinance_point_in_time_proxy,
AA_2022-09-30,AA,2022-11-10,2022-11-09,40.68000030517578,2022-11-09,176936992.0,7197796888.556885,yfinance_point_in_time_proxy,
AA_2023-10-23,AA,2023-12-15,2023-12-14,29.899999618530273,2023-12-14,178472000.0,5336312731.918335,yfinance_point_in_time_proxy,
AA_2024-02-26,AA,2024-12-18,2024-12-17,38.439998626708984,2024-12-17,258355008.0,9931166152.723389,yfinance_point_in_time_proxy,
AA_2025-04-08,AA,2025-12-23,2025-12-22,53.720001220703125,2025-11-17,258964032.0,13911548115.158203,yfinance_point_in_time_proxy,
AAL_2022-03-07,AAL,2022-03-25,2022-03-24,16.719999313354492,2022-03-05,649160000.0,10853954754.257202,yfinance_point_in_time_proxy,
AAL_2022-09-26,AAL,2023-06-09,2023-06-08,15.300000190734863,2023-05-16,652862976.0,9988803657.32373,yfinance_point_in_time_proxy,
AAL_2024-08-07,AAL,2024-10-16,2024-10-15,12.029999732971191,2024-10-10,656704000.0,7900148944.641113,yfinance_point_in_time_proxy,
AAL_2025-04-08,AAL,2025-10-21,2025-10-20,12.170000076293945,2025-10-18,659828821.0,8030116801.910944,yfinance_point_in_time_proxy,
AAON_2021-07-27,AAON,2021-11-22,2021-11-19,51.61333465576172,2021-11-12,52469100.0,2708105217.386627,yfinance_point_in_time_proxy,
AAON_2022-05-05,AAON,2022-11-23,2022-11-22,53.03333282470703,2022-11-10,53199500.0,2821346789.6080017,yfinance_point_in_time_proxy,
AAON_2023-01-05,AAON,2023-11-28,2023-11-27,63.619998931884766,2023-11-25,81244896.0,5168800196.741089,yfinance_point_in_time_proxy,
AAON_2023-12-01,AAON,2024-11-29,2024-11-27,136.02999877929688,2024-11-28,81279600.0,11056463888.781738,yfinance_point_in_time_proxy,
AAPL_2020-11-02,AAPL,2021-10-21,2021-10-20,149.25999450683594,2021-10-12,16530199552.0,2467297494328.422,yfinance_point_in_time_proxy,
AAPL_2023-01-05,AAPL,2023-03-30,2023-03-29,160.77000427246094,2023-03-21,15821899776.0,2543686894585.9688,yfinance_point_in_time_proxy,
AAPL_2024-04-19,AAPL,2024-06-13,2024-06-12,213.07000732421875,2024-06-11,15334099968.0,3267236792492.0625,yfinance_point_in_time_proxy,
AAPL_2025-04-08,AAPL,2025-08-08,2025-08-07,220.02999877929688,2025-08-02,15318899712.0,3370617484931.5312,yfinance_point_in_time_proxy,
ABBV_2020-11-06,ABBV,2021-11-04,2021-11-03,117.56999969482422,2021-10-12,1767180032.0,207767355822.93945,yfinance_point_in_time_proxy,
ABBV_2021-11-30,ABBV,2022-11-07,2022-11-04,145.27999877929688,2022-11-04,1769319936.0,257046798142.26562,yfinance_point_in_time_proxy,
ABBV_2023-06-28,ABBV,2024-01-23,2024-01-22,165.38999938964844,2024-01-19,1765539968.0,292002654229.9199,yfinance_point_in_time_proxy,
ABBV_2024-05-29,ABBV,2025-02-18,2025-02-14,192.8699951171875,2025-02-12,1767139968.0,340828276999.5469,yfinance_point_in_time_proxy,
ABNB_2022-12-28,ABNB,2023-02-21,2023-02-17,131.60000610351562,2022-12-08,633177024.0,83326100223.00586,yfinance_point_in_time_proxy,
ABNB_2023-05-25,ABNB,2024-02-23,2024-02-22,155.25999450683594,2024-02-22,637865024.0,99034920122.34277,yfinance_point_in_time_proxy,
ABNB_2025-04-08,ABNB,2025-05-13,2025-05-12,134.2100067138672,2025-05-10,614054976.0,82412322451.64355,yfinance_point_in_time_proxy,
ABT_2020-06-29,ABT,2021-06-28,2021-06-25,112.72000122070312,2021-05-07,1776819968.0,200283148961.9297,yfinance_point_in_time_proxy,
ABT_2023-10-12,ABT,2024-02-21,2024-02-20,116.63999938964844,2024-02-20,1735180032.0,202391397873.41016,yfinance_point_in_time_proxy,
ABT_2024-07-18,ABT,2025-02-25,2025-02-24,134.9499969482422,2025-02-22,1734460032.0,234065376025.24805,yfinance_point_in_time_proxy,
ACGL_2021-02-25,ACGL,2022-02-23,2022-02-22,46.83000183105469,2022-02-12,378924000.0,17745011613.830566,yfinance_point_in_time_proxy,
ACGL_2022-09-26,ACGL,2023-02-27,2023-02-24,69.16999816894531,2023-02-17,370345984.0,25616831035.15625,yfinance_point_in_time_proxy,
ACGL_2023-03-15,ACGL,2024-02-29,2024-02-28,88.27999877929688,2024-02-27,374151008.0,33030050529.512695,yfinance_point_in_time_proxy,
ACI_2022-10-07,ACI,2023-09-08,2023-09-07,23.059999465942383,2023-08-22,575678976.0,13275156879.114258,yfinance_point_in_time_proxy,
ACM_2021-07-19,ACM,2022-04-21,2022-04-20,78.05000305175781,2022-03-19,141343008.0,11031822205.744629,yfinance_point_in_time_proxy,
ACM_2022-06-16,ACM,2023-04-25,2023-04-24,82.9000015258789,2023-04-22,138950000.0,11518955212.020874,yfinance_point_in_time_proxy,
ACM_2023-10-27,ACM,2024-08-08,2024-08-07,91.56999969482422,2024-07-24,136748992.0,12522105155.70752,yfinance_point_in_time_proxy,
ACM_2025-04-08,ACM,2025-08-13,2025-08-12,120.87999725341797,2025-08-12,132446000.0,16010072116.226196,yfinance_point_in_time_proxy,
ACN_2023-03-15,ACN,2023-06-15,2023-06-14,315.04998779296875,2023-05-16,632040000.0,199124194284.66797,yfinance_point_in_time_proxy,
ACN_2024-06-03,ACN,2024-10-09,2024-10-08,360.3800048828125,2024-09-28,636937984.0,229539713783.96875,yfinance_point_in_time_proxy,
ADBE_2022-09-30,ADBE,2023-01-23,2023-01-20,356.3800048828125,2023-01-19,457800000.0,163150766235.35156,yfinance_point_in_time_proxy,
ADBE_2023-02-24,ADBE,2024-01-25,2024-01-24,606.47998046875,2024-01-24,452000000.0,274128951171.875,yfinance_point_in_time_proxy,
ADC_2022-02-10,ADC,2022-07-29,2022-07-28,79.0,2022-07-28,75523600.0,5966364400.0,yfinance_point_in_time_proxy,
ADC_2023-10-02,ADC,2024-07-24,2024-07-23,66.69000244140625,2024-07-20,100974000.0,6733956306.518555,yfinance_point_in_time_proxy,
ADI_2020-09-23,ADI,2021-08-12,2021-08-11,170.4600067138672,2021-06-19,377991008.0,64432349761.461426,yfinance_point_in_time_proxy,
ADI_2022-10-14,ADI,2023-02-02,2023-02-01,176.58999633789062,2023-01-21,506369984.0,89419873620.17773,yfinance_point_in_time_proxy,
ADI_2023-10-30,ADI,2024-04-09,2024-04-08,196.69000244140625,2024-04-04,495908000.0,97540145730.71289,yfinance_point_in_time_proxy,
ADI_2025-04-04,ADI,2025-05-12,2025-05-09,207.50999450683594,2025-05-10,495976000.0,102919977035.52246,yfinance_point_in_time_proxy,
ADM_2021-07-22,ADM,2022-05-02,2022-04-29,89.55999755859375,2022-04-29,562707968.0,50396124240.28125,yfinance_point_in_time_proxy,
ADM_2024-01-25,ADM,2024-07-17,2024-07-16,64.55999755859375,2024-07-13,494438016.0,31920917105.835938,yfinance_point_in_time_proxy,
ADM_2025-04-08,ADM,2025-07-22,2025-07-21,54.150001525878906,2025-07-19,480449984.0,26016367366.708496,yfinance_point_in_time_proxy,
ADP_2020-09-23,ADP,2021-08-26,2021-08-25,208.19000244140625,2021-08-06,423080992.0,88081232757.39258,yfinance_point_in_time_proxy,
ADP_2022-02-23,ADP,2022-11-10,2022-11-09,240.3800048828125,2022-11-05,414828000.0,99716356665.52734,yfinance_point_in_time_proxy,
ADP_2023-11-01,ADP,2024-08-22,2024-08-21,267.8500061035156,2024-08-20,407795008.0,109227895381.7832,yfinance_point_in_time_proxy,
ADSK_2022-06-16,ADSK,2022-07-29,2022-07-28,212.16000366210938,2022-06-06,217272000.0,46096428315.67383,yfinance_point_in_time_proxy,
ADSK_2022-12-28,ADSK,2023-12-14,2023-12-13,234.91000366210938,2023-12-06,214750000.0,50446923286.43799,yfinance_point_in_time_proxy,
ADSK_2024-05-30,ADSK,2024-12-17,2024-12-16,304.8900146484375,2024-12-14,215508992.0,65706539727.75,yfinance_point_in_time_proxy,
AEE_2021-02-26,AEE,2021-12-30,2021-12-29,88.91000366210938,2021-11-08,257606000.0,22903750403.381348,yfinance_point_in_time_proxy,
AEE_2024-02-08,AEE,2024-09-25,2024-09-24,85.41000366210938,2024-09-24,266816992.0,22788840263.833008,yfinance_point_in_time_proxy,
AEIS_2022-06-16,AEIS,2022-08-01,2022-07-29,89.48999786376953,2022-06-11,38711300.0,3464274154.3037415,yfinance_point_in_time_proxy,
AEIS_2022-10-14,AEIS,2023-08-03,2023-08-02,123.18000030517578,2023-07-24,37533700.0,4623401177.454376,yfinance_point_in_time_proxy,
AEIS_2023-11-01,AEIS,2024-08-23,2024-08-22,107.58000183105469,2024-08-22,37672500.0,4052807618.9804077,yfinance_point_in_time_proxy,
AEIS_2025-04-04,AEIS,2025-08-28,2025-08-27,153.72999572753906,2025-08-27,37720000.0,5798695438.842773,yfinance_point_in_time_proxy,
AEP_2021-12-01,AEP,2022-04-06,2022-04-05,101.30999755859375,2022-03-20,504547008.0,51115656148.67578,yfinance_point_in_time_proxy,
AEP_2023-10-05,AEP,2024-05-09,2024-05-08,90.58000183105469,2024-05-08,527121984.0,47746710275.90918,yfinance_point_in_time_proxy,
AEP_2025-01-06,AEP,2025-10-06,2025-10-03,114.05999755859375,2025-10-03,534794763.0,60998689362.12872,yfinance_point_in_time_proxy,
AES_2020-06-19,AES,2021-06-17,2021-06-16,25.729999542236328,2021-05-10,666257024.0,17142792922.531738,yfinance_point_in_time_proxy,
AES_2022-06-14,AES,2022-08-10,2022-08-09,23.84000015258789,2022-08-06,667934016.0,15923547043.358643,yfinance_point_in_time_proxy,
AES_2023-10-06,AES,2023-11-03,2023-11-02,15.5,2023-11-01,669628992.0,10379249376.0,yfinance_point_in_time_proxy,
AES_2025-02-14,AES,2025-03-17,2025-03-14,12.3100004196167,2025-03-15,711900992.0,8763501510.245544,yfinance_point_in_time_proxy,
AFG_2020-09-23,AFG,2021-09-17,2021-09-16,133.05999755859375,2021-08-25,84749400.0,11276754957.092285,yfinance_point_in_time_proxy,
AFG_2023-10-23,AFG,2024-03-15,2024-03-14,131.49000549316406,2024-03-14,83661696.0,11000676866.607422,yfinance_point_in_time_proxy,
AFL_2021-12-01,AFL,2022-11-10,2022-11-09,67.5199966430664,2022-11-05,621788992.0,41983190652.535645,yfinance_point_in_time_proxy,
AFL_2023-03-15,AFL,2023-11-14,2023-11-13,81.43000030517578,2023-11-11,584380032.0,47586066184.09863,yfinance_point_in_time_proxy,
AFL_2024-02-01,AFL,2024-11-15,2024-11-14,109.68000030517578,2024-11-12,555528000.0,60930311209.53369,yfinance_point_in_time_proxy,
AGCO_2021-12-20,AGCO,2022-04-18,2022-04-14,141.50999450683594,2022-03-30,74541504.0,10548367821.57129,yfinance_point_in_time_proxy,
AGCO_2022-07-14,AGCO,2023-04-20,2023-04-19,126.69000244140625,2023-04-05,74846200.0,9482265260.72998,yfinance_point_in_time_proxy,
AGCO_2025-04-08,AGCO,2025-05-09,2025-05-08,98.08999633789062,2025-05-07,74586800.0,7316218938.85498,yfinance_point_in_time_proxy,
AIG_2021-07-08,AIG,2022-05-03,2022-05-02,59.060001373291016,2022-03-31,806248000.0,47617007987.213135,yfinance_point_in_time_proxy,
AIG_2022-09-30,AIG,2023-07-26,2023-07-25,59.88999938964844,2023-07-24,723753024.0,43345568165.61621,yfinance_point_in_time_proxy,
AIG_2023-08-22,AIG,2024-07-29,2024-07-26,77.23999786376953,2024-07-26,663667968.0,51261712430.572266,yfinance_point_in_time_proxy,
AIT_2021-01-29,AIT,2021-12-15,2021-12-14,100.16999816894531,2021-12-05,38457400.0,3852277687.5823975,yfinance_point_in_time_proxy,
AIT_2022-07-14,AIT,2022-12-16,2022-12-15,124.31999969482422,2022-12-14,38572000.0,4795271028.22876,yfinance_point_in_time_proxy,
AIT_2023-01-05,AIT,2023-12-20,2023-12-19,173.77000427246094,2023-12-19,38760000.0,6735325365.600586,yfinance_point_in_time_proxy,
AIT_2024-01-05,AIT,2024-12-23,2024-12-20,240.5800018310547,2024-12-21,38905200.0,9359813087.237549,yfinance_point_in_time_proxy,
AIZ_2020-07-09,AIZ,2021-06-18,2021-06-17,154.60000610351562,2021-05-11,60566600.0,9363596729.66919,yfinance_point_in_time_proxy,
AIZ_2023-03-17,AIZ,2023-08-02,2023-08-01,135.0399932861328,2023-07-25,53151600.0,7177591707.147217,yfinance_point_in_time_proxy,
AIZ_2023-09-07,AIZ,2024-08-09,2024-08-08,170.27000427246094,2024-08-07,51985800.0,8851622388.1073,yfinance_point_in_time_proxy,
AIZ_2025-04-08,AIZ,2025-12-15,2025-12-12,229.3000030517578,2025-11-17,50459212.0,11570297465.589294,yfinance_point_in_time_proxy,
AJG_2020-09-23,AJG,2021-09-20,2021-09-17,148.38999938964844,2021-09-11,208630000.0,30958605572.662354,yfinance_point_in_time_proxy,
AJG_2022-01-27,AJG,2022-11-08,2022-11-07,191.99000549316406,2022-11-05,210840000.0,40479172758.17871,yfinance_point_in_time_proxy,
AJG_2023-03-15,AJG,2023-11-10,2023-11-09,246.77000427246094,2023-10-28,215911008.0,53280360366.63135,yfinance_point_in_time_proxy,
AJG_2023-12-20,AJG,2024-11-13,2024-11-12,295.2699890136719,2024-11-08,219446000.0,64795818009.09424,yfinance_point_in_time_proxy,
AKAM_2023-03-13,AKAM,2023-05-30,2023-05-26,90.56999969482422,2023-05-20,152202000.0,13784935093.551636,yfinance_point_in_time_proxy,
AKAM_2025-04-08,AKAM,2025-11-11,2025-11-10,87.12000274658203,2025-11-08,144000000.0,12545280395.507812,yfinance_point_in_time_proxy,
ALB_2021-03-08,ALB,2022-01-14,2022-01-13,235.22999572753906,2021-11-09,116976000.0,27516263980.22461,yfinance_point_in_time_proxy,
ALB_2022-03-07,ALB,2023-01-19,2023-01-18,243.8000030517578,2023-01-05,117153000.0,28561901757.522583,yfinance_point_in_time_proxy,
ALB_2024-02-05,ALB,2024-03-01,2024-02-29,137.85000610351562,2024-02-28,117403000.0,16184004266.571045,yfinance_point_in_time_proxy,
ALB_2025-04-08,ALB,2025-07-02,2025-07-01,62.900001525878906,2025-06-28,117661000.0,7400877079.536438,yfinance_point_in_time_proxy,
ALGM_2022-07-05,ALGM,2023-01-09,2023-01-06,30.100000381469727,2022-12-08,191308000.0,5758370872.97821,yfinance_point_in_time_proxy,
ALGM_2023-11-09,ALGM,2024-03-01,2024-02-29,31.489999771118164,2024-02-29,193126000.0,6081537695.796967,yfinance_point_in_time_proxy,
ALGM_2024-11-15,ALGM,2025-03-06,2025-03-05,26.780000686645508,2025-03-04,184124992.0,4930867412.188599,yfinance_point_in_time_proxy,
ALGN_2022-11-09,ALGN,2023-01-09,2023-01-06,220.77000427246094,2022-12-08,78112400.0,17244874881.732178,yfinance_point_in_time_proxy,
ALGN_2023-11-01,ALGN,2024-01-11,2024-01-10,276.7900085449219,2024-01-09,76589104.0,21199098750.60791,yfinance_point_in_time_proxy,
ALGN_2025-04-08,ALGN,2025-05-12,2025-05-09,181.8800048828125,2025-05-10,72484800.0,13183535777.929688,yfinance_point_in_time_proxy,
ALK_2021-12-01,ALK,2022-02-16,2022-02-15,59.90999984741211,2022-02-11,125906000.0,7543028440.788269,yfinance_point_in_time_proxy,
ALK_2023-03-24,ALK,2023-06-12,2023-06-09,48.650001525878906,2023-06-06,127911000.0,6222870345.176697,yfinance_point_in_time_proxy,
ALK_2023-11-01,ALK,2024-06-13,2024-06-12,41.5099983215332,2024-06-12,126892000.0,5267286707.015991,yfinance_point_in_time_proxy,
ALK_2024-08-05,ALK,2025-06-18,2025-06-17,46.70000076293945,2025-06-17,121393000.0,5669053192.615509,yfinance_point_in_time_proxy,
ALL_2020-07-09,ALL,2021-06-09,2021-06-08,134.5800018310547,2021-05-10,299339008.0,40285044244.74609,yfinance_point_in_time_proxy,
ALL_2021-12-01,ALL,2022-10-18,2022-10-17,133.5,2022-09-02,270296000.0,36084516000.0,yfinance_point_in_time_proxy,
ALL_2023-07-14,ALL,2023-11-02,2023-11-01,129.75,2023-10-26,261574000.0,33939226500.0,yfinance_point_in_time_proxy,
ALL_2023-11-09,ALL,2024-11-05,2024-11-04,182.3699951171875,2024-11-01,268948992.0,49048226357.8125,yfinance_point_in_time_proxy,
ALLE_2022-09-27,ALLE,2023-01-31,2023-01-30,114.44999694824219,2022-10-29,87844800.0,10053837091.918945,yfinance_point_in_time_proxy,
ALLE_2023-10-25,ALLE,2024-02-02,2024-02-01,127.2300033569336,2024-01-30,87787600.0,11169216642.697144,yfinance_point_in_time_proxy,
ALLE_2024-07-09,ALLE,2025-07-01,2025-06-30,144.1199951171875,2025-06-27,86049296.0,12401424119.357422,yfinance_point_in_time_proxy,
ALLY_2022-12-19,ALLY,2023-01-20,2023-01-19,26.190000534057617,2022-11-09,298647008.0,7821565299.014709,yfinance_point_in_time_proxy,
ALLY_2023-03-17,ALLY,2024-01-24,2024-01-23,36.54999923706055,2024-01-20,302459008.0,11054876511.64209,yfinance_point_in_time_proxy,
ALLY_2025-04-21,ALLY,2025-06-26,2025-06-25,38.150001525878906,2025-06-25,307175008.0,11718727023.911865,yfinance_point_in_time_proxy,
ALV_2020-09-25,ALV,2021-09-24,2021-09-23,86.58000183105469,2021-08-14,88293904.0,7644486369.990967,yfinance_point_in_time_proxy,
ALV_2022-06-16,ALV,2022-11-10,2022-11-09,81.79000091552734,2022-10-22,86836600.0,7102365593.501282,yfinance_point_in_time_proxy,
ALV_2022-12-22,ALV,2023-11-14,2023-11-13,97.0999984741211,2023-11-09,84304600.0,8185976531.361389,yfinance_point_in_time_proxy,
ALV_2025-04-08,ALV,2025-05-12,2025-05-09,97.95999908447266,2025-05-10,77305200.0,7572817321.224976,yfinance_point_in_time_proxy,
AM_2021-01-04,AM,2021-12-15,2021-12-14,9.260000228881836,2021-11-06,477504000.0,4421687149.291992,yfinance_point_in_time_proxy,
AM_2022-07-06,AM,2023-01-09,2023-01-06,11.029999732971191,2022-11-25,478484992.0,5277689333.990723,yfinance_point_in_time_proxy,
AM_2023-03-23,AM,2024-01-11,2024-01-10,12.289999961853027,2024-01-06,479712992.0,5895672653.380402,yfinance_point_in_time_proxy,
AM_2024-02-13,AM,2025-01-15,2025-01-14,16.1299991607666,2025-01-11,481324000.0,7763755716.056824,yfinance_point_in_time_proxy,
AMAT_2022-10-17,AMAT,2022-11-08,2022-11-07,95.04000091552734,2022-09-17,860793024.0,81809769789.03955,yfinance_point_in_time_proxy,
AMAT_2022-12-28,AMAT,2023-11-10,2023-11-09,143.1699981689453,2023-11-09,836534016.0,119766573538.98047,yfinance_point_in_time_proxy,
AMAT_2025-04-04,AMAT,2025-05-12,2025-05-09,155.61000061035156,2025-05-10,814476992.0,126740765222.2373,yfinance_point_in_time_proxy,
AMCR_2023-10-23,AMCR,2024-08-08,2024-08-07,51.95000076293945,2024-08-07,1445340032.0,75085415765.10693,yfinance_point_in_time_proxy,
AMD_2021-06-09,AMD,2022-06-02,2022-06-01,101.22000122070312,2022-05-10,1620509952.0,164028019319.60156,yfinance_point_in_time_proxy,
AMD_2022-10-14,AMD,2023-06-06,2023-06-05,117.93000030517578,2023-05-16,1610360064.0,189909762838.9629,yfinance_point_in_time_proxy,
AMD_2023-10-26,AMD,2024-06-07,2024-06-06,166.77999877929688,2024-06-05,1616310016.0,269568182495.4453,yfinance_point_in_time_proxy,
AMD_2025-04-08,AMD,2025-06-12,2025-06-11,121.13999938964844,2025-06-11,1621400064.0,196416402763.33594,yfinance_point_in_time_proxy,
AME_2022-06-17,AME,2022-11-10,2022-11-09,135.69000244140625,2022-11-05,229654000.0,31161751820.67871,yfinance_point_in_time_proxy,
AME_2023-04-26,AME,2024-02-14,2024-02-13,168.0399932861328,2024-02-13,230799008.0,38783463754.76611,yfinance_point_in_time_proxy,
AME_2025-04-08,AME,2025-10-30,2025-10-29,184.19000244140625,2025-10-28,230953960.0,42539410456.25244,yfinance_point_in_time_proxy,
AMG_2022-09-30,AMG,2022-11-10,2022-11-09,141.44000244140625,2022-11-09,37668600.0,5327846875.964355,yfinance_point_in_time_proxy,
AMG_2023-10-25,AMG,2024-03-04,2024-03-01,157.24000549316406,2024-03-01,32794100.0,5156544464.143372,yfinance_point_in_time_proxy,
AMG_2025-04-08,AMG,2025-06-24,2025-06-23,183.4499969482422,2025-06-21,28428900.0,5215281618.241882,yfinance_point_in_time_proxy,
AMGN_2021-11-30,AMGN,2022-05-27,2022-05-26,253.0500030517578,2022-05-14,534200000.0,135179311630.24902,yfinance_point_in_time_proxy,
AMGN_2023-06-01,AMGN,2023-10-11,2023-10-10,271.25,2023-09-17,534900992.0,145091894080.0,yfinance_point_in_time_proxy,
AMGN_2023-10-31,AMGN,2024-10-14,2024-10-11,328.3500061035156,2024-10-12,537329024.0,176431988309.9961,yfinance_point_in_time_proxy,
AMGN_2025-01-06,AMGN,2025-11-11,2025-11-10,323.6600036621094,2025-11-08,538480671.0,174284655947.8351,yfinance_point_in_time_proxy,
AMH_2023-03-23,AMH,2023-07-31,2023-07-28,36.9900016784668,2023-07-21,413276992.0,15287116627.751709,yfinance_point_in_time_proxy,
AMH_2023-10-27,AMH,2024-09-12,2024-09-11,40.099998474121094,2024-09-11,410336992.0,16454512753.07544,yfinance_point_in_time_proxy,
AMKR_2021-05-12,AMKR,2022-03-18,2022-03-17,23.15999984741211,2022-02-22,244614000.0,5665260202.674866,yfinance_point_in_time_proxy,
AMKR_2022-07-01,AMKR,2023-03-22,2023-03-21,25.309999465942383,2023-03-08,245284000.0,6208137909.004211,yfinance_point_in_time_proxy,
AMKR_2023-05-04,AMKR,2024-03-25,2024-03-22,31.649999618530273,2024-03-23,245970000.0,7784950406.169891,yfinance_point_in_time_proxy,
AMKR_2025-04-04,AMKR,2025-05-12,2025-05-09,18.15999984741211,2025-05-09,247056000.0,4486536922.302246,yfinance_point_in_time_proxy,
AMP_2021-02-08,AMP,2022-02-04,2022-02-03,304.25,2022-01-28,110900000.0,33741325000.0,yfinance_point_in_time_proxy,
AMP_2022-07-14,AMP,2023-02-08,2023-02-07,353.3299865722656,2023-01-28,105300000.0,37205647586.05957,yfinance_point_in_time_proxy,
AMP_2023-03-17,AMP,2024-02-12,2024-02-09,396.94000244140625,2024-02-02,100200000.0,39773388244.62891,yfinance_point_in_time_proxy,
AMT_2023-10-04,AMT,2023-11-28,2023-11-27,201.2100067138672,2023-11-25,466164992.0,93797061170.08984,yfinance_point_in_time_proxy,
AMT_2024-04-18,AMT,2025-03-31,2025-03-28,215.55999755859375,2025-03-26,467456992.0,100765028054.26758,yfinance_point_in_time_proxy,
AMZN_2022-06-14,AMZN,2022-07-29,2022-07-28,122.27999877929688,2022-06-06,10174400512.0,1244125682187.4375,yfinance_point_in_time_proxy,
AMZN_2022-12-28,AMZN,2023-08-02,2023-08-01,131.69000244140625,2023-07-13,10260400128.0,1351192117906.125,yfinance_point_in_time_proxy,
AMZN_2023-10-26,AMZN,2024-08-05,2024-08-02,167.89999389648438,2024-08-03,10495599616.0,1762211111466.3438,yfinance_point_in_time_proxy,
AN_2020-07-31,AN,2021-07-26,2021-07-23,116.72000122070312,2021-07-24,71595400.0,8356615175.3967285,yfinance_point_in_time_proxy,
AN_2022-04-06,AN,2022-08-16,2022-08-15,123.5199966430664,2022-08-12,55983600.0,6915094084.066772,yfinance_point_in_time_proxy,
AN_2022-10-20,AN,2023-08-18,2023-08-17,154.33999633789062,2023-07-26,44047600.0,6798306422.692871,yfinance_point_in_time_proxy,
AN_2023-10-25,AN,2024-08-21,2024-08-20,173.67999267578125,2024-08-20,39679200.0,6891483165.380859,yfinance_point_in_time_proxy,
AN_2024-10-31,AN,2025-08-26,2025-08-25,219.11000061035156,2025-08-25,37706000.0,8261761683.013916,yfinance_point_in_time_proxy,
ANET_2020-09-21,ANET,2021-09-15,2021-09-14,22.360000610351562,2021-08-26,76716600.0,1715383222.8240967,yfinance_point_in_time_proxy,
ANET_2021-09-30,ANET,2022-09-16,2022-09-15,29.235000610351562,2021-11-23,307300000.0,8983915687.561035,yfinance_point_in_time_proxy,
ANET_2022-10-14,ANET,2023-09-20,2023-09-19,46.20750045776367,2023-09-07,309580992.0,14304963829.554932,yfinance_point_in_time_proxy,
ANET_2023-10-26,ANET,2024-09-23,2024-09-20,96.11499786376953,2024-09-21,314152992.0,30194814154.976807,yfinance_point_in_time_proxy,
ANET_2025-04-04,ANET,2025-09-26,2025-09-25,143.05999755859375,2025-09-25,1256865381.0,179807158337.341,yfinance_point_in_time_proxy,
ANF_2022-07-14,ANF,2022-08-16,2022-08-15,19.790000915527344,2022-06-11,50446900.0,998344197.1855164,yfinance_point_in_time_proxy,
ANF_2022-08-31,ANF,2023-08-18,2023-08-17,41.11000061035156,2023-07-15,50065000.0,2058172180.557251,yfinance_point_in_time_proxy,
ANF_2023-08-22,ANF,2024-08-21,2024-08-20,166.0500030517578,2024-08-15,51105300.0,8486035220.960999,yfinance_point_in_time_proxy,
ANF_2025-04-08,ANF,2025-08-26,2025-08-25,99.76000213623047,2025-08-23,47643300.0,4752895709.777069,yfinance_point_in_time_proxy,
AON_2021-07-19,AON,2022-04-14,2022-04-13,330.1000061035156,2022-02-22,213944000.0,70622915705.81055,yfinance_point_in_time_proxy,
AON_2022-06-16,AON,2023-04-19,2023-04-18,331.8699951171875,2023-04-06,205142000.0,68080474538.33008,yfinance_point_in_time_proxy,
AON_2024-05-29,AON,2024-10-09,2024-10-08,353.9700012207031,2024-10-08,217242000.0,76897151005.18799,yfinance_point_in_time_proxy,
AOS_2022-09-30,AOS,2023-01-31,2023-01-30,59.560001373291016,2023-01-06,152776000.0,9099338769.805908,yfinance_point_in_time_proxy,
AOS_2023-05-31,AOS,2024-02-27,2024-02-26,81.58999633789062,2024-02-16,147195008.0,12009640163.675781,yfinance_point_in_time_proxy,
APA_2020-10-28,APA,2021-09-17,2021-09-16,20.489999771118164,2021-08-09,378022016.0,7745671021.317627,yfinance_point_in_time_proxy,
APA_2021-09-21,APA,2022-09-20,2022-09-19,40.45000076293945,2022-09-02,326529984.0,13208138101.922607,yfinance_point_in_time_proxy,
APA_2022-09-26,APA,2023-09-25,2023-09-22,40.220001220703125,2023-09-21,307264992.0,12358198353.319336,yfinance_point_in_time_proxy,
APA_2025-04-08,APA,2025-05-13,2025-05-12,17.709999084472656,2025-04-30,368568000.0,6527338942.565918,yfinance_point_in_time_proxy,
APD_2022-03-14,APD,2022-11-08,2022-11-07,277.6300048828125,2022-10-23,221799008.0,61578059674.04297,yfinance_point_in_time_proxy,
APD_2024-02-07,APD,2024-06-07,2024-06-06,269.7200012207031,2024-06-04,222306000.0,59960374591.36963,yfinance_point_in_time_proxy,
APG_2022-09-30,APG,2022-11-04,2022-11-03,11.34000015258789,2022-10-15,233771008.0,2650963266.390625,yfinance_point_in_time_proxy,
APG_2022-11-09,APG,2023-11-08,2023-11-07,17.906667709350586,2023-11-07,235559008.0,4218076882.2002563,yfinance_point_in_time_proxy,
APG_2025-04-08,APG,2025-11-14,2025-11-13,37.529998779296875,2025-11-13,415905916.0,15608948519.782349,yfinance_point_in_time_proxy,
APH_2022-06-16,APH,2022-12-01,2022-11-30,40.21500015258789,2022-11-25,595094976.0,23931744550.644287,yfinance_point_in_time_proxy,
APH_2023-05-24,APH,2023-12-11,2023-12-08,46.6150016784668,2023-12-09,598310016.0,27890222400.083496,yfinance_point_in_time_proxy,
APH_2024-01-05,APH,2024-12-12,2024-12-11,73.52999877929688,2024-12-11,1223209984.0,89942628630.34375,yfinance_point_in_time_proxy,
APH_2025-04-04,APH,2025-12-17,2025-12-16,129.1300048828125,2025-11-17,1224055508.0,158062293724.87354,yfinance_point_in_time_proxy,
APO_2021-04-08,APO,2022-03-28,2022-03-25,62.5,2022-01-04,600000000.0,37500000000.0,yfinance_point_in_time_proxy,
APO_2022-06-16,APO,2023-03-30,2023-03-29,60.65999984741211,2022-09-02,600000000.0,36395999908.447266,yfinance_point_in_time_proxy,
APO_2023-05-04,APO,2024-04-03,2024-04-02,110.55999755859375,2024-03-27,568161024.0,62815881426.328125,yfinance_point_in_time_proxy,
APO_2024-08-05,APO,2025-04-09,2025-04-08,110.41000366210938,2025-04-04,570480000.0,62986698889.16016,yfinance_point_in_time_proxy,
APP_2022-12-27,APP,2023-06-23,2023-06-22,23.700000762939453,2023-06-11,347908992.0,8245443375.833496,yfinance_point_in_time_proxy,
APP_2023-07-06,APP,2024-06-26,2024-06-25,81.20999908447266,2024-06-25,329014016.0,26719227938.13867,yfinance_point_in_time_proxy,
APP_2024-08-05,APP,2025-07-01,2025-06-30,350.0799865722656,2025-06-28,352615008.0,123443457265.81934,yfinance_point_in_time_proxy,
APPF_2022-05-11,APPF,2022-05-27,2022-05-26,104.31999969482422,2022-05-15,34899800.0,3640747125.3494263,yfinance_point_in_time_proxy,
APPF_2022-06-14,APPF,2023-06-01,2023-05-31,143.14999389648438,2023-05-31,35485800.0,5079792053.411865,yfinance_point_in_time_proxy,
APPF_2023-06-05,APPF,2024-06-04,2024-06-03,227.3699951171875,2024-06-01,36213300.0,8233817844.177246,yfinance_point_in_time_proxy,
APPF_2025-04-25,APPF,2025-07-17,2025-07-16,245.94000244140625,2025-07-12,36028600.0,8860873971.96045,yfinance_point_in_time_proxy,
APTV_2022-09-30,APTV,2022-11-10,2022-11-09,97.47000122070312,2022-11-09,270950016.0,26409498390.26953,yfinance_point_in_time_proxy,
APTV_2025-04-11,APTV,2025-05-12,2025-05-09,61.970001220703125,2025-05-10,217730000.0,13492728365.783691,yfinance_point_in_time_proxy,
AR_2020-09-10,AR,2021-09-08,2021-09-07,15.9399995803833,2021-08-15,313864992.0,5003007840.777008,yfinance_point_in_time_proxy,
AR_2021-12-01,AR,2022-09-09,2022-09-08,39.279998779296875,2022-09-02,306119008.0,12024354260.55957,yfinance_point_in_time_proxy,
AR_2023-05-04,AR,2023-09-13,2023-09-12,27.049999237060547,2023-08-22,300384000.0,8125386970.825195,yfinance_point_in_time_proxy,
AR_2023-12-12,AR,2024-09-16,2024-09-13,26.489999771118164,2024-09-05,319736000.0,8469806566.818237,yfinance_point_in_time_proxy,
AR_2024-11-01,AR,2025-09-23,2025-09-22,32.58000183105469,2025-09-20,310880091.0,10128473934.018448,yfinance_point_in_time_proxy,
ARE_2022-06-16,ARE,2022-08-12,2022-08-11,166.97000122070312,2022-08-07,163168000.0,27244161159.179688,yfinance_point_in_time_proxy,
ARE_2023-10-27,ARE,2023-12-04,2023-12-01,118.13999938964844,2023-12-02,173775008.0,20529779339.056152,yfinance_point_in_time_proxy,
ARE_2025-05-23,ARE,2025-09-18,2025-09-17,85.13999938964844,2025-09-17,170721043.0,14535189496.820145,yfinance_point_in_time_proxy,
ARES_2020-09-08,ARES,2021-08-19,2021-08-18,71.72000122070312,2021-08-11,163459008.0,11723280253.294922,yfinance_point_in_time_proxy,
ARES_2022-06-16,ARES,2022-08-22,2022-08-19,74.87999725341797,2022-08-13,293931008.0,22009553071.734375,yfinance_point_in_time_proxy,
ARES_2022-10-14,ARES,2023-08-24,2023-08-23,99.62000274658203,2023-08-23,303623008.0,30246924890.885498,yfinance_point_in_time_proxy,
ARES_2023-10-31,ARES,2024-08-27,2024-08-26,146.9600067138672,2024-08-17,312992992.0,45997452205.71338,yfinance_point_in_time_proxy,
ARES_2025-04-04,ARES,2025-09-02,2025-08-29,179.1999969482422,2025-08-19,326707008.0,58545894836.569336,yfinance_point_in_time_proxy,
ARMK_2020-07-09,ARMK,2021-06-10,2021-06-09,26.873645782470703,2021-05-13,254942000.0,6851221003.074646,yfinance_point_in_time_proxy,
ARMK_2022-06-16,ARMK,2022-08-18,2022-08-17,27.24187660217285,2022-08-13,257716992.0,7020694494.347168,yfinance_point_in_time_proxy,
ARMK_2023-03-22,ARMK,2024-02-22,2024-02-21,30.469999313354492,2024-02-17,262454000.0,7996973199.78714,yfinance_point_in_time_proxy,
ARMK_2025-04-08,ARMK,2025-05-19,2025-05-16,39.25,2025-05-16,262071008.0,10286287064.0,yfinance_point_in_time_proxy,
ARW_2022-10-12,ARW,2023-02-01,2023-01-31,117.48999786376953,2022-11-09,61508300.0,7226610035.604095,yfinance_point_in_time_proxy,
ARW_2025-04-07,ARW,2025-05-08,2025-05-07,115.45999908447266,2025-05-07,51874000.0,5989371992.507935,yfinance_point_in_time_proxy,
ARWR_2022-06-16,ARWR,2022-07-05,2022-07-01,35.959999084472656,2022-06-03,105736000.0,3802266463.195801,yfinance_point_in_time_proxy,
ARWR_2023-03-23,ARWR,2023-07-07,2023-07-06,34.540000915527344,2023-06-24,106900000.0,3692326097.869873,yfinance_point_in_time_proxy,
ARWR_2023-11-30,ARWR,2024-07-11,2024-07-10,26.81999969482422,2024-07-10,124200000.0,3331043962.097168,yfinance_point_in_time_proxy,
ARWR_2025-04-08,ARWR,2025-07-16,2025-07-15,17.6299991607666,2025-07-15,138100000.0,2434702884.1018677,yfinance_point_in_time_proxy,
ASB_2022-07-14,ASB,2022-10-24,2022-10-21,22.510000228881836,2022-09-12,150304992.0,3383365404.3220825,yfinance_point_in_time_proxy,
ASB_2023-05-16,ASB,2023-12-01,2023-11-30,17.739999771118164,2023-11-29,150940000.0,2677675565.4525757,yfinance_point_in_time_proxy,
ASB_2023-12-05,ASB,2024-12-04,2024-12-03,25.950000762939453,2024-12-03,165055008.0,4283177583.5269775,yfinance_point_in_time_proxy,
ASB_2025-04-08,ASB,2025-12-09,2025-12-08,26.1200008392334,2025-11-17,165922444.0,4333894376.527657,yfinance_point_in_time_proxy,
ASGN_2020-09-23,ASGN,2021-09-15,2021-09-14,110.9000015258789,2021-09-04,52900000.0,5866610080.718994,yfinance_point_in_time_proxy,
ASGN_2023-05-16,ASGN,2023-07-19,2023-07-18,82.8499984741211,2023-07-13,49300000.0,4084504924.77417,yfinance_point_in_time_proxy,
ASGN_2023-07-31,ASGN,2024-07-22,2024-07-19,102.69999694824219,2024-07-20,45900000.0,4713929859.924316,yfinance_point_in_time_proxy,
ASH_2021-08-19,ASH,2022-04-14,2022-04-13,106.08000183105469,2022-03-04,56939100.0,6040099832.258606,yfinance_point_in_time_proxy,
ASH_2023-11-10,ASH,2024-02-01,2024-01-31,93.62000274658203,2024-01-06,50790900.0,4755044197.501373,yfinance_point_in_time_proxy,
ASH_2025-04-08,ASH,2025-12-10,2025-12-09,57.599998474121094,2025-11-22,45718113.0,2633363239.0396957,yfinance_point_in_time_proxy,
ASML_2022-07-06,ASML,2022-07-28,2022-07-27,546.1799926757812,2022-07-27,408295008.0,223002564478.99805,yfinance_point_in_time_proxy,
ASML_2022-10-14,ASML,2023-08-01,2023-07-31,716.4099731445312,2023-07-27,399659008.0,286319699188.25,yfinance_point_in_time_proxy,
ASML_2023-10-03,ASML,2024-08-02,2024-08-01,883.7100219726562,2024-08-01,393200000.0,347474780639.64844,yfinance_point_in_time_proxy,
ASML_2025-04-08,ASML,2025-08-27,2025-08-26,763.2000122070312,2025-08-23,393200000.0,300090244799.8047,yfinance_point_in_time_proxy,
ATI_2020-11-06,ATI,2021-11-05,2021-11-04,16.59000015258789,2021-11-04,127248000.0,2111044339.416504,yfinance_point_in_time_proxy,
ATI_2021-12-01,ATI,2022-11-08,2022-11-07,29.06999969482422,2022-10-22,129902000.0,3776251100.3570557,yfinance_point_in_time_proxy,
ATI_2022-11-28,ATI,2023-11-10,2023-11-09,42.65999984741211,2023-11-04,127577000.0,5442434800.533295,yfinance_point_in_time_proxy,
ATI_2024-02-01,ATI,2024-11-13,2024-11-12,58.7599983215332,2024-11-09,142643008.0,8381702910.658447,yfinance_point_in_time_proxy,
ATI_2025-04-08,ATI,2025-11-18,2025-11-17,98.75,2025-11-17,137832132.0,13610923035.0,yfinance_point_in_time_proxy,
ATO_2021-02-26,ATO,2022-02-09,2022-02-08,106.56999969482422,2021-12-21,132705000.0,14142371809.501648,yfinance_point_in_time_proxy,
ATO_2023-10-02,ATO,2024-08-26,2024-08-23,130.08999633789062,2024-08-23,155232992.0,20194259360.799805,yfinance_point_in_time_proxy,
ATR_2022-10-12,ATR,2023-04-21,2023-04-20,119.02999877929688,2023-04-01,65384900.0,7782764567.184448,yfinance_point_in_time_proxy,
ATR_2023-07-06,ATR,2024-04-29,2024-04-26,143.3300018310547,2024-04-25,66231900.0,9493018348.274231,yfinance_point_in_time_proxy,
AVAV_2022-01-28,AVAV,2022-02-28,2022-02-25,62.27000045776367,2022-02-12,24813200.0,1545117975.3585815,yfinance_point_in_time_proxy,
AVAV_2022-05-11,AVAV,2023-04-04,2023-04-03,91.94999694824219,2023-03-26,25264000.0,2323024722.9003906,yfinance_point_in_time_proxy,
AVAV_2023-06-26,AVAV,2024-04-08,2024-04-05,148.52999877929688,2024-03-28,28135700.0,4178995486.654663,yfinance_point_in_time_proxy,
AVAV_2025-04-04,AVAV,2025-04-11,2025-04-10,138.97000122070312,2025-04-10,28218800.0,3921566670.4467773,yfinance_point_in_time_proxy,
AVB_2021-04-08,AVB,2022-03-30,2022-03-29,258.260009765625,2022-03-22,140066000.0,36173446527.83203,yfinance_point_in_time_proxy,
AVB_2023-03-23,AVB,2023-07-14,2023-07-13,195.72000122070312,2023-07-13,141999008.0,27792046019.098633,yfinance_point_in_time_proxy,
AVB_2023-10-27,AVB,2024-07-17,2024-07-16,205.50999450683594,2024-07-11,142186000.0,29220644078.948975,yfinance_point_in_time_proxy,
AVGO_2021-03-08,AVGO,2022-01-25,2022-01-24,54.15800094604492,2021-12-21,412873984.0,22360429616.069336,yfinance_point_in_time_proxy,
AVGO_2022-10-14,AVGO,2023-01-27,2023-01-26,59.858001708984375,2023-01-05,417886016.0,25013821859.88867,yfinance_point_in_time_proxy,
AVGO_2023-02-22,AVGO,2024-01-31,2024-01-30,120.81600189208984,2024-01-24,468140992.0,56558922975.23682,yfinance_point_in_time_proxy,
AVGO_2024-04-19,AVGO,2025-02-04,2025-02-03,217.72999572753906,2025-02-01,4687360000.0,1020578872773.4375,yfinance_point_in_time_proxy,
AVNT_2020-07-31,AVNT,2021-07-28,2021-07-27,47.849998474121094,2021-06-29,91297400.0,4368580450.691223,yfinance_point_in_time_proxy,
AVNT_2022-11-03,AVNT,2023-01-06,2023-01-05,35.95000076293945,2022-11-09,90943504.0,3269419038.184387,yfinance_point_in_time_proxy,
AVNT_2023-10-27,AVNT,2024-02-29,2024-02-28,39.83000183105469,2024-02-28,91179296.0,3631671526.6342773,yfinance_point_in_time_proxy,
AVNT_2025-04-08,AVNT,2025-05-12,2025-05-09,36.79999923706055,2025-05-10,92851000.0,3416916729.160309,yfinance_point_in_time_proxy,
AVT_2020-10-29,AVT,2021-09-08,2021-09-07,38.900001525878906,2021-08-17,99503600.0,3870690191.8304443,yfinance_point_in_time_proxy,
AVT_2022-09-26,AVT,2023-01-26,2023-01-25,45.290000915527344,2022-11-13,91517296.0,4144818419.626587,yfinance_point_in_time_proxy,
AVT_2023-05-16,AVT,2024-05-08,2024-05-07,51.09000015258789,2024-05-04,90380200.0,4617524431.790924,yfinance_point_in_time_proxy,
AVT_2025-04-08,AVT,2025-07-01,2025-06-30,53.08000183105469,2025-06-28,83857296.0,4451145425.227295,yfinance_point_in_time_proxy,
AVTR_2020-07-28,AVTR,2021-07-26,2021-07-23,37.18000030517578,2021-04-30,582137984.0,21643890422.774414,yfinance_point_in_time_proxy,
AVTR_2022-10-28,AVTR,2023-03-03,2023-03-02,24.770000457763672,2023-02-17,674444032.0,16705978981.375977,yfinance_point_in_time_proxy,
AVTR_2023-10-30,AVTR,2024-03-06,2024-03-05,25.0,2024-03-01,678281024.0,16957025600.0,yfinance_point_in_time_proxy,
AVTR_2025-08-06,AVTR,2025-10-16,2025-10-15,13.869999885559082,2025-10-14,681738675.0,9455715344.231201,yfinance_point_in_time_proxy,
AVY_2022-06-16,AVY,2022-08-12,2022-08-11,198.75999450683594,2022-08-06,81256400.0,16150521617.645264,yfinance_point_in_time_proxy,
AVY_2023-06-01,AVY,2024-02-09,2024-02-08,202.97000122070312,2024-02-01,80531296.0,16345437247.424805,yfinance_point_in_time_proxy,
AWK_2021-03-03,AWK,2021-12-13,2021-12-10,176.13999938964844,2021-11-04,181538000.0,31976103209.197998,yfinance_point_in_time_proxy,
AWK_2024-04-16,AWK,2024-08-02,2024-08-01,144.5,2024-08-01,194863008.0,28157704656.0,yfinance_point_in_time_proxy,
AXON_2022-05-11,AXON,2022-07-29,2022-07-28,107.91999816894531,2022-05-14,71011400.0,7663550157.974243,yfinance_point_in_time_proxy,
AXON_2022-09-26,AXON,2023-08-02,2023-08-01,183.3300018310547,2023-07-13,73885296.0,13545391450.968018,yfinance_point_in_time_proxy,
AXON_2023-08-08,AXON,2024-08-05,2024-08-02,292.3599853515625,2024-08-02,75467200.0,22063589486.523438,yfinance_point_in_time_proxy,
AXP_2022-09-30,AXP,2023-01-31,2023-01-30,172.66000366210938,2023-01-29,743000000.0,128286382720.94727,yfinance_point_in_time_proxy,
AXP_2023-10-27,AXP,2024-02-02,2024-02-01,203.22000122070312,2024-02-01,723000000.0,146928060882.56836,yfinance_point_in_time_proxy,
AXTA_2020-06-26,AXTA,2021-06-22,2021-06-21,31.530000686645508,2021-04-28,232947008.0,7344819322.192017,yfinance_point_in_time_proxy,
AXTA_2022-09-30,AXTA,2023-01-11,2023-01-10,26.920000076293945,2022-10-28,220608992.0,5938794081.47113,yfinance_point_in_time_proxy,
AXTA_2023-10-27,AXTA,2024-03-08,2024-03-07,33.029998779296875,2024-03-06,220140000.0,7271223931.274414,yfinance_point_in_time_proxy,
AYI_2020-10-30,AYI,2021-09-14,2021-09-13,172.7100067138672,2021-07-02,35708100.0,6167146190.739441,yfinance_point_in_time_proxy,
AYI_2022-06-23,AYI,2022-11-10,2022-11-09,184.67999267578125,2022-11-04,32614500.0,6023245621.124268,yfinance_point_in_time_proxy,
AYI_2023-05-31,AYI,2023-12-14,2023-12-13,194.69000244140625,2023-12-12,30947800.0,6025227257.556152,yfinance_point_in_time_proxy,
AYI_2024-01-03,AYI,2024-12-17,2024-12-16,317.8800048828125,2024-12-14,30981800.0,9848494735.27832,yfinance_point_in_time_proxy,
AYI_2025-04-08,AYI,2025-12-22,2025-12-19,362.8399963378906,2025-12-12,30727680.0,11149231298.671875,yfinance_point_in_time_proxy,
AZN_2021-03-03,AZN,2021-10-21,2021-10-20,121.26000213623047,2021-10-20,3098269952.0,375696220998.1387,yfinance_point_in_time_proxy,
AZN_2021-12-10,AZN,2022-12-07,2022-12-06,137.1199951171875,2022-12-04,3099059968.0,424943087680.03125,yfinance_point_in_time_proxy,
AZN_2024-02-13,AZN,2024-05-21,2024-05-20,154.22000122070312,2024-05-18,3111909888.0,479918746726.0781,yfinance_point_in_time_proxy,
AZN_2024-11-20,AZN,2025-08-20,2025-08-19,159.0800018310547,2025-08-08,3100480000.0,493224364077.14844,yfinance_point_in_time_proxy,
AZO_2020-12-08,AZO,2021-12-06,2021-12-03,1863.0,2021-10-28,20968000.0,39063384000.0,yfinance_point_in_time_proxy,
AZO_2022-05-20,AZO,2022-12-07,2022-12-06,2456.919921875,2022-11-25,18981400.0,46635779805.078125,yfinance_point_in_time_proxy,
AZO_2023-06-07,AZO,2024-02-28,2024-02-27,2954.989990234375,2024-02-27,17291900.0,51097391412.13379,yfinance_point_in_time_proxy,
AZO_2024-05-29,AZO,2025-03-06,2025-03-05,3555.8798828125,2025-03-05,16747000.0,59550320397.46094,yfinance_point_in_time_proxy,
BA_2022-06-13,BA,2022-07-19,2022-07-18,147.72000122070312,2022-06-03,591635968.0,87396465915.17188,yfinance_point_in_time_proxy,
BA_2022-09-30,BA,2023-07-21,2023-07-20,213.61000061035156,2023-07-13,601593984.0,128506491289.42383,yfinance_point_in_time_proxy,
BA_2024-11-14,BA,2024-12-26,2024-12-24,179.33999633789062,2024-12-21,748176000.0,134177881100.09766,yfinance_point_in_time_proxy,
BA_2025-04-04,BA,2025-12-31,2025-12-30,218.5,2025-12-11,783071257.0,171101069654.5,yfinance_point_in_time_proxy,
BABA_2022-03-15,BABA,2022-03-16,2022-03-15,76.76000213623047,2022-03-15,3209200128.0,246338208680.8711,yfinance_point_in_time_proxy,
BABA_2022-10-24,BABA,2023-03-21,2023-03-20,81.0,2023-03-18,2599439872.0,210554629632.0,yfinance_point_in_time_proxy,
BABA_2024-01-18,BABA,2024-05-17,2024-05-16,86.69999694824219,2024-05-16,2543369984.0,220510169851.05078,yfinance_point_in_time_proxy,
BABA_2024-06-28,BABA,2025-05-22,2025-05-21,123.58999633789062,2025-05-21,2384910080.0,294751028053.39844,yfinance_point_in_time_proxy,
BAC_2023-10-27,BAC,2023-12-14,2023-12-13,32.040000915527344,2023-12-13,7913730048.0,253555917983.15625,yfinance_point_in_time_proxy,
BAC_2024-01-18,BAC,2024-12-17,2024-12-16,45.470001220703125,2024-12-14,7741760000.0,352017836650.3906,yfinance_point_in_time_proxy,
BAC_2025-04-04,BAC,2025-12-22,2025-12-19,55.27000045776367,2025-11-17,7406947312.0,409381981324.8714,yfinance_point_in_time_proxy,
BAH_2022-02-23,BAH,2022-07-01,2022-06-30,90.36000061035156,2022-06-28,132360000.0,11960049680.786133,yfinance_point_in_time_proxy,
BAH_2023-03-17,BAH,2023-07-18,2023-07-17,114.33999633789062,2023-07-13,130990000.0,14977396120.300293,yfinance_point_in_time_proxy,
BAH_2023-09-22,BAH,2024-07-19,2024-07-18,156.6999969482422,2024-07-18,131051000.0,20535691300.064087,yfinance_point_in_time_proxy,
BALL_2023-10-23,BALL,2023-12-01,2023-11-30,55.290000915527344,2023-11-30,315300992.0,17432992136.34668,yfinance_point_in_time_proxy,
BALL_2025-04-08,BALL,2025-07-02,2025-07-01,57.880001068115234,2025-07-01,277417984.0,16056953210.234375,yfinance_point_in_time_proxy,
BAX_2023-03-17,BAX,2023-07-20,2023-07-19,47.849998474121094,2023-07-19,511283008.0,24464891152.644043,yfinance_point_in_time_proxy,
BAX_2023-10-12,BAX,2024-09-16,2024-09-13,39.720001220703125,2024-09-13,510177984.0,20264270147.25586,yfinance_point_in_time_proxy,
BBVA_2022-07-14,BBVA,2022-10-24,2022-10-21,4.96999979019165,2022-10-21,6030119936.0,29969694816.75049,yfinance_point_in_time_proxy,
BBVA_2022-11-03,BBVA,2023-10-26,2023-10-25,7.78000020980835,2023-10-25,6009099776.0,46750797518.03931,yfinance_point_in_time_proxy,
BBVA_2023-10-31,BBVA,2024-10-29,2024-10-28,9.850000381469727,2024-10-28,5784030208.0,56972699755.23242,yfinance_point_in_time_proxy,
BBVA_2024-11-27,BBVA,2025-11-03,2025-10-31,20.1299991607666,2025-11-01,5756618609.0,115880727768.0234,yfinance_point_in_time_proxy,
BBWI_2021-01-27,BBWI,2022-01-19,2022-01-18,55.529998779296875,2021-12-07,257723008.0,14311358319.636719,yfinance_point_in_time_proxy,
BBWI_2022-07-14,BBWI,2023-01-23,2023-01-20,45.0099983215332,2022-12-05,228415008.0,10280959126.692993,yfinance_point_in_time_proxy,
BBWI_2023-10-25,BBWI,2024-01-25,2024-01-24,41.13999938964844,2024-01-24,225940992.0,9295212272.976562,yfinance_point_in_time_proxy,
BBWI_2024-09-10,BBWI,2025-01-29,2025-01-28,38.220001220703125,2025-01-11,216582000.0,8277764304.382324,yfinance_point_in_time_proxy,
BBY_2022-06-30,BBY,2022-08-16,2022-08-15,81.33000183105469,2022-06-23,227070000.0,18467603515.777588,yfinance_point_in_time_proxy,
BBY_2023-11-09,BBY,2024-02-29,2024-02-28,79.68000030517578,2024-02-28,215396000.0,17162753345.733643,yfinance_point_in_time_proxy,
BBY_2025-04-08,BBY,2025-05-12,2025-05-09,68.8499984741211,2025-05-10,211686000.0,14574580776.992798,yfinance_point_in_time_proxy,
BC_2020-09-21,BC,2021-09-14,2021-09-13,97.93000030517578,2021-08-05,77499296.0,7589506080.930908,yfinance_point_in_time_proxy,
BC_2022-06-16,BC,2023-01-31,2023-01-30,79.83000183105469,2022-11-13,72506496.0,5788193708.443359,yfinance_point_in_time_proxy,
BC_2023-10-30,BC,2024-02-12,2024-02-09,86.22000122070312,2024-02-02,68812600.0,5933022455.999756,yfinance_point_in_time_proxy,
BC_2025-04-08,BC,2025-06-04,2025-06-03,53.099998474121094,2025-06-03,65683400.0,3487788439.7750854,yfinance_point_in_time_proxy,
BCO_2022-09-30,BCO,2023-01-17,2023-01-13,62.619998931884766,2022-11-25,46449600.0,2908673902.3864746,yfinance_point_in_time_proxy,
BCO_2023-05-04,BCO,2024-01-19,2024-01-18,81.44000244140625,2024-01-12,45051100.0,3668961693.988037,yfinance_point_in_time_proxy,
BCO_2025-05-30,BCO,2025-08-11,2025-08-08,105.48999786376953,2025-08-09,41662300.0,4394955937.999725,yfinance_point_in_time_proxy,
BDC_2020-11-18,BDC,2021-11-17,2021-11-16,67.91000366210938,2021-11-10,44898500.0,3049057299.423218,yfinance_point_in_time_proxy,
BDC_2022-04-12,BDC,2022-11-18,2022-11-17,80.36000061035156,2022-11-09,42805600.0,3439858042.126465,yfinance_point_in_time_proxy,
BDC_2023-11-02,BDC,2024-02-08,2024-02-07,74.5,2024-02-06,41681600.0,3105279200.0,yfinance_point_in_time_proxy,
BDC_2024-02-20,BDC,2025-02-12,2025-02-11,112.6500015258789,2025-02-08,40336600.0,4543918051.548767,yfinance_point_in_time_proxy,
BDX_2022-11-09,BDX,2023-07-25,2023-07-24,220.10220336914062,2023-07-13,284015008.0,62512329050.7041,yfinance_point_in_time_proxy,
BEN_2022-10-12,BEN,2022-12-13,2022-12-12,27.040000915527344,2022-11-16,499559008.0,13508076033.679932,yfinance_point_in_time_proxy,
BEN_2023-10-23,BEN,2023-12-15,2023-12-14,29.3700008392334,2023-12-12,494584000.0,14525932495.071411,yfinance_point_in_time_proxy,
BEN_2025-04-08,BEN,2025-05-12,2025-05-09,20.940000534057617,2025-05-10,525520992.0,11004409853.138489,yfinance_point_in_time_proxy,
BG_2021-07-16,BG,2022-03-31,2022-03-30,109.70999908447266,2022-03-22,142732000.0,15659127589.324951,yfinance_point_in_time_proxy,
BG_2022-09-26,BG,2023-07-20,2023-07-19,103.93000030517578,2023-07-19,152498000.0,15849117186.538696,yfinance_point_in_time_proxy,
BG_2024-02-08,BG,2024-07-24,2024-07-23,110.8499984741211,2024-06-13,141668000.0,15703897583.831787,yfinance_point_in_time_proxy,
BG_2025-02-12,BG,2025-08-25,2025-08-22,87.11000061035156,2025-08-23,200062000.0,17427400942.108154,yfinance_point_in_time_proxy,
BHF_2020-09-29,BHF,2021-09-27,2021-09-24,44.290000915527344,2021-08-11,86602800.0,3835638091.2872314,yfinance_point_in_time_proxy,
BHF_2022-07-14,BHF,2022-10-18,2022-10-17,49.84000015258789,2022-10-17,71817400.0,3579379226.9584656,yfinance_point_in_time_proxy,
BHF_2023-05-12,BHF,2023-11-27,2023-11-24,51.52000045776367,2023-11-23,64204800.0,3307831325.390625,yfinance_point_in_time_proxy,
BHF_2024-08-12,BHF,2025-01-28,2025-01-27,51.09000015258789,2025-01-25,59354300.0,3032411196.0567474,yfinance_point_in_time_proxy,
BIDU_2022-03-15,BIDU,2022-03-16,2022-03-15,108.37999725341797,2022-03-15,429527008.0,46552135947.30884,yfinance_point_in_time_proxy,
BIDU_2022-10-31,BIDU,2023-03-20,2023-03-17,146.83999633789062,2023-03-17,345551008.0,50740708749.274414,yfinance_point_in_time_proxy,
BIDU_2024-09-06,BIDU,2024-10-01,2024-09-30,105.29000091552734,2024-09-30,344527008.0,36275248987.7439,yfinance_point_in_time_proxy,
BIDU_2025-04-08,BIDU,2025-10-06,2025-10-03,142.0,2025-10-03,350836424.0,49818772208.0,yfinance_point_in_time_proxy,
BIIB_2022-05-09,BIIB,2022-09-28,2022-09-27,197.7899932861328,2022-09-22,145112992.0,28701897713.410645,yfinance_point_in_time_proxy,
BIIB_2025-04-10,BIIB,2025-09-11,2025-09-10,142.61000061035156,2025-09-10,146615008.0,20908766380.3667,yfinance_point_in_time_proxy,
BILL_2021-05-06,BILL,2022-02-18,2022-02-17,232.0399932861328,2022-02-11,103584000.0,24035630664.55078,yfinance_point_in_time_proxy,
BILL_2023-03-10,BILL,2023-05-05,2023-05-04,79.91000366210938,2023-04-07,106386000.0,8501305649.597168,yfinance_point_in_time_proxy,
BILL_2024-08-06,BILL,2024-10-18,2024-10-17,56.66999816894531,2024-10-14,106685000.0,6045838754.653931,yfinance_point_in_time_proxy,
BILL_2025-04-08,BILL,2025-10-23,2025-10-22,50.709999084472656,2025-10-20,101628611.0,5153586770.766228,yfinance_point_in_time_proxy,
BIO_2020-10-02,BIO,2021-10-01,2021-09-30,745.9500122070312,2021-09-30,29844500.0,22262505139.312744,yfinance_point_in_time_proxy,
BIO_2022-10-31,BIO,2023-01-11,2023-01-10,432.9200134277344,2023-01-05,29610700.0,12819064641.604614,yfinance_point_in_time_proxy,
BIO_2023-10-30,BIO,2024-03-21,2024-03-20,336.2900085449219,2024-03-20,28453600.0,9568661387.13379,yfinance_point_in_time_proxy,
BIO_2025-06-02,BIO,2025-08-01,2025-07-31,241.9499969482422,2025-07-31,27368100.0,6621711711.479187,yfinance_point_in_time_proxy,
BJ_2020-12-28,BJ,2021-09-08,2021-09-07,58.66999816894531,2021-08-30,136544000.0,8011036229.980469,yfinance_point_in_time_proxy,
BJ_2022-05-20,BJ,2022-09-09,2022-09-08,78.31999969482422,2022-07-30,135182000.0,10587454198.745728,yfinance_point_in_time_proxy,
BJ_2023-06-16,BJ,2024-04-10,2024-04-09,77.19000244140625,2024-03-28,132961000.0,10263259914.611816,yfinance_point_in_time_proxy,
BJ_2024-04-18,BJ,2025-04-14,2025-04-11,117.36000061035156,2025-04-11,131677000.0,15453612800.369263,yfinance_point_in_time_proxy,
BK_2022-10-12,BK,2023-01-09,2023-01-06,47.95000076293945,2022-11-09,808280000.0,38757026616.6687,yfinance_point_in_time_proxy,
BK_2023-05-16,BK,2024-01-11,2024-01-10,52.72999954223633,2024-01-10,769073024.0,40553220203.46631,yfinance_point_in_time_proxy,
BK_2024-02-13,BK,2025-01-15,2025-01-14,75.94000244140625,2025-01-11,751468032.0,57066484184.71875,yfinance_point_in_time_proxy,
BKH_2021-09-28,BKH,2022-04-20,2022-04-19,79.18000030517578,2022-04-14,64831400.0,5133350271.784973,yfinance_point_in_time_proxy,
BKH_2023-10-02,BKH,2024-09-04,2024-09-03,59.15999984741211,2024-08-31,69748496.0,4126321012.717224,yfinance_point_in_time_proxy,
BKH_2025-01-10,BKH,2025-11-10,2025-11-07,69.72000122070312,2025-11-08,75473390.0,5262004842.930603,yfinance_point_in_time_proxy,
BKNG_2022-03-07,BKNG,2022-06-02,2022-06-01,89.54280090332031,2022-05-10,40623300.0,3637524063.935852,yfinance_point_in_time_proxy,
BKNG_2022-10-11,BKNG,2023-06-06,2023-06-05,106.83039855957031,2023-05-16,36933700.0,3945641891.279602,yfinance_point_in_time_proxy,
BKNG_2023-06-12,BKNG,2024-06-07,2024-06-06,152.40240478515625,2024-06-05,33927500.0,5170632588.348389,yfinance_point_in_time_proxy,
BKNG_2024-08-07,BKNG,2025-06-12,2025-06-11,218.6511993408203,2025-06-11,32540300.0,7114975621.910095,yfinance_point_in_time_proxy,
BKR_2021-07-19,BKR,2022-04-25,2022-04-22,32.20000076293945,2022-04-22,1083900032.0,34901581857.3501,yfinance_point_in_time_proxy,
BKR_2022-09-26,BKR,2023-04-27,2023-04-26,28.760000228881836,2023-04-22,1019360000.0,29316793833.31299,yfinance_point_in_time_proxy,
BKR_2024-01-31,BKR,2024-07-26,2024-07-25,35.58000183105469,2024-07-25,997998016.0,35508771236.668945,yfinance_point_in_time_proxy,
BKR_2024-09-11,BKR,2025-07-31,2025-07-30,45.529998779296875,2025-07-25,985878976.0,44887068573.81445,yfinance_point_in_time_proxy,
BLD_2021-06-18,BLD,2022-02-16,2022-02-15,233.4600067138672,2022-02-11,32925100.0,7686694067.054749,yfinance_point_in_time_proxy,
BLD_2022-11-03,BLD,2023-02-21,2023-02-17,198.91000366210938,2022-11-07,31972300.0,6359610310.08606,yfinance_point_in_time_proxy,
BLD_2023-03-15,BLD,2024-02-23,2024-02-22,404.9800109863281,2024-02-21,31773900.0,12867794371.078491,yfinance_point_in_time_proxy,
BLD_2025-04-08,BLD,2025-07-09,2025-07-08,356.8900146484375,2025-07-08,28914500.0,10319296328.552246,yfinance_point_in_time_proxy,
BLDR_2021-02-18,BLDR,2022-02-04,2022-02-03,69.48999786376953,2021-11-08,191500992.0,13307403524.989746,yfinance_point_in_time_proxy,
BLDR_2022-06-22,BLDR,2023-02-08,2023-02-07,81.87000274658203,2022-11-25,147176000.0,12049299524.230957,yfinance_point_in_time_proxy,
BLDR_2023-02-21,BLDR,2024-02-12,2024-02-09,185.3300018310547,2024-02-10,123347000.0,22859899735.855103,yfinance_point_in_time_proxy,
BLDR_2025-06-02,BLDR,2025-08-12,2025-08-11,128.75999450683594,2025-08-08,110547000.0,14234031112.747192,yfinance_point_in_time_proxy,
BLK_2022-06-17,BLK,2022-08-16,2022-08-15,755.8200073242188,2022-08-09,150768992.0,113954220637.70508,yfinance_point_in_time_proxy,
BLK_2022-10-12,BLK,2023-08-23,2023-08-22,665.8400268554688,2023-08-22,149303008.0,99411918856.32227,yfinance_point_in_time_proxy,
BLK_2023-10-27,BLK,2024-08-26,2024-08-23,882.8400268554688,2024-08-23,148128000.0,130773327498.04688,yfinance_point_in_time_proxy,
BLK_2025-04-08,BLK,2025-08-29,2025-08-28,1130.47998046875,2025-08-28,154852992.0,175058207371.6875,yfinance_point_in_time_proxy,
BLKB_2022-05-10,BLKB,2022-06-02,2022-06-01,63.7599983215332,2022-05-10,52943000.0,3375645591.1369324,yfinance_point_in_time_proxy,
BLKB_2022-09-30,BLKB,2023-06-06,2023-06-05,74.05999755859375,2023-05-13,53862600.0,3989064024.4995117,yfinance_point_in_time_proxy,
BLKB_2023-10-27,BLKB,2024-09-19,2024-09-18,84.0999984741211,2024-09-17,51626300.0,4341771751.224518,yfinance_point_in_time_proxy,
BMRN_2022-06-14,BMRN,2022-08-04,2022-08-03,88.4000015258789,2022-07-23,184995008.0,16353558989.47998,yfinance_point_in_time_proxy,
BMY_2021-11-30,BMY,2022-03-04,2022-03-03,69.11000061035156,2022-02-11,2179709952.0,150639756113.10938,yfinance_point_in_time_proxy,
BMY_2024-07-03,BMY,2024-09-30,2024-09-27,50.90999984741211,2024-09-28,2027399936.0,103214930432.40332,yfinance_point_in_time_proxy,
BP_2021-07-19,BP,2022-03-25,2022-03-24,30.739999771118164,2022-03-23,3245959936.0,99780807689.69873,yfinance_point_in_time_proxy,
BP_2022-07-14,BP,2023-03-29,2023-03-28,37.43000030517578,2023-03-28,2967759872.0,111083252914.64844,yfinance_point_in_time_proxy,
BP_2025-04-08,BP,2025-08-05,2025-08-04,32.4900016784668,2025-08-04,2580529920.0,83841421432.13379,yfinance_point_in_time_proxy,
BR_2020-09-24,BR,2021-09-09,2021-09-08,171.80999755859375,2021-08-26,116168000.0,19958823796.38672,yfinance_point_in_time_proxy,
BR_2022-11-04,BR,2023-07-25,2023-07-24,169.86000061035156,2023-07-24,117981000.0,20040252732.009888,yfinance_point_in_time_proxy,
BR_2023-08-04,BR,2024-07-26,2024-07-25,208.07000732421875,2024-07-25,118180000.0,24589713465.57617,yfinance_point_in_time_proxy,
BR_2024-09-06,BR,2025-08-06,2025-08-05,265.3299865722656,2025-08-02,117463000.0,31166456212.738037,yfinance_point_in_time_proxy,
BRBR_2021-11-30,BRBR,2021-12-29,2021-12-28,27.639999389648438,2021-11-25,39563200.0,1093526823.852539,yfinance_point_in_time_proxy,
BRBR_2022-09-29,BRBR,2023-01-06,2023-01-05,25.06999969482422,2022-12-24,134426000.0,3370059778.9764404,yfinance_point_in_time_proxy,
BRBR_2023-01-11,BRBR,2024-01-10,2024-01-09,52.58000183105469,2024-01-06,131707000.0,6925154301.16272,yfinance_point_in_time_proxy,
BRBR_2024-07-24,BRBR,2025-01-14,2025-01-13,71.56999969482422,2025-01-11,131645000.0,9421832609.825134,yfinance_point_in_time_proxy,
BRK-B_2020-10-28,BRK-B,2021-08-11,2021-08-10,288.94000244140625,2021-08-10,2262820096.0,653819244062.7031,yfinance_point_in_time_proxy,
BRK-B_2022-10-12,BRK-B,2023-07-11,2023-07-10,341.1300048828125,2023-07-10,2192120064.0,747797928136.0312,yfinance_point_in_time_proxy,
BRK-B_2023-10-27,BRK-B,2024-07-15,2024-07-12,424.44000244140625,2024-07-13,2158960128.0,916349041999.2188,yfinance_point_in_time_proxy,
BRKR_2020-09-24,BRKR,2021-08-10,2021-08-09,82.8499984741211,2021-05-12,151520992.0,12553513955.997314,yfinance_point_in_time_proxy,
BRKR_2022-09-26,BRKR,2022-11-03,2022-11-02,61.08000183105469,2022-11-02,148138000.0,9048269311.24878,yfinance_point_in_time_proxy,
BRKR_2023-10-30,BRKR,2023-12-13,2023-12-12,68.9000015258789,2023-12-06,138411008.0,9536518662.398438,yfinance_point_in_time_proxy,
BRKR_2024-11-19,BRKR,2025-01-13,2025-01-10,60.779998779296875,2025-01-03,151598000.0,9214126254.943848,yfinance_point_in_time_proxy,
BRO_2021-02-01,BRO,2021-09-16,2021-09-15,57.47999954223633,2021-07-29,281607008.0,16186770690.930542,yfinance_point_in_time_proxy,
BRO_2023-03-15,BRO,2023-07-11,2023-07-10,68.66999816894531,2023-07-07,283644000.0,19477832960.632324,yfinance_point_in_time_proxy,
BRO_2023-10-23,BRO,2024-07-12,2024-07-11,91.97000122070312,2024-07-11,285248992.0,26234350142.444336,yfinance_point_in_time_proxy,
BROS_2023-09-27,BROS,2023-12-14,2023-12-13,29.520000457763672,2023-12-13,181184992.0,5348581046.779907,yfinance_point_in_time_proxy,
BROS_2024-02-06,BROS,2024-12-17,2024-12-16,53.970001220703125,2024-12-14,154192000.0,8321742428.222656,yfinance_point_in_time_proxy,
BROS_2025-10-07,BROS,2025-12-22,2025-12-19,64.83000183105469,2025-11-17,164589636.0,10670346403.252625,yfinance_point_in_time_proxy,
BRX_2020-10-28,BRX,2021-06-30,2021-06-29,23.010000228881836,2021-05-05,296956000.0,6832957627.967834,yfinance_point_in_time_proxy,
BRX_2022-09-29,BRX,2023-01-04,2023-01-03,22.579999923706055,2022-12-08,299912992.0,6772035336.478455,yfinance_point_in_time_proxy,
BRX_2023-10-25,BRX,2024-07-22,2024-07-19,24.3700008392334,2024-07-18,301299008.0,7342657077.82019,yfinance_point_in_time_proxy,
BSX_2020-11-30,BSX,2021-06-22,2021-06-21,43.599998474121094,2021-06-14,1420909952.0,61951671739.06348,yfinance_point_in_time_proxy,
BSX_2022-06-14,BSX,2022-12-01,2022-11-30,45.27000045776367,2022-11-08,1432310016.0,64840675079.97949,yfinance_point_in_time_proxy,
BSX_2023-01-18,BSX,2024-01-09,2024-01-08,58.41999816894531,2024-01-04,1464979968.0,85584127048.10156,yfinance_point_in_time_proxy,
BSY_2022-05-11,BSY,2022-11-30,2022-11-29,37.5,2022-11-25,288392992.0,10814737200.0,yfinance_point_in_time_proxy,
BSY_2023-01-05,BSY,2023-12-04,2023-12-01,52.959999084472656,2023-11-09,295921984.0,15672028001.715332,yfinance_point_in_time_proxy,
BSY_2025-04-08,BSY,2025-06-17,2025-06-16,50.02000045776367,2025-06-14,302398016.0,15125948898.746826,yfinance_point_in_time_proxy,
BUD_2022-10-11,BUD,2022-11-30,2022-11-29,58.02000045776367,2022-11-29,2019239936.0,117156302011.05469,yfinance_point_in_time_proxy,
BUD_2023-10-09,BUD,2024-05-17,2024-05-16,66.47000122070312,2024-05-07,1971020032.0,131013703933.07031,yfinance_point_in_time_proxy,
BUD_2025-01-10,BUD,2025-05-22,2025-05-21,68.80000305175781,2025-05-21,1928979968.0,132713827685.17969,yfinance_point_in_time_proxy,
BURL_2022-03-07,BURL,2022-04-19,2022-04-18,218.9600067138672,2022-04-05,66099300.0,14473103171.781921,yfinance_point_in_time_proxy,
BURL_2022-09-29,BURL,2023-04-21,2023-04-20,187.83999633789062,2023-04-07,64973700.0,12204659570.059204,yfinance_point_in_time_proxy,
BURL_2023-10-13,BURL,2024-04-24,2024-04-23,180.75,2024-04-19,63864600.0,11543526450.0,yfinance_point_in_time_proxy,
BWA_2022-09-30,BWA,2022-11-10,2022-11-09,33.926055908203125,2022-10-30,234154000.0,7943921695.129395,yfinance_point_in_time_proxy,
BWA_2025-04-08,BWA,2025-05-12,2025-05-09,31.6200008392334,2025-05-10,219720000.0,6947546584.396362,yfinance_point_in_time_proxy,
BWXT_2022-02-22,BWXT,2022-03-07,2022-03-04,53.290000915527344,2022-02-24,91399400.0,4870674109.67865,yfinance_point_in_time_proxy,
BWXT_2022-05-11,BWXT,2023-03-09,2023-03-08,62.7400016784668,2023-03-01,91282704.0,5727077002.174988,yfinance_point_in_time_proxy,
BWXT_2023-05-31,BWXT,2024-03-12,2024-03-11,101.86000061035156,2024-03-08,91309400.0,9300775539.730835,yfinance_point_in_time_proxy,
BWXT_2024-05-07,BWXT,2025-05-02,2025-05-01,111.12000274658203,2025-05-01,91495200.0,10166946875.299072,yfinance_point_in_time_proxy,
BX_2021-03-31,BX,2022-03-29,2022-03-28,124.52999877929688,2022-03-22,1211640064.0,150885535690.8672,yfinance_point_in_time_proxy,
BX_2022-12-28,BX,2023-06-15,2023-06-14,90.29000091552734,2023-05-17,1242370048.0,112173592771.34375,yfinance_point_in_time_proxy,
BX_2023-06-23,BX,2024-06-18,2024-06-17,122.16000366210938,2024-06-13,1165750016.0,142408026223.66406,yfinance_point_in_time_proxy,
BX_2024-07-08,BX,2025-07-02,2025-07-01,152.77000427246094,2025-07-01,1213229952.0,185345144950.51758,yfinance_point_in_time_proxy,
BXP_2020-11-12,BXP,2021-11-11,2021-11-10,117.41999816894531,2021-11-09,156207008.0,18341826593.336426,yfinance_point_in_time_proxy,
BXP_2023-03-23,BXP,2023-07-11,2023-07-10,59.349998474121094,2023-06-24,156835008.0,9308157485.48877,yfinance_point_in_time_proxy,
BXP_2023-11-13,BXP,2024-07-12,2024-07-11,65.2300033569336,2024-07-11,176216992.0,11494634979.70874,yfinance_point_in_time_proxy,
BXP_2025-04-08,BXP,2025-09-03,2025-09-02,72.4000015258789,2025-08-30,174755008.0,12652262845.85498,yfinance_point_in_time_proxy,
BYD_2021-01-29,BYD,2022-01-24,2022-01-21,56.439998626708984,2021-11-06,112346000.0,6340808085.716248,yfinance_point_in_time_proxy,
BYD_2022-09-26,BYD,2023-01-26,2023-01-25,60.720001220703125,2023-01-05,104375000.0,6337650127.410889,yfinance_point_in_time_proxy,
BYD_2024-05-28,BYD,2024-09-27,2024-09-26,64.88999938964844,2024-09-26,91762600.0,5954475057.992554,yfinance_point_in_time_proxy,
BYD_2025-04-08,BYD,2025-10-02,2025-10-01,87.02999877929688,2025-09-30,80184203.0,6978431089.208893,yfinance_point_in_time_proxy,
C_2022-10-11,C,2023-01-26,2023-01-25,51.900001525878906,2022-12-21,1936850048.0,100522520446.59863,yfinance_point_in_time_proxy,
C_2023-10-27,C,2024-01-30,2024-01-29,54.11000061035156,2024-01-13,1903100032.0,102976743893.08008,yfinance_point_in_time_proxy,
C_2024-02-13,C,2025-02-03,2025-01-31,81.43000030517578,2025-02-01,1887010048.0,153659228784.50977,yfinance_point_in_time_proxy,
CACI_2022-10-14,CACI,2023-06-16,2023-06-15,322.9100036621094,2023-05-17,22793100.0,7360120004.470825,yfinance_point_in_time_proxy,
CACI_2023-09-26,CACI,2024-06-20,2024-06-18,431.8699951171875,2024-06-07,22296400.0,9629146159.13086,yfinance_point_in_time_proxy,
CACI_2025-02-21,CACI,2025-06-25,2025-06-24,452.1700134277344,2025-06-24,21990100.0,9943263812.277222,yfinance_point_in_time_proxy,
CAG_2022-03-11,CAG,2022-12-02,2022-12-01,37.83000183105469,2022-10-22,479255008.0,18130217830.18213,yfinance_point_in_time_proxy,
CAG_2023-10-05,CAG,2024-09-04,2024-09-03,31.920000076293945,2024-08-30,479049984.0,15291275525.828613,yfinance_point_in_time_proxy,
CAH_2021-12-01,CAH,2022-04-07,2022-04-06,57.40999984741211,2022-04-01,277060992.0,15906071508.443848,yfinance_point_in_time_proxy,
CAH_2022-06-16,CAH,2023-04-12,2023-04-11,79.94999694824219,2023-03-24,257639008.0,20598237903.348145,yfinance_point_in_time_proxy,
CAH_2023-04-19,CAH,2024-04-15,2024-04-12,105.0999984741211,2024-04-12,243232992.0,25563787088.05591,yfinance_point_in_time_proxy,
CAH_2024-07-15,CAH,2025-04-17,2025-04-16,134.36000061035156,2025-04-16,241568000.0,32457076627.441406,yfinance_point_in_time_proxy,
CAR_2021-07-19,CAR,2022-03-29,2022-03-28,259.3800048828125,2022-03-23,53767500.0,13946214412.536621,yfinance_point_in_time_proxy,
CAR_2022-09-23,CAR,2023-03-31,2023-03-30,187.75999450683594,2023-03-21,39470500.0,7410980863.182068,yfinance_point_in_time_proxy,
CAR_2024-05-01,CAR,2024-05-13,2024-05-10,119.36000061035156,2024-05-11,35647200.0,4254849813.757324,yfinance_point_in_time_proxy,
CAR_2025-03-13,CAR,2025-05-16,2025-05-15,105.66999816894531,2025-05-13,35192200.0,3718759709.561157,yfinance_point_in_time_proxy,
CARR_2022-10-20,CARR,2022-11-11,2022-11-10,43.47999954223633,2022-11-01,836262016.0,36360672072.86963,yfinance_point_in_time_proxy,
CARR_2023-04-26,CARR,2023-11-15,2023-11-14,52.810001373291016,2023-11-14,839046976.0,44310071954.815674,yfinance_point_in_time_proxy,
CARR_2023-11-28,CARR,2024-11-18,2024-11-15,74.52999877929688,2024-11-14,897227008.0,66870327810.99219,yfinance_point_in_time_proxy,
CART_2025-11-06,CART,2025-12-09,2025-12-08,44.5,2025-11-17,263438275.0,11723003237.5,yfinance_point_in_time_proxy,
CASY_2022-03-08,CASY,2022-10-27,2022-10-26,221.41000366210938,2022-10-22,37255100.0,8248651827.432251,yfinance_point_in_time_proxy,
CASY_2023-03-17,CASY,2023-10-31,2023-10-30,270.6400146484375,2023-10-27,37266600.0,10085833169.89746,yfinance_point_in_time_proxy,
CASY_2023-12-15,CASY,2024-11-01,2024-10-31,394.0199890136719,2024-10-31,36418000.0,14349419959.899902,yfinance_point_in_time_proxy,
CASY_2025-03-11,CASY,2025-11-06,2025-11-05,525.6400146484375,2025-11-05,37181263.0,19543959627.967407,yfinance_point_in_time_proxy,
CAT_2020-11-06,CAT,2021-11-05,2021-11-04,203.58999633789062,2021-10-07,547470976.0,111459613998.9414,yfinance_point_in_time_proxy,
CAT_2022-09-27,CAT,2022-11-08,2022-11-07,228.61000061035156,2022-11-04,520408992.0,118970699978.75244,yfinance_point_in_time_proxy,
CAT_2023-05-31,CAT,2023-12-13,2023-12-12,261.42999267578125,2023-12-07,509084992.0,133090085729.91016,yfinance_point_in_time_proxy,
CAT_2024-01-17,CAT,2024-12-16,2024-12-13,380.510009765625,2024-12-14,482801984.0,183710987646.70312,yfinance_point_in_time_proxy,
CAT_2025-04-08,CAT,2025-12-19,2025-12-18,565.8300170898438,2025-11-28,468478923.0,265079437007.3216,yfinance_point_in_time_proxy,
CAVA_2025-11-20,CAVA,2025-12-19,2025-12-18,56.040000915527344,2025-11-17,115986120.0,6499862270.988464,yfinance_point_in_time_proxy,
CB_2020-09-23,CB,2021-08-11,2021-08-10,178.10000610351562,2021-08-05,438740000.0,78139596677.85645,yfinance_point_in_time_proxy,
CB_2022-09-26,CB,2023-01-06,2023-01-05,223.55999755859375,2022-11-02,415049984.0,92788573409.73438,yfinance_point_in_time_proxy,
CB_2023-06-28,CB,2024-01-22,2024-01-19,237.32000732421875,2024-01-20,407990016.0,96824193585.32812,yfinance_point_in_time_proxy,
CBOE_2021-02-11,CBOE,2022-01-10,2022-01-07,124.16999816894531,2021-12-04,106643000.0,13241861114.730835,yfinance_point_in_time_proxy,
CBOE_2022-05-18,CBOE,2023-03-31,2023-03-30,132.30999755859375,2023-03-30,106481000.0,14088500850.036621,yfinance_point_in_time_proxy,
CBOE_2023-06-06,CBOE,2024-04-04,2024-04-03,178.8300018310547,2024-03-28,105582000.0,18881229253.326416,yfinance_point_in_time_proxy,
CBOE_2024-06-14,CBOE,2025-04-14,2025-04-11,215.08999633789062,2025-04-10,104712000.0,22522503696.533203,yfinance_point_in_time_proxy,
CBRE_2022-09-30,CBRE,2023-02-02,2023-02-01,85.16999816894531,2023-01-31,318932000.0,27163437856.018066,yfinance_point_in_time_proxy,
CBRE_2023-10-25,CBRE,2024-02-08,2024-02-07,83.94000244140625,2024-02-02,305216992.0,25619915053.63867,yfinance_point_in_time_proxy,
CBRE_2024-04-19,CBRE,2025-02-12,2025-02-11,141.7899932861328,2025-02-11,306017984.0,43390287896.7959,yfinance_point_in_time_proxy,
CBSH_2023-11-01,CBSH,2023-12-13,2023-12-12,46.64852523803711,2023-12-06,130503000.0,6087772489.139557,yfinance_point_in_time_proxy,
CBSH_2024-02-13,CBSH,2024-12-16,2024-12-13,64.31428527832031,2024-12-14,134639008.0,8659211570.10205,yfinance_point_in_time_proxy,
CBT_2020-11-12,CBT,2021-11-08,2021-11-05,58.279998779296875,2021-08-12,56723500.0,3305845510.7574463,yfinance_point_in_time_proxy,
CBT_2021-12-01,CBT,2022-11-09,2022-11-08,70.06999969482422,2022-10-22,56299200.0,3944884926.8188477,yfinance_point_in_time_proxy,
CBT_2023-06-23,CBT,2023-12-18,2023-12-15,81.69000244140625,2023-12-15,55309100.0,4518200514.031982,yfinance_point_in_time_proxy,
CBT_2024-02-05,CBT,2024-12-19,2024-12-18,94.97000122070312,2024-12-18,54394200.0,5165817240.39917,yfinance_point_in_time_proxy,
CCI_2023-10-19,CCI,2023-11-29,2023-11-28,111.12999725341797,2023-11-28,433688992.0,48195856489.79761,yfinance_point_in_time_proxy,
CCI_2025-01-10,CCI,2025-07-22,2025-07-21,106.4000015258789,2025-07-19,435459008.0,46332839115.657715,yfinance_point_in_time_proxy,
CCK_2021-02-26,CCK,2022-02-16,2022-02-15,121.7699966430664,2022-02-12,126132000.0,15359093216.583252,yfinance_point_in_time_proxy,
CCK_2022-11-02,CCK,2023-02-23,2023-02-22,85.22000122070312,2023-02-09,119945000.0,10221713046.417236,yfinance_point_in_time_proxy,
CCK_2024-02-15,CCK,2024-09-18,2024-09-17,92.22000122070312,2024-09-16,120641000.0,11125513167.266846,yfinance_point_in_time_proxy,
CCK_2025-04-08,CCK,2025-12-15,2025-12-12,97.83000183105469,2025-11-17,116375594.0,11385024574.110077,yfinance_point_in_time_proxy,
CCL_2021-12-01,CCL,2022-02-07,2022-02-04,19.959999084472656,2022-01-31,1171369984.0,23380543808.21875,yfinance_point_in_time_proxy,
CCL_2022-10-10,CCL,2023-02-09,2023-02-08,11.869999885559082,2023-01-31,1299619968.0,15426488871.430298,yfinance_point_in_time_proxy,
CCL_2023-03-17,CCL,2024-02-13,2024-02-12,15.489999771118164,2024-02-10,1338700032.0,20736463189.27588,yfinance_point_in_time_proxy,
CCL_2024-04-16,CCL,2025-02-18,2025-02-14,26.229999542236328,2025-02-15,1332819968.0,34959867150.52344,yfinance_point_in_time_proxy,
CDNS_2022-02-18,CDNS,2022-07-27,2022-07-26,170.75,2022-07-20,275759008.0,47085850616.0,yfinance_point_in_time_proxy,
CDNS_2022-11-04,CDNS,2023-07-31,2023-07-28,234.24000549316406,2023-07-26,271790016.0,63664094840.82715,yfinance_point_in_time_proxy,
CDNS_2024-08-05,CDNS,2024-12-04,2024-12-03,313.25,2024-11-16,274263008.0,85912887256.0,yfinance_point_in_time_proxy,
CDNS_2025-04-08,CDNS,2025-12-09,2025-12-08,337.2900085449219,2025-11-17,272490000.0,91908154428.40576,yfinance_point_in_time_proxy,
CDP_2024-04-17,CDP,2024-07-30,2024-07-29,28.270000457763672,2024-07-26,114509000.0,3237169482.4180603,yfinance_point_in_time_proxy,
CDW_2020-09-21,CDW,2021-09-15,2021-09-14,193.47999572753906,2021-09-11,137495008.0,26602533560.39795,yfinance_point_in_time_proxy,
CDW_2022-10-12,CDW,2023-01-18,2023-01-17,197.6199951171875,2022-11-09,135391008.0,26755970339.871094,yfinance_point_in_time_proxy,
CDW_2023-04-21,CDW,2024-01-22,2024-01-19,226.4600067138672,2024-01-18,133960000.0,30336582499.38965,yfinance_point_in_time_proxy,
CDW_2025-04-04,CDW,2025-05-12,2025-05-09,178.94000244140625,2025-05-10,132531000.0,23715097463.56201,yfinance_point_in_time_proxy,
CEG_2023-04-18,CEG,2024-04-01,2024-03-28,184.85000610351562,2024-03-27,315120992.0,58250117294.5459,yfinance_point_in_time_proxy,
CEG_2024-08-02,CEG,2025-04-24,2025-04-23,209.8000030517578,2025-04-23,313310016.0,65732442312.94629,yfinance_point_in_time_proxy,
CELH_2022-01-27,CELH,2022-05-03,2022-05-02,18.19333267211914,2022-04-25,74470496.0,1354866507.9857178,yfinance_point_in_time_proxy,
CELH_2022-05-10,CELH,2023-05-05,2023-05-04,33.3466682434082,2023-05-03,76753000.0,2559456827.68631,yfinance_point_in_time_proxy,
CELH_2023-05-09,CELH,2024-05-08,2024-05-07,76.94999694824219,2024-05-06,233070000.0,17934735788.726807,yfinance_point_in_time_proxy,
CELH_2025-02-12,CELH,2025-05-13,2025-05-12,37.31999969482422,2025-05-08,257740992.0,9618893742.783691,yfinance_point_in_time_proxy,
CF_2020-10-28,CF,2021-08-04,2021-08-03,46.45000076293945,2021-06-15,214515008.0,9964222285.261963,yfinance_point_in_time_proxy,
CF_2021-08-19,CF,2022-08-05,2022-08-04,99.05000305175781,2022-05-28,208602000.0,20662028736.602783,yfinance_point_in_time_proxy,
CF_2023-06-01,CF,2023-08-09,2023-08-08,79.26000213623047,2023-07-21,195000000.0,15455700416.564941,yfinance_point_in_time_proxy,
CF_2024-07-08,CF,2024-10-04,2024-10-03,89.29000091552734,2024-10-03,180412000.0,16108987645.17212,yfinance_point_in_time_proxy,
CF_2025-04-08,CF,2025-10-09,2025-10-08,90.69000244140625,2025-10-08,161972955.0,14689327684.391785,yfinance_point_in_time_proxy,
CFG_2022-09-27,CFG,2023-01-25,2023-01-24,41.81999969482422,2023-01-19,492281984.0,20587232420.64746,yfinance_point_in_time_proxy,
CFG_2023-10-27,CFG,2024-01-29,2024-01-26,33.59000015258789,2024-01-18,466417984.0,15666980153.729736,yfinance_point_in_time_proxy,
CFG_2024-02-26,CFG,2025-01-31,2025-01-30,48.36000061035156,2025-01-29,440543008.0,21304660135.766113,yfinance_point_in_time_proxy,
CFR_2021-07-19,CFR,2022-04-11,2022-04-08,139.99000549316406,2022-03-21,64070100.0,8969173650.94757,yfinance_point_in_time_proxy,
CFR_2023-10-25,CFR,2023-12-14,2023-12-13,106.23999786376953,2023-12-13,64047200.0,6804374391.18042,yfinance_point_in_time_proxy,
CFR_2024-06-14,CFR,2024-12-17,2024-12-16,139.57000732421875,2024-12-14,64131900.0,8950889752.716064,yfinance_point_in_time_proxy,
CG_2022-10-14,CG,2023-01-11,2023-01-10,32.560001373291016,2022-12-07,363604992.0,11838979038.855469,yfinance_point_in_time_proxy,
CG_2023-05-04,CG,2024-01-16,2024-01-12,39.36000061035156,2024-01-13,360796000.0,14200930780.212402,yfinance_point_in_time_proxy,
CG_2024-09-06,CG,2025-01-17,2025-01-16,54.27000045776367,2025-01-16,357680992.0,19411347599.573364,yfinance_point_in_time_proxy,
CGNX_2022-10-14,CGNX,2023-01-13,2023-01-12,52.599998474121094,2022-11-09,172930000.0,9096117736.12976,yfinance_point_in_time_proxy,
CGNX_2023-10-27,CGNX,2024-05-07,2024-05-06,44.4900016784668,2024-05-04,171662000.0,7637242668.128967,yfinance_point_in_time_proxy,
CGNX_2025-04-08,CGNX,2025-05-12,2025-05-09,29.469999313354492,2025-05-10,167864992.0,4946981198.976257,yfinance_point_in_time_proxy,
CHD_2021-03-04,CHD,2021-12-16,2021-12-15,99.0999984741211,2021-11-13,250000000.0,24774999618.530273,yfinance_point_in_time_proxy,
CHD_2022-10-07,CHD,2023-04-21,2023-04-20,90.23999786376953,2023-04-01,244058000.0,22023793398.635864,yfinance_point_in_time_proxy,
CHDN_2022-06-16,CHDN,2022-12-13,2022-12-12,110.43499755859375,2022-11-25,37403300.0,4130633344.1833496,yfinance_point_in_time_proxy,
CHDN_2022-12-19,CHDN,2023-12-19,2023-12-18,129.97000122070312,2023-12-13,74594800.0,9695086247.058105,yfinance_point_in_time_proxy,
CHDN_2025-10-16,CHDN,2025-12-04,2025-12-03,111.62000274658203,2025-11-17,70124316.0,7827276344.522186,yfinance_point_in_time_proxy,
CHE_2021-10-11,CHE,2021-12-27,2021-12-23,525.3099975585938,2021-12-04,15580100.0,8184382292.9626465,yfinance_point_in_time_proxy,
CHE_2022-10-14,CHE,2023-04-13,2023-04-12,555.8400268554688,2023-04-08,15003500.0,8339545842.926025,yfinance_point_in_time_proxy,
CHH_2022-09-26,CHH,2023-08-10,2023-08-09,133.07000732421875,2023-07-13,50991500.0,6785439278.4729,yfinance_point_in_time_proxy,
CHH_2024-03-04,CHH,2024-11-06,2024-11-05,139.4600067138672,2024-11-05,47214300.0,6584506594.99054,yfinance_point_in_time_proxy,
CHRD_2021-05-14,CHRD,2022-04-26,2022-04-25,136.25999450683594,,,,yfinance_point_in_time_proxy,missing_shares_outstanding_on_or_before_entry
CHRD_2022-07-06,CHRD,2023-04-28,2023-04-27,138.6199951171875,2023-04-25,42190200.0,5848405317.993164,yfinance_point_in_time_proxy,
CHRD_2023-05-04,CHRD,2024-05-01,2024-04-30,176.97999572753906,2024-04-30,41563100.0,7355837260.423279,yfinance_point_in_time_proxy,
CHRD_2025-04-08,CHRD,2025-06-13,2025-06-12,102.38999938964844,2025-06-11,57754800.0,5913513936.749268,yfinance_point_in_time_proxy,
CHRW_2021-10-01,CHRW,2022-07-29,2022-07-28,108.06999969482422,2022-06-23,127266000.0,13753636581.161499,yfinance_point_in_time_proxy,
CHRW_2024-04-16,CHRW,2024-06-24,2024-06-21,86.79000091552734,2024-06-21,117095000.0,10162675157.203674,yfinance_point_in_time_proxy,
CHRW_2025-04-08,CHRW,2025-07-31,2025-07-30,97.6500015258789,2025-07-30,118731000.0,11594082331.169128,yfinance_point_in_time_proxy,
CHTR_2022-09-30,CHTR,2022-11-11,2022-11-10,373.1600036621094,2022-11-01,155672000.0,58090564090.08789,yfinance_point_in_time_proxy,
CHTR_2022-12-16,CHTR,2023-11-15,2023-11-14,414.8399963378906,2023-11-14,147920000.0,61363132258.30078,yfinance_point_in_time_proxy,
CHTR_2024-04-26,CHTR,2024-11-18,2024-11-15,389.57000732421875,2024-11-16,143894000.0,56056786633.91113,yfinance_point_in_time_proxy,
CHWY_2020-09-14,CHWY,2021-08-20,2021-08-19,89.69999694824219,2021-08-10,415416992.0,37262902914.64795,yfinance_point_in_time_proxy,
CHWY_2022-05-24,CHWY,2022-08-23,2022-08-22,41.150001525878906,2022-07-31,420607008.0,17307979020.99536,yfinance_point_in_time_proxy,
CHWY_2023-10-20,CHWY,2023-12-19,2023-12-18,21.68000030517578,2023-12-16,431406016.0,9352882558.534668,yfinance_point_in_time_proxy,
CHWY_2024-04-30,CHWY,2024-12-20,2024-12-19,32.47999954223633,2024-12-17,407193984.0,13225660413.921387,yfinance_point_in_time_proxy,
CI_2021-11-30,CI,2022-04-06,2022-04-05,245.08999633789062,2022-03-23,318376992.0,78031015803.34863,yfinance_point_in_time_proxy,
CI_2023-05-30,CI,2023-11-02,2023-11-01,309.4100036621094,2023-11-01,295980000.0,91579172883.91113,yfinance_point_in_time_proxy,
CI_2023-12-06,CI,2024-11-11,2024-11-08,319.7699890136719,2024-11-08,278152992.0,88944979195.95996,yfinance_point_in_time_proxy,
CIEN_2020-10-28,CIEN,2021-06-25,2021-06-24,57.650001525878906,2021-06-11,154767008.0,8922318247.355713,yfinance_point_in_time_proxy,
CIEN_2022-06-16,CIEN,2022-08-12,2022-08-11,52.88999938964844,2022-06-10,149704992.0,7917896935.507324,yfinance_point_in_time_proxy,
CIEN_2023-08-16,CIEN,2024-01-29,2024-01-26,51.41999816894531,2024-01-20,144830000.0,7447158334.80835,yfinance_point_in_time_proxy,
CIEN_2024-04-19,CIEN,2025-01-31,2025-01-30,84.6500015258789,2025-01-30,142116000.0,12030119616.851807,yfinance_point_in_time_proxy,
CINF_2021-02-26,CINF,2022-02-18,2022-02-17,126.25,2022-02-11,161140992.0,20344050240.0,yfinance_point_in_time_proxy,
CINF_2022-09-30,CINF,2023-02-23,2023-02-22,124.70999908447266,2023-02-08,157100000.0,19591940856.170654,yfinance_point_in_time_proxy,
CINF_2023-06-28,CINF,2024-03-27,2024-03-26,120.27999877929688,2024-03-26,156688992.0,18846551766.489258,yfinance_point_in_time_proxy,
CINF_2024-04-26,CINF,2025-04-01,2025-03-31,147.72000122070312,2025-03-29,156564992.0,23127780809.359375,yfinance_point_in_time_proxy,
CL_2023-10-11,CL,2024-03-12,2024-03-11,88.12999725341797,2024-03-09,823150976.0,72544293254.02832,yfinance_point_in_time_proxy,
CLF_2022-01-27,CLF,2022-04-07,2022-04-06,31.09000015258789,2022-04-05,524409984.0,16303906482.578613,yfinance_point_in_time_proxy,
CLF_2022-11-03,CLF,2023-04-12,2023-04-11,18.350000381469727,2023-04-07,515051008.0,9451186193.276367,yfinance_point_in_time_proxy,
CLF_2023-05-31,CLF,2024-04-15,2024-04-12,21.639999389648438,2024-04-06,475457984.0,10288910483.563477,yfinance_point_in_time_proxy,
CLF_2025-05-30,CLF,2025-06-06,2025-06-05,7.099999904632568,2025-06-05,495968000.0,3521372752.7008057,yfinance_point_in_time_proxy,
CLH_2020-10-30,CLH,2021-08-06,2021-08-05,98.95999908447266,2021-05-10,54564900.0,5399742454.044342,yfinance_point_in_time_proxy,
CLH_2022-06-16,CLH,2022-08-09,2022-08-08,111.73999786376953,2022-08-07,54103200.0,6045491452.423096,yfinance_point_in_time_proxy,
CLH_2022-09-26,CLH,2023-08-11,2023-08-10,172.7100067138672,2023-06-24,54104100.0,9344319474.247742,yfinance_point_in_time_proxy,
CLH_2023-11-01,CLH,2024-08-14,2024-08-13,234.35000610351562,2024-08-13,53972600.0,12648479139.422607,yfinance_point_in_time_proxy,
CLH_2025-04-08,CLH,2025-08-19,2025-08-18,242.42999267578125,2025-08-16,53632600.0,13002150825.183105,yfinance_point_in_time_proxy,
CLX_2022-06-16,CLX,2023-02-28,2023-02-27,155.05999755859375,2023-02-05,123525000.0,19153786198.425293,yfinance_point_in_time_proxy,
CLX_2023-11-01,CLX,2024-03-01,2024-02-29,153.30999755859375,2024-02-29,124106000.0,19026690557.006836,yfinance_point_in_time_proxy,
CMC_2020-11-04,CMC,2021-06-30,2021-06-29,30.440000534057617,2021-06-25,120587000.0,3670668344.400406,yfinance_point_in_time_proxy,
CMC_2021-09-20,CMC,2022-07-28,2022-07-27,37.560001373291016,2022-06-17,120490000.0,4525604565.467834,yfinance_point_in_time_proxy,
CMC_2022-09-30,CMC,2023-08-01,2023-07-31,57.220001220703125,2023-07-13,116786000.0,6682495062.561035,yfinance_point_in_time_proxy,
CMC_2023-10-23,CMC,2024-08-02,2024-08-01,57.630001068115234,2024-08-01,114992000.0,6626989082.824707,yfinance_point_in_time_proxy,
CMC_2025-04-08,CMC,2025-08-07,2025-08-06,51.970001220703125,2025-08-05,111931000.0,5817054206.6345215,yfinance_point_in_time_proxy,
CMCSA_2022-10-11,CMCSA,2023-01-06,2023-01-05,34.657920837402344,2022-12-31,4323409920.0,149840398755.0,yfinance_point_in_time_proxy,
CMCSA_2023-03-14,CMCSA,2024-01-25,2024-01-24,41.0496711730957,2024-01-24,4025080064.0,165228213072.583,yfinance_point_in_time_proxy,
CME_2020-12-14,CME,2021-12-03,2021-12-02,226.5500030517578,2021-11-16,359399008.0,81421846359.19873,yfinance_point_in_time_proxy,
CME_2022-10-10,CME,2023-10-06,2023-10-05,207.39999389648438,2023-08-30,360832000.0,74836554597.65625,yfinance_point_in_time_proxy,
CME_2024-07-12,CME,2025-02-06,2025-02-05,241.63999938964844,2025-02-04,366655008.0,88598515909.33154,yfinance_point_in_time_proxy,
CMG_2022-06-14,CMG,2022-08-03,2022-08-02,30.996999740600586,2022-07-29,27804000.0,861840580.7876587,yfinance_point_in_time_proxy,
CMG_2023-01-05,CMG,2023-08-07,2023-08-04,37.812198638916016,2023-07-26,27589800.0,1043230998.0079651,yfinance_point_in_time_proxy,
CMG_2023-10-13,CMG,2024-08-08,2024-08-07,53.630001068115234,2024-07-30,1369479936.0,73445210430.44238,yfinance_point_in_time_proxy,
CMI_2022-06-23,CMI,2022-10-28,2022-10-27,238.92999267578125,2022-10-22,140992000.0,33687217527.34375,yfinance_point_in_time_proxy,
CMI_2023-05-31,CMI,2024-02-15,2024-02-14,260.4700012207031,2024-02-14,141856992.0,36949490879.40527,yfinance_point_in_time_proxy,
CMS_2023-10-02,CMS,2024-07-30,2024-07-29,63.65999984741211,2024-07-27,298728992.0,19017087585.137573,yfinance_point_in_time_proxy,
CNC_2021-02-19,CNC,2021-11-18,2021-11-17,76.18000030517578,2021-10-28,583502976.0,44451256889.75098,yfinance_point_in_time_proxy,
CNC_2023-09-01,CNC,2024-02-22,2024-02-21,79.16999816894531,2024-02-21,534484000.0,42315097301.33057,yfinance_point_in_time_proxy,
CNC_2025-08-06,CNC,2025-09-11,2025-09-10,31.270000457763672,2025-09-05,515304000.0,16113556315.887451,yfinance_point_in_time_proxy,
CNH_2022-07-14,CNH,2022-11-08,2022-11-07,13.449999809265137,,,,yfinance_point_in_time_proxy,missing_shares_outstanding_on_or_before_entry
CNH_2023-11-13,CNH,2024-03-21,2024-03-20,12.670000076293945,,,,yfinance_point_in_time_proxy,missing_shares_outstanding_on_or_before_entry
CNH_2024-08-12,CNH,2025-03-26,2025-03-25,12.430000305175781,2025-03-25,1248019968.0,15512888583.105469,yfinance_point_in_time_proxy,
CNM_2022-12-28,CNM,2023-09-29,2023-09-28,29.010000228881836,2023-09-28,229844000.0,6667774492.607117,yfinance_point_in_time_proxy,
CNM_2023-10-03,CNM,2024-10-02,2024-10-01,43.869998931884766,2024-10-01,201131008.0,8823617106.128906,yfinance_point_in_time_proxy,
CNM_2024-11-14,CNM,2025-10-24,2025-10-23,54.470001220703125,2025-10-23,197425045.0,10753742442.14737,yfinance_point_in_time_proxy,
CNO_2022-07-14,CNO,2022-10-28,2022-10-27,20.8799991607666,2022-10-22,114398000.0,2388630143.9933777,yfinance_point_in_time_proxy,
CNO_2023-05-04,CNO,2023-11-27,2023-11-24,26.219999313354492,2023-11-22,112171000.0,2941123542.9782867,yfinance_point_in_time_proxy,
CNO_2024-04-17,CNO,2024-11-27,2024-11-26,40.5,2024-11-22,103209000.0,4179964500.0,yfinance_point_in_time_proxy,
CNP_2021-03-31,CNP,2022-03-29,2022-03-28,30.3799991607666,2022-03-23,629432000.0,19122143631.759644,yfinance_point_in_time_proxy,
CNP_2024-08-07,CNP,2025-01-21,2025-01-17,32.560001373291016,2025-01-18,656531008.0,21376650522.088135,yfinance_point_in_time_proxy,
CNX_2020-11-06,CNX,2021-08-03,2021-08-02,11.779999732971191,2021-08-02,217920992.0,2567109227.568817,yfinance_point_in_time_proxy,
CNX_2021-08-20,CNX,2022-08-04,2022-08-03,16.520000457763672,2022-08-01,189452000.0,3129747126.724243,yfinance_point_in_time_proxy,
CNX_2023-05-03,CNX,2023-08-08,2023-08-07,21.100000381469727,2023-07-25,165576000.0,3493653663.1622314,yfinance_point_in_time_proxy,
CNX_2024-02-14,CNX,2024-08-09,2024-08-08,25.93000030517578,2024-08-03,151227008.0,3921316363.5908203,yfinance_point_in_time_proxy,
CNX_2025-01-31,CNX,2025-11-10,2025-11-07,35.130001068115234,2025-11-06,134832658.0,4736671419.556816,yfinance_point_in_time_proxy,
CNXC_2022-09-29,CNXC,2023-02-03,2023-02-02,151.39999389648438,2023-01-29,52069600.0,7883337122.192383,yfinance_point_in_time_proxy,
CNXC_2024-04-18,CNXC,2024-07-15,2024-07-12,69.98999786376953,2024-07-13,65329000.0,4572376570.4422,yfinance_point_in_time_proxy,
CNXC_2024-11-19,CNXC,2025-07-18,2025-07-17,57.529998779296875,2025-07-12,64057300.0,3685216390.8050537,yfinance_point_in_time_proxy,
COF_2020-09-24,COF,2021-09-10,2021-09-09,155.77999877929688,2021-08-03,446113984.0,69495635882.94727,yfinance_point_in_time_proxy,
COF_2022-12-19,COF,2023-01-25,2023-01-24,106.51000213623047,2022-11-09,381699008.0,40654762157.47705,yfinance_point_in_time_proxy,
COF_2023-05-04,COF,2024-01-29,2024-01-26,138.72000122070312,2024-01-27,380400000.0,52769088464.35547,yfinance_point_in_time_proxy,
COF_2024-08-05,COF,2025-01-31,2025-01-30,204.6199951171875,2025-01-29,381230016.0,78007284012.44531,yfinance_point_in_time_proxy,
COHR_2021-10-06,COHR,2022-02-18,2022-02-17,73.37000274658203,2022-02-17,24772900.0,1817587741.040802,yfinance_point_in_time_proxy,
COHR_2022-11-08,COHR,2023-02-23,2023-02-22,42.59000015258789,2022-06-03,24812400.0,1056760119.7860718,yfinance_point_in_time_proxy,
COHR_2023-05-16,COHR,2024-02-27,2024-02-26,58.56999969482422,2023-10-07,151411008.0,8868142692.353027,yfinance_point_in_time_proxy,
COHR_2024-04-19,COHR,2025-03-03,2025-02-28,75.19000244140625,2025-02-27,154967008.0,11651969709.857422,yfinance_point_in_time_proxy,
COIN_2022-12-28,COIN,2023-06-22,2023-06-21,58.099998474121094,2023-06-13,234562000.0,13628051842.086792,yfinance_point_in_time_proxy,
COIN_2023-06-26,COIN,2024-06-25,2024-06-24,212.30999755859375,2024-06-21,245568992.0,52136752091.98633,yfinance_point_in_time_proxy,
COIN_2024-09-06,COIN,2025-06-30,2025-06-27,353.42999267578125,2025-06-28,254704992.0,90020383457.04492,yfinance_point_in_time_proxy,
COKE_2020-11-02,COKE,2021-08-16,2021-08-13,41.000999450683594,2021-08-04,9373690.0,384330658.5408783,yfinance_point_in_time_proxy,
COKE_2021-09-21,COKE,2022-08-17,2022-08-16,51.7599983215332,2022-07-30,9373690.0,485182178.6665726,yfinance_point_in_time_proxy,
COKE_2022-09-27,COKE,2023-08-21,2023-08-18,69.58999633789062,2023-07-26,9373690.0,652315052.772522,yfinance_point_in_time_proxy,
COKE_2023-10-13,COKE,2024-08-22,2024-08-21,132.12899780273438,2024-08-20,8760680.0,1157539868.470459,yfinance_point_in_time_proxy,
COKE_2025-06-17,COKE,2025-11-07,2025-11-06,135.61000061035156,2025-11-05,85449436.0,11587798068.114197,yfinance_point_in_time_proxy,
COLB_2020-11-06,COLB,2021-11-01,2021-10-29,34.130001068115234,2021-10-26,78499000.0,2679170953.845978,yfinance_point_in_time_proxy,
COLB_2022-06-16,COLB,2022-11-10,2022-11-09,33.630001068115234,2022-11-09,78646096.0,2644868292.4830933,yfinance_point_in_time_proxy,
COLB_2023-05-12,COLB,2023-12-01,2023-11-30,22.43000030517578,2023-10-20,208575008.0,4678337493.092041,yfinance_point_in_time_proxy,
COLB_2024-04-16,COLB,2024-12-04,2024-12-03,30.549999237060547,2024-12-03,209531008.0,6401172134.540527,yfinance_point_in_time_proxy,
COLB_2025-04-10,COLB,2025-12-09,2025-12-08,28.299999237060547,2025-11-17,299171255.0,8466546288.250446,yfinance_point_in_time_proxy,
COLM_2022-09-26,COLM,2022-11-22,2022-11-21,84.47000122070312,2022-11-15,62113600.0,5246735867.822266,yfinance_point_in_time_proxy,
COO_2022-10-14,COO,2022-11-11,2022-11-10,75.50749969482422,2022-10-22,49346000.0,3725993079.940796,yfinance_point_in_time_proxy,
COO_2023-10-27,COO,2024-03-01,2024-02-29,93.5999984741211,2024-02-29,198740992.0,18602156547.945312,yfinance_point_in_time_proxy,
COO_2025-09-17,COO,2025-12-22,2025-12-19,82.75,2025-12-10,198808922.0,16451438295.5,yfinance_point_in_time_proxy,
COP_2021-01-29,COP,2022-01-13,2022-01-12,84.4000015258789,2021-12-11,1318950016.0,111319383362.95801,yfinance_point_in_time_proxy,
COP_2022-01-21,COP,2023-01-18,2023-01-17,120.23999786376953,2023-01-05,1246070016.0,149827456061.94727,yfinance_point_in_time_proxy,
COP_2023-03-17,COP,2024-03-14,2024-03-13,117.55000305175781,2024-03-07,1176409984.0,138286997209.31836,yfinance_point_in_time_proxy,
COR_2020-09-11,COR,2021-07-20,2021-07-19,112.5999984741211,2021-06-15,42984800.0,4840088414.4104,yfinance_point_in_time_proxy,
COR_2021-08-26,COR,2022-08-11,2022-08-10,145.5800018310547,2021-12-03,44195400.0,6433966412.924194,yfinance_point_in_time_proxy,
COR_2022-09-30,COR,2023-08-15,2023-08-14,187.6300048828125,2021-12-03,44195400.0,8292383117.797852,yfinance_point_in_time_proxy,
COR_2023-09-05,COR,2024-08-16,2024-08-15,236.6699981689453,2024-08-07,196008000.0,46389213001.09863,yfinance_point_in_time_proxy,
COR_2024-10-07,COR,2025-08-21,2025-08-20,303.69000244140625,2025-08-20,193878000.0,58878810293.33496,yfinance_point_in_time_proxy,
COST_2022-05-20,COST,2022-07-29,2022-07-28,536.1799926757812,2022-06-14,442963008.0,237507902385.08203,yfinance_point_in_time_proxy,
COST_2023-01-05,COST,2023-11-14,2023-11-13,578.22998046875,2023-11-10,442740992.0,256006115156.875,yfinance_point_in_time_proxy,
COST_2023-11-17,COST,2024-11-15,2024-11-14,923.8900146484375,2024-11-13,443073984.0,409351629568.10156,yfinance_point_in_time_proxy,
COTY_2021-02-18,COTY,2022-02-11,2022-02-10,9.640000343322754,2022-02-10,838777984.0,8085820053.731567,yfinance_point_in_time_proxy,
COTY_2022-05-24,COTY,2023-02-15,2023-02-14,11.270000457763672,2023-02-10,852595968.0,9608756949.64746,yfinance_point_in_time_proxy,
COTY_2023-10-27,COTY,2024-02-20,2024-02-16,11.899999618530273,2024-02-14,895169024.0,10652511044.120117,yfinance_point_in_time_proxy,
CPAY_2021-12-01,CPAY,2022-04-19,2022-04-18,255.6999969482422,,,,yfinance_point_in_time_proxy,missing_shares_outstanding_on_or_before_entry
CPAY_2022-10-20,CPAY,2023-04-21,2023-04-20,216.0500030517578,,,,yfinance_point_in_time_proxy,missing_shares_outstanding_on_or_before_entry
CPAY_2023-05-02,CPAY,2024-04-24,2024-04-23,306.6099853515625,2024-04-23,71853600.0,22031031243.45703,yfinance_point_in_time_proxy,
CPAY_2024-06-14,CPAY,2025-04-30,2025-04-29,324.25,2025-04-29,70249904.0,22778531372.0,yfinance_point_in_time_proxy,
CPB_2021-10-27,CPB,2022-05-09,2022-05-06,49.66999816894531,2022-04-19,301704000.0,14985637127.563477,yfinance_point_in_time_proxy,
CPB_2023-10-12,CPB,2024-08-02,2024-08-01,47.88999938964844,2024-08-01,298553984.0,14297750111.53711,yfinance_point_in_time_proxy,
CPRI_2020-11-06,CPRI,2021-11-05,2021-11-04,66.55999755859375,2021-10-30,153699008.0,10230205597.238281,yfinance_point_in_time_proxy,
CPRI_2022-05-11,CPRI,2022-11-10,2022-11-09,44.86000061035156,2022-11-08,139912000.0,6276452405.395508,yfinance_point_in_time_proxy,
CPRI_2023-06-01,CPRI,2023-11-14,2023-11-13,46.880001068115234,2023-11-11,116221000.0,5448440604.137421,yfinance_point_in_time_proxy,
CPRI_2024-11-12,CPRI,2025-01-27,2025-01-24,24.93000030517578,2025-01-25,117894000.0,2939097455.9783936,yfinance_point_in_time_proxy,
CPRT_2022-06-16,CPRT,2022-12-01,2022-11-30,33.279998779296875,2022-11-22,476300000.0,15851263418.579102,yfinance_point_in_time_proxy,
CPRT_2022-12-28,CPRT,2023-12-05,2023-12-04,49.09000015258789,2023-12-03,960422976.0,47147164038.388916,yfinance_point_in_time_proxy,
CPRT_2024-01-05,CPRT,2024-12-06,2024-12-05,61.90999984741211,2024-12-05,963528000.0,59652018332.977295,yfinance_point_in_time_proxy,
CPT_2021-04-15,CPT,2022-04-12,2022-04-11,165.74000549316406,2022-03-29,103463000.0,17147958188.339233,yfinance_point_in_time_proxy,
CPT_2023-10-30,CPT,2024-05-14,2024-05-13,106.73999786376953,2024-05-10,106535000.0,11371545672.416687,yfinance_point_in_time_proxy,
CR_2025-04-08,CR,2025-06-10,2025-06-09,185.99000549316406,2025-06-07,57501200.0,10694648503.863525,yfinance_point_in_time_proxy,
CRBG_2023-12-06,CRBG,2024-11-25,2024-11-22,31.75,2024-11-21,568870016.0,18061623008.0,yfinance_point_in_time_proxy,
CRH_2022-09-27,CRH,2023-01-03,2022-12-30,39.790000915527344,2022-12-31,744798976.0,29635551936.92383,yfinance_point_in_time_proxy,
CRH_2023-01-05,CRH,2024-01-05,2024-01-04,66.19000244140625,2023-10-20,707518016.0,46830619206.37891,yfinance_point_in_time_proxy,
CRH_2024-01-16,CRH,2025-01-08,2025-01-07,92.31999969482422,2025-01-07,677593984.0,62555476396.09473,yfinance_point_in_time_proxy,
CRL_2020-09-24,CRL,2021-09-22,2021-09-21,439.95001220703125,2021-08-06,50396600.0,22171984785.19287,yfinance_point_in_time_proxy,
CRL_2022-09-27,CRL,2022-11-10,2022-11-09,221.08999633789062,2022-11-05,50878700.0,11248771596.676636,yfinance_point_in_time_proxy,
CRL_2023-10-30,CRL,2023-12-13,2023-12-12,210.72999572753906,2023-12-12,51296800.0,10809774444.836426,yfinance_point_in_time_proxy,
CRL_2025-04-11,CRL,2025-05-07,2025-05-06,115.41000366210938,2025-04-29,49115700.0,5668443116.867065,yfinance_point_in_time_proxy,
CRM_2022-12-16,CRM,2023-01-31,2023-01-30,164.75,2022-12-07,1000000000.0,164750000000.0,yfinance_point_in_time_proxy,
CRM_2023-02-21,CRM,2024-02-02,2024-02-01,283.79998779296875,2024-02-01,990865984.0,281207754163.66797,yfinance_point_in_time_proxy,
CRM_2024-05-30,CRM,2025-02-06,2025-02-05,347.92999267578125,2025-02-01,957000000.0,332969002990.72266,yfinance_point_in_time_proxy,
CROX_2020-08-06,CROX,2021-08-04,2021-08-03,137.08999633789062,2021-07-27,62385500.0,8552427966.537476,yfinance_point_in_time_proxy,
CROX_2022-06-17,CROX,2022-08-05,2022-08-04,69.08000183105469,2022-05-10,61575200.0,4253614928.7475586,yfinance_point_in_time_proxy,
CROX_2022-09-26,CROX,2023-08-09,2023-08-08,104.05999755859375,2023-07-21,62025500.0,6454373378.570557,yfinance_point_in_time_proxy,
CROX_2023-11-13,CROX,2024-08-12,2024-08-09,132.27000427246094,2024-08-10,59385100.0,7854867430.72052,yfinance_point_in_time_proxy,
CRS_2021-11-30,CRS,2022-03-25,2022-03-24,41.41999816894531,2022-03-05,48269500.0,1999322601.6159058,yfinance_point_in_time_proxy,
CRS_2022-07-06,CRS,2023-03-29,2023-03-28,42.04999923706055,2023-03-24,48509200.0,2039811822.9904175,yfinance_point_in_time_proxy,
CRS_2023-04-05,CRS,2024-04-02,2024-04-01,72.0199966430664,2024-03-27,49412400.0,3558680882.1258545,yfinance_point_in_time_proxy,
CRS_2024-04-15,CRS,2025-04-04,2025-04-03,166.5399932861328,2025-04-01,49948600.0,8318439508.651733,yfinance_point_in_time_proxy,
CRUS_2022-10-12,CRUS,2023-01-11,2023-01-10,81.29000091552734,2022-12-08,55060600.0,4475876224.409485,yfinance_point_in_time_proxy,
CRUS_2023-10-30,CRUS,2024-02-07,2024-02-06,78.41999816894531,2024-02-06,53897700.0,4226657535.310364,yfinance_point_in_time_proxy,
CRUS_2024-04-19,CRUS,2025-02-13,2025-02-12,103.79000091552734,2025-02-06,53144900.0,5515909219.655609,yfinance_point_in_time_proxy,
CRWD_2020-08-19,CRWD,2021-08-18,2021-08-17,232.8000030517578,2021-08-17,234575008.0,54609062578.26611,yfinance_point_in_time_proxy,
CRWD_2022-05-11,CRWD,2022-08-19,2022-08-18,195.75999450683594,2022-07-30,232072000.0,45430413445.19043,yfinance_point_in_time_proxy,
CRWD_2023-01-06,CRWD,2023-08-23,2023-08-22,152.3300018310547,2023-08-22,237108000.0,36118662074.157715,yfinance_point_in_time_proxy,
CRWD_2023-08-28,CRWD,2024-08-26,2024-08-23,271.5400085449219,2024-08-24,243360992.0,66082245847.180664,yfinance_point_in_time_proxy,
CRWD_2024-09-06,CRWD,2025-08-29,2025-08-28,442.0,2025-08-26,249248000.0,110167616000.0,yfinance_point_in_time_proxy,
CSCO_2022-10-12,CSCO,2023-02-16,2023-02-15,48.45000076293945,2023-02-05,4108100096.0,199037452785.43164,yfinance_point_in_time_proxy,
CSCO_2024-08-05,CSCO,2024-11-06,2024-11-05,56.15999984741211,2024-10-31,3986020096.0,223854887983.1416,yfinance_point_in_time_proxy,
CSCO_2025-04-08,CSCO,2025-11-11,2025-11-10,72.08999633789062,2025-10-30,3940724908.0,284086844186.3544,yfinance_point_in_time_proxy,
CSGP_2022-03-07,CSGP,2022-07-27,2022-07-26,60.70000076293945,2022-05-06,396224992.0,24050857316.69568,yfinance_point_in_time_proxy,
CSGP_2023-03-23,CSGP,2023-12-13,2023-12-12,84.87999725341797,2023-12-12,408363008.0,34661850997.4375,yfinance_point_in_time_proxy,
CSGP_2025-01-13,CSGP,2025-07-23,2025-07-22,85.16000366210938,2025-07-22,421887008.0,35927899146.27637,yfinance_point_in_time_proxy,
CSL_2020-09-23,CSL,2021-08-30,2021-08-27,213.0,2021-08-24,52224100.0,11123733300.0,yfinance_point_in_time_proxy,
CSL_2021-09-14,CSL,2022-08-31,2022-08-30,295.4100036621094,2022-08-20,51724300.0,15279875652.420044,yfinance_point_in_time_proxy,
CSL_2023-04-06,CSL,2023-09-11,2023-09-08,251.36000061035156,2023-08-24,49919000.0,12547639870.46814,yfinance_point_in_time_proxy,
CSL_2023-10-25,CSL,2024-09-12,2024-09-11,399.8500061035156,2024-09-11,46242900.0,18490223847.244263,yfinance_point_in_time_proxy,
CSX_2022-10-11,CSX,2023-07-03,2023-06-30,34.099998474121094,2023-06-14,2033049984.0,69327001352.21191,yfinance_point_in_time_proxy,
CSX_2025-04-08,CSX,2025-07-22,2025-07-21,34.36000061035156,2025-07-18,1878550016.0,64546979696.33594,yfinance_point_in_time_proxy,
CTAS_2020-08-03,CTAS,2021-07-29,2021-07-28,97.59249877929688,2021-07-20,104061000.0,10155573015.472412,yfinance_point_in_time_proxy,
CTAS_2022-06-17,CTAS,2022-11-18,2022-11-17,110.81999969482422,2022-10-22,101545000.0,11253216869.010925,yfinance_point_in_time_proxy,
CTAS_2023-01-19,CTAS,2023-11-22,2023-11-21,138.30999755859375,2023-11-18,101854000.0,14087426491.333008,yfinance_point_in_time_proxy,
CTAS_2023-11-29,CTAS,2024-11-25,2024-11-22,221.75999450683594,2024-11-22,403299008.0,89435585798.69238,yfinance_point_in_time_proxy,
CTRA_2021-08-20,CTRA,2021-09-13,2021-09-10,18.31999969482422,2020-11-26,18308800.0,335417210.41259766,yfinance_point_in_time_proxy,
CTRA_2021-09-21,CTRA,2022-09-14,2022-09-13,30.059999465942383,2022-09-03,798766016.0,24010906014.372925,yfinance_point_in_time_proxy,
CTRA_2023-02-21,CTRA,2023-10-13,2023-10-12,28.56999969482422,2023-10-12,755046016.0,21571664446.698242,yfinance_point_in_time_proxy,
CTRA_2024-09-10,CTRA,2025-01-16,2025-01-15,29.059999465942383,2024-12-17,754313024.0,21920336074.593384,yfinance_point_in_time_proxy,
CTSH_2021-07-19,CTSH,2022-04-12,2022-04-11,87.20999908447266,2022-03-16,524535008.0,45744697567.45386,yfinance_point_in_time_proxy,
CTSH_2022-11-03,CTSH,2023-07-11,2023-07-10,66.63999938964844,2023-07-09,507476992.0,33818266437.140625,yfinance_point_in_time_proxy,
CTSH_2024-06-14,CTSH,2025-02-03,2025-01-31,82.61000061035156,2025-01-31,495824000.0,40960020942.62695,yfinance_point_in_time_proxy,
CTVA_2020-08-07,CTVA,2021-08-02,2021-07-30,42.779998779296875,2021-06-19,737100992.0,31533179537.978516,yfinance_point_in_time_proxy,
CTVA_2021-08-05,CTVA,2022-08-03,2022-08-02,55.7400016784668,2022-05-10,723699968.0,40339037431.02637,yfinance_point_in_time_proxy,
CTVA_2023-11-10,CTVA,2024-03-26,2024-03-25,55.630001068115234,2024-03-23,707891008.0,39379977531.14917,yfinance_point_in_time_proxy,
CTVA_2024-07-09,CTVA,2025-05-08,2025-05-07,62.47999954223633,2025-04-29,683014976.0,42674775387.82056,yfinance_point_in_time_proxy,
CUBE_2020-07-13,CUBE,2021-07-07,2021-07-06,48.040000915527344,2021-07-01,201516992.0,9680876480.174316,yfinance_point_in_time_proxy,
CUBE_2022-06-14,CUBE,2022-08-12,2022-08-11,49.470001220703125,2022-08-09,225914000.0,11175965855.773926,yfinance_point_in_time_proxy,
CUBE_2023-10-25,CUBE,2023-12-13,2023-12-12,41.900001525878906,2023-12-06,226280000.0,9481132345.275879,yfinance_point_in_time_proxy,
CUZ_2023-03-23,CUZ,2023-07-11,2023-07-10,23.149999618530273,2023-07-08,151694000.0,3511716042.1333313,yfinance_point_in_time_proxy,
CUZ_2023-10-25,CUZ,2024-07-12,2024-07-11,24.100000381469727,2024-07-11,152096992.0,3665537565.220398,yfinance_point_in_time_proxy,
CVLT_2022-09-15,CVLT,2022-11-10,2022-11-09,62.65999984741211,2022-11-05,44532000.0,2790375113.204956,yfinance_point_in_time_proxy,
CVLT_2023-03-13,CVLT,2023-11-14,2023-11-13,70.5,2023-11-11,43792500.0,3087371250.0,yfinance_point_in_time_proxy,
CVLT_2023-11-16,CVLT,2024-11-15,2024-11-14,171.02999877929688,2024-11-14,43726000.0,7478457726.623535,yfinance_point_in_time_proxy,
CVNA_2020-07-13,CVNA,2021-07-12,2021-07-09,64.68399810791016,2021-07-01,80972000.0,5237592694.793701,yfinance_point_in_time_proxy,
CVNA_2022-07-14,CVNA,2022-07-20,2022-07-19,4.570000171661377,2021-10-05,177600000.0,811632030.4870605,yfinance_point_in_time_proxy,
CVNA_2022-12-27,CVNA,2023-07-24,2023-07-21,9.12399959564209,2021-10-05,177600000.0,1620422328.1860352,yfinance_point_in_time_proxy,
CVNA_2023-11-01,CVNA,2024-07-25,2024-07-24,24.68400001525879,2024-06-05,318547008.0,7863014350.332642,yfinance_point_in_time_proxy,
CVNA_2024-07-30,CVNA,2025-07-30,2025-07-29,67.30000305175781,2024-06-05,318547008.0,21438214610.52832,yfinance_point_in_time_proxy,
CVS_2020-11-19,CVS,2021-11-10,2021-11-09,92.76000213623047,2021-11-06,1320060032.0,122448771388.27246,yfinance_point_in_time_proxy,
CVS_2024-12-19,CVS,2025-01-27,2025-01-24,54.54999923706055,2025-01-18,1258409984.0,68646263667.109375,yfinance_point_in_time_proxy,
CVX_2021-08-19,CVX,2022-03-29,2022-03-28,166.35000610351562,2022-03-20,1947549952.0,323974946402.10156,yfinance_point_in_time_proxy,
CVX_2022-07-14,CVX,2023-04-14,2023-04-13,172.08999633789062,2023-04-07,1906669952.0,328118825057.2461,yfinance_point_in_time_proxy,
CW_2020-10-28,CW,2021-08-06,2021-08-05,120.97000122070312,2021-05-11,40938200.0,4952294103.973389,yfinance_point_in_time_proxy,
CW_2021-09-10,CW,2022-08-12,2022-08-11,144.17999267578125,2022-08-11,38394600.0,5535733146.789551,yfinance_point_in_time_proxy,
CW_2022-09-27,CW,2023-08-16,2023-08-15,203.82000732421875,2023-07-21,38342900.0,7815050158.831787,yfinance_point_in_time_proxy,
CW_2023-10-05,CW,2024-08-19,2024-08-16,301.2200012207031,2024-08-17,38299300.0,11536515192.752075,yfinance_point_in_time_proxy,
CW_2025-04-04,CW,2025-08-22,2025-08-21,484.3500061035156,2025-08-19,37678100.0,18249387964.968872,yfinance_point_in_time_proxy,
CXT_2022-06-17,CXT,2023-01-23,2023-01-20,37.589439392089844,,,,yfinance_point_in_time_proxy,missing_shares_outstanding_on_or_before_entry
CXT_2023-03-24,CXT,2024-01-25,2024-01-24,57.709999084472656,2024-01-23,56803200.0,3278112619.995117,yfinance_point_in_time_proxy,
CXT_2025-04-08,CXT,2025-05-12,2025-05-09,52.79999923706055,2025-05-10,57365800.0,3028914196.233368,yfinance_point_in_time_proxy,
CYTK_2021-07-14,CYTK,2022-02-18,2022-02-17,35.220001220703125,2022-02-12,84394096.0,2972360164.1401367,yfinance_point_in_time_proxy,
CYTK_2022-02-23,CYTK,2023-02-23,2023-02-22,41.7400016784668,2022-11-08,94631000.0,3949898098.8349915,yfinance_point_in_time_proxy,
CYTK_2023-10-03,CYTK,2024-02-27,2024-02-26,79.0,2024-02-17,98053600.0,7746234400.0,yfinance_point_in_time_proxy,
CYTK_2025-05-15,CYTK,2025-07-17,2025-07-16,38.68000030517578,2025-07-12,119427000.0,4619436396.446228,yfinance_point_in_time_proxy,
D_2023-10-23,D,2024-04-22,2024-04-19,49.84000015258789,2024-04-20,837593024.0,41745636443.96655,yfinance_point_in_time_proxy,
DAL_2020-07-30,DAL,2021-07-06,2021-07-02,44.150001525878906,2021-07-03,640806016.0,28291586584.192383,yfinance_point_in_time_proxy,
DAL_2022-09-26,DAL,2023-01-09,2023-01-06,36.029998779296875,2022-10-23,641187968.0,23102001704.339844,yfinance_point_in_time_proxy,
DAL_2023-10-27,DAL,2024-01-11,2024-01-10,42.11000061035156,2024-01-06,643462976.0,27096226312.098633,yfinance_point_in_time_proxy,
DAL_2024-01-22,DAL,2025-01-15,2025-01-14,66.29000091552734,2025-01-14,663619008.0,43991304647.88135,yfinance_point_in_time_proxy,
DAR_2020-12-02,DAR,2021-12-01,2021-11-30,67.5199966430664,2021-11-28,161808000.0,10925275616.82129,yfinance_point_in_time_proxy,
DAR_2023-03-17,DAR,2023-07-26,2023-07-25,68.4000015258789,2023-07-20,159638000.0,10919239443.588257,yfinance_point_in_time_proxy,
DAR_2025-04-08,DAR,2025-05-13,2025-05-12,35.5099983215332,2025-05-10,158159008.0,5616226108.615356,yfinance_point_in_time_proxy,
DASH_2022-10-14,DASH,2023-02-17,2023-02-16,66.88999938964844,2022-11-09,388216992.0,25967834357.931152,yfinance_point_in_time_proxy,
DASH_2023-03-10,DASH,2024-02-22,2024-02-21,114.69000244140625,2024-02-16,398208992.0,45670590264.66992,yfinance_point_in_time_proxy,
DASH_2024-07-18,DASH,2025-02-26,2025-02-25,191.27000427246094,2025-02-25,420096000.0,80351763714.84375,yfinance_point_in_time_proxy,
DBX_2023-03-13,DBX,2023-06-13,2023-06-12,24.600000381469727,2023-06-09,352775008.0,8678265331.372986,yfinance_point_in_time_proxy,
DBX_2024-06-18,DBX,2024-11-06,2024-11-05,26.65999984741211,2024-11-05,313783008.0,8365454945.400513,yfinance_point_in_time_proxy,
DCI_2020-09-23,DCI,2021-09-16,2021-09-15,60.540000915527344,2021-06-29,125585000.0,7602916014.976501,yfinance_point_in_time_proxy,
DCI_2022-06-17,DCI,2022-11-10,2022-11-09,58.459999084472656,2022-10-22,122461000.0,7159069947.883606,yfinance_point_in_time_proxy,
DCI_2023-10-27,DCI,2024-03-20,2024-03-19,73.31999969482422,2024-03-19,120369000.0,8825455043.266296,yfinance_point_in_time_proxy,
DCI_2025-04-08,DCI,2025-08-27,2025-08-26,75.62999725341797,2025-08-26,116520000.0,8812407279.968262,yfinance_point_in_time_proxy,
DD_2022-09-26,DD,2022-11-08,2022-11-07,25.8326358795166,2022-10-23,500902016.0,12939619390.643799,yfinance_point_in_time_proxy,
DD_2024-02-05,DD,2024-05-07,2024-05-06,32.85774230957031,2024-05-04,418535008.0,13752115440.39795,yfinance_point_in_time_proxy,
DD_2025-04-08,DD,2025-07-01,2025-06-30,28.698745727539062,2025-06-28,420928992.0,12080134110.757324,yfinance_point_in_time_proxy,
DDOG_2021-05-06,DDOG,2021-11-24,2021-11-23,179.4199981689453,2021-11-23,312016000.0,55981910148.68164,yfinance_point_in_time_proxy,
DDOG_2023-01-05,DDOG,2023-02-01,2023-01-31,74.80999755859375,2022-11-28,317560000.0,23756662824.70703,yfinance_point_in_time_proxy,
DDOG_2023-04-25,DDOG,2024-02-05,2024-02-02,134.30999755859375,2024-02-02,322080992.0,43258697249.18945,yfinance_point_in_time_proxy,
DDOG_2024-08-05,DDOG,2025-02-07,2025-02-06,144.85000610351562,2025-02-04,340782016.0,49362277097.56836,yfinance_point_in_time_proxy,
DE_2022-07-06,DE,2022-08-24,2022-08-23,374.8800048828125,2022-07-30,305636000.0,114576825172.36328,yfinance_point_in_time_proxy,
DE_2024-08-05,DE,2024-11-25,2024-11-22,446.6499938964844,2024-11-22,273600000.0,122203438330.07812,yfinance_point_in_time_proxy,
DECK_2022-05-19,DECK,2022-07-20,2022-07-19,48.26166534423828,2022-07-19,26789900.0,1292925188.4056091,yfinance_point_in_time_proxy,
DECK_2022-07-26,DECK,2023-07-24,2023-07-21,89.59166717529297,2023-07-13,26159800.0,2343700094.972229,yfinance_point_in_time_proxy,
DECK_2023-10-26,DECK,2024-07-25,2024-07-24,141.0066680908203,2024-07-24,25442500.0,3587562152.900696,yfinance_point_in_time_proxy,
DECK_2025-11-04,DECK,2025-12-15,2025-12-12,101.18000030517578,2025-11-17,148343363.0,15009381513.610802,yfinance_point_in_time_proxy,
DELL_2020-11-16,DELL,2021-11-15,2021-11-12,56.0,2021-11-06,765116032.0,42846497792.0,yfinance_point_in_time_proxy,
DELL_2022-10-12,DELL,2022-11-22,2022-11-21,41.06999969482422,2022-11-09,732960000.0,30102666976.31836,yfinance_point_in_time_proxy,
DELL_2023-03-13,DELL,2023-11-27,2023-11-24,74.41000366210938,2023-11-25,723427008.0,53830206314.54883,yfinance_point_in_time_proxy,
DELL_2023-12-06,DELL,2024-11-27,2024-11-26,141.74000549316406,2024-11-20,701996032.0,99500921431.85938,yfinance_point_in_time_proxy,
DELL_2025-04-04,DELL,2025-12-03,2025-12-02,135.9499969482422,2025-11-17,672373149.0,91409127554.62999,yfinance_point_in_time_proxy,
DG_2021-03-04,DG,2021-12-29,2021-12-28,228.32000732421875,2021-12-08,231706000.0,52903115617.06543,yfinance_point_in_time_proxy,
DG_2022-05-20,DG,2022-12-30,2022-12-29,248.00999450683594,2022-12-08,223575008.0,55448836505.9458,yfinance_point_in_time_proxy,
DG_2023-10-12,DG,2024-01-04,2024-01-03,131.27999877929688,2023-12-30,219496992.0,28815564841.819336,yfinance_point_in_time_proxy,
DG_2025-01-17,DG,2025-04-02,2025-04-01,87.5999984741211,2025-04-01,219947008.0,19267357565.1875,yfinance_point_in_time_proxy,
DGX_2020-09-09,DGX,2021-07-22,2021-07-21,135.77999877929688,2021-05-04,121566000.0,16506231331.604004,yfinance_point_in_time_proxy,
DGX_2023-10-02,DGX,2024-08-26,2024-08-23,153.55999755859375,2024-08-24,111317000.0,17093838248.22998,yfinance_point_in_time_proxy,
DGX_2024-10-07,DGX,2025-09-26,2025-09-25,185.38999938964844,2025-09-24,111823441.0,20730947658.738388,yfinance_point_in_time_proxy,
DHI_2020-11-09,DHI,2021-08-26,2021-08-25,97.16000366210938,2021-08-24,358193984.0,34802128797.18555,yfinance_point_in_time_proxy,
DHI_2022-06-17,DHI,2022-11-10,2022-11-09,75.44000244140625,2022-10-23,347480992.0,26213966884.822266,yfinance_point_in_time_proxy,
DHI_2022-11-21,DHI,2023-11-14,2023-11-13,122.31999969482422,2023-11-11,334848992.0,40958728599.2522,yfinance_point_in_time_proxy,
DHI_2023-11-28,DHI,2024-11-20,2024-11-19,162.3000030517578,2024-11-19,324348000.0,52641681389.83154,yfinance_point_in_time_proxy,
DHI_2025-04-08,DHI,2025-11-25,2025-11-24,146.0800018310547,2025-11-21,298123530.0,43549885808.28049,yfinance_point_in_time_proxy,
DHR_2023-10-30,DHR,2024-01-30,2024-01-29,233.92999267578125,2024-01-27,738926976.0,172857182083.6172,yfinance_point_in_time_proxy,
DHR_2025-04-08,DHR,2025-11-21,2025-11-20,222.17999267578125,2025-11-17,716051591.0,159092337243.8615,yfinance_point_in_time_proxy,
DINO_2020-12-22,DINO,2021-12-01,2021-11-30,32.31999969482422,2020-06-09,1488990.0,48124156.34559631,yfinance_point_in_time_proxy,
DINO_2022-03-07,DINO,2022-12-02,2022-12-01,60.84000015258789,2022-11-26,200731008.0,12212474557.349121,yfinance_point_in_time_proxy,
DINO_2023-05-04,DINO,2023-12-06,2023-12-05,54.349998474121094,2023-12-05,179666000.0,9764846825.85144,yfinance_point_in_time_proxy,
DINO_2025-04-08,DINO,2025-05-08,2025-05-07,32.70000076293945,2025-05-07,188930000.0,6178011144.142151,yfinance_point_in_time_proxy,
DIS_2022-07-14,DIS,2022-08-12,2022-08-11,117.69000244140625,2022-05-16,1821479936.0,214369978114.8125,yfinance_point_in_time_proxy,
DIS_2023-10-04,DIS,2024-02-08,2024-02-07,99.13999938964844,2024-02-07,1834310016.0,181853493866.66602,yfinance_point_in_time_proxy,
DIS_2024-08-13,DIS,2025-02-19,2025-02-18,109.55999755859375,2025-02-15,1807789952.0,198061462727.5703,yfinance_point_in_time_proxy,
DKS_2021-04-14,DKS,2022-04-07,2022-04-06,96.58000183105469,2022-03-28,79849696.0,7711883785.88916,yfinance_point_in_time_proxy,
DKS_2022-05-24,DKS,2023-04-12,2023-04-11,139.07000732421875,2023-04-07,85618096.0,11906909237.805664,yfinance_point_in_time_proxy,
DKS_2023-10-27,DKS,2024-04-15,2024-04-12,203.1300048828125,2024-04-13,82448304.0,16747724394.09961,yfinance_point_in_time_proxy,
DKS_2025-05-23,DKS,2025-07-23,2025-07-22,214.6300048828125,2025-07-12,80092896.0,17190338659.558594,yfinance_point_in_time_proxy,
DLB_2022-10-11,DLB,2023-02-02,2023-02-01,80.41999816894531,2022-12-21,95520600.0,7681766477.096558,yfinance_point_in_time_proxy,
DLB_2024-08-12,DLB,2025-01-30,2025-01-29,80.62999725341797,2025-01-22,95611504.0,7709155304.915161,yfinance_point_in_time_proxy,
DLR_2021-03-03,DLR,2021-10-28,2021-10-27,156.88999938964844,2021-10-06,283724000.0,44513458186.82861,yfinance_point_in_time_proxy,
DLR_2022-10-12,DLR,2023-02-01,2023-01-31,114.62000274658203,2023-01-05,293816992.0,33677304430.03247,yfinance_point_in_time_proxy,
DLR_2023-05-24,DLR,2024-02-05,2024-02-02,144.49000549316406,2024-02-02,309331008.0,44695239045.12598,yfinance_point_in_time_proxy,
DLTR_2021-09-24,DLTR,2021-11-01,2021-10-29,107.76000213623047,2021-10-28,224912000.0,24236517600.463867,yfinance_point_in_time_proxy,
DLTR_2021-11-04,DLTR,2022-11-02,2022-11-01,158.1199951171875,2022-10-22,223936992.0,35408916081.59766,yfinance_point_in_time_proxy,
DLTR_2023-10-03,DLTR,2023-12-22,2023-12-21,134.3300018310547,2023-12-20,217872000.0,29266746158.935547,yfinance_point_in_time_proxy,
DLTR_2024-11-11,DLTR,2025-04-21,2025-04-17,79.13999938964844,2025-04-18,215083008.0,17021669121.84375,yfinance_point_in_time_proxy,
DOC_2021-01-07,DOC,2021-12-27,2021-12-23,35.189998626708984,2021-11-10,220288992.0,7751969325.959106,yfinance_point_in_time_proxy,
DOC_2022-10-10,DOC,2023-02-02,2023-02-01,27.420000076293945,2023-01-05,240176000.0,6585625938.323975,yfinance_point_in_time_proxy,
DOC_2023-10-31,DOC,2024-05-09,2024-05-08,19.149999618530273,2024-05-08,703782016.0,13477425337.928467,yfinance_point_in_time_proxy,
DOCS_2023-09-26,DOCS,2023-12-14,2023-12-13,24.65999984741211,2023-12-06,185908000.0,4584491251.63269,yfinance_point_in_time_proxy,
DOCS_2024-05-13,DOCS,2024-12-17,2024-12-16,53.279998779296875,2024-12-14,186692000.0,9946949532.104492,yfinance_point_in_time_proxy,
DOCU_2021-05-13,DOCU,2021-07-08,2021-07-07,288.94000244140625,2021-06-08,194835008.0,56295627687.19141,yfinance_point_in_time_proxy,
DOCU_2022-06-16,DOCU,2022-08-08,2022-08-05,72.33999633789062,2022-06-15,199944000.0,14463948227.783203,yfinance_point_in_time_proxy,
DOCU_2022-11-09,DOCU,2023-09-05,2023-09-01,51.66999816894531,2023-08-24,202371008.0,10456509612.807617,yfinance_point_in_time_proxy,
DOCU_2023-10-27,DOCU,2024-09-06,2024-09-05,56.93000030517578,2024-09-05,204716000.0,11654481942.474365,yfinance_point_in_time_proxy,
DOV_2022-09-30,DOV,2023-01-31,2023-01-30,143.30999755859375,2022-10-22,140354000.0,20114131397.338867,yfinance_point_in_time_proxy,
DOV_2023-10-27,DOV,2024-03-01,2024-02-29,165.3800048828125,2024-02-28,139896992.0,23136165220.05078,yfinance_point_in_time_proxy,
DOV_2025-04-08,DOV,2025-12-10,2025-12-09,190.0800018310547,2025-11-17,137153223.0,26070084878.97505,yfinance_point_in_time_proxy,
DOW_2021-12-01,DOW,2022-05-26,2022-05-25,67.30000305175781,2022-05-22,728102016.0,49001267898.791016,yfinance_point_in_time_proxy,
DOW_2022-09-26,DOW,2023-07-13,2023-07-12,54.11000061035156,2023-07-12,709305984.0,38380547227.166016,yfinance_point_in_time_proxy,
DPZ_2021-03-05,DPZ,2021-11-29,2021-11-26,529.8800048828125,2021-10-18,36360300.0,19266595941.540527,yfinance_point_in_time_proxy,
DPZ_2023-05-31,DPZ,2023-07-12,2023-07-11,349.7900085449219,2023-07-07,35339000.0,12361229111.968994,yfinance_point_in_time_proxy,
DPZ_2023-10-30,DPZ,2024-07-15,2024-07-12,491.4800109863281,2024-07-10,36522700.0,17950176997.250366,yfinance_point_in_time_proxy,
DRI_2022-06-16,DRI,2022-10-31,2022-10-28,142.49000549316406,2022-10-23,122387000.0,17438924302.29187,yfinance_point_in_time_proxy,
DRI_2023-10-13,DRI,2024-03-04,2024-03-01,171.2899932861328,2024-03-02,119411000.0,20453909388.290405,yfinance_point_in_time_proxy,
DRI_2024-07-10,DRI,2025-03-07,2025-03-06,192.30999755859375,2025-03-05,117147000.0,22528539283.996582,yfinance_point_in_time_proxy,
DT_2020-11-10,DT,2021-10-07,2021-10-06,71.19999694824219,2021-07-31,284286016.0,20241163471.62793,yfinance_point_in_time_proxy,
DT_2022-05-11,DT,2022-12-01,2022-11-30,38.75,2022-11-05,287852992.0,11154303440.0,yfinance_point_in_time_proxy,
DT_2022-12-06,DT,2023-12-05,2023-12-04,54.72999954223633,2023-11-30,294393984.0,16112182609.557129,yfinance_point_in_time_proxy,
DT_2024-08-06,DT,2024-12-06,2024-12-05,58.630001068115234,2024-12-04,298484000.0,17500117238.815308,yfinance_point_in_time_proxy,
DTE_2021-11-30,DTE,2022-04-20,2022-04-19,137.77000427246094,2022-03-22,193742000.0,26691836167.755127,yfinance_point_in_time_proxy,
DTE_2023-10-05,DTE,2024-07-30,2024-07-29,119.11000061035156,2024-07-26,207020000.0,24658152326.35498,yfinance_point_in_time_proxy,
DTM_2023-05-04,DTM,2023-12-04,2023-12-01,57.470001220703125,2023-12-02,96971000.0,5572923488.372803,yfinance_point_in_time_proxy,
DTM_2024-02-08,DTM,2024-12-05,2024-12-04,101.87000274658203,2024-12-04,101325000.0,10321978028.297424,yfinance_point_in_time_proxy,
DTM_2025-03-10,DTM,2025-12-10,2025-12-09,119.31999969482422,2025-11-17,101673925.0,12131732699.97158,yfinance_point_in_time_proxy,
DUK_2023-10-02,DUK,2024-07-17,2024-07-16,106.52999877929688,2024-07-11,771769024.0,82216553184.61914,yfinance_point_in_time_proxy,
DUOL_2022-12-28,DUOL,2023-10-05,2023-10-04,163.1300048828125,2023-09-30,41537400.0,6775996264.819336,yfinance_point_in_time_proxy,
DUOL_2023-10-26,DUOL,2024-10-08,2024-10-07,279.75,2024-10-05,43538700.0,12179951325.0,yfinance_point_in_time_proxy,
DVA_2020-07-13,DVA,2021-07-06,2021-07-02,122.44000244140625,2021-05-03,106200000.0,13003128259.277344,yfinance_point_in_time_proxy,
DVA_2022-06-21,DVA,2022-10-26,2022-10-25,95.44000244140625,2022-10-06,91300000.0,8713672222.90039,yfinance_point_in_time_proxy,
DVA_2022-11-16,DVA,2023-11-14,2023-11-13,88.37999725341797,2023-11-09,91348000.0,8073335989.105225,yfinance_point_in_time_proxy,
DVA_2023-11-16,DVA,2024-11-15,2024-11-14,154.36000061035156,2024-11-07,82024000.0,12661224690.063477,yfinance_point_in_time_proxy,
DVN_2021-07-19,DVN,2022-05-13,2022-05-12,64.61000061035156,2022-05-06,660000000.0,42642600402.83203,yfinance_point_in_time_proxy,
DVN_2024-02-05,DVN,2024-04-03,2024-04-02,51.619998931884766,2024-03-27,635000000.0,32778699321.746826,yfinance_point_in_time_proxy,
DVN_2025-04-08,DVN,2025-06-13,2025-06-12,34.33000183105469,2025-06-06,642099968.0,22043293077.160156,yfinance_point_in_time_proxy,
DXCM_2021-05-13,DXCM,2022-02-01,2022-01-31,107.62000274658203,2021-12-03,96922000.0,10430745906.204224,yfinance_point_in_time_proxy,
DXCM_2022-06-16,DXCM,2023-02-03,2023-02-02,108.02999877929688,2022-10-30,386257984.0,41727449540.01367,yfinance_point_in_time_proxy,
DXCM_2023-10-12,DXCM,2024-02-07,2024-02-06,124.91999816894531,2023-12-26,381673984.0,47678713382.41406,yfinance_point_in_time_proxy,
DXCM_2024-07-26,DXCM,2025-02-11,2025-02-10,88.2699966430664,2025-02-08,391660000.0,34571826885.22339,yfinance_point_in_time_proxy,
DY_2021-07-19,DY,2022-05-25,2022-05-24,80.20999908447266,2022-04-28,29628800.0,2376526020.8740234,yfinance_point_in_time_proxy,
DY_2023-02-16,DY,2023-05-30,2023-05-26,104.29000091552734,2023-05-18,29355300.0,3061464263.87558,yfinance_point_in_time_proxy,
DY_2023-10-18,DY,2024-05-31,2024-05-30,184.3300018310547,2024-05-24,29093200.0,5362749609.27124,yfinance_point_in_time_proxy,
DY_2025-03-10,DY,2025-06-05,2025-06-04,236.42999267578125,2025-06-04,28924800.0,6838690252.1484375,yfinance_point_in_time_proxy,
E_2021-07-19,E,2022-03-28,2022-03-25,29.709999084472656,2022-03-25,1771469952.0,52630370652.09082,yfinance_point_in_time_proxy,
E_2022-09-26,E,2023-03-30,2023-03-29,27.479999542236328,2023-03-28,1672700032.0,45965796113.65869,yfinance_point_in_time_proxy,
E_2023-05-31,E,2024-04-04,2024-04-03,32.77000045776367,2024-03-28,1600560000.0,52450351932.67822,yfinance_point_in_time_proxy,
E_2025-04-08,E,2025-06-12,2025-06-11,31.739999771118164,2025-06-06,1532780032.0,48650437864.85449,yfinance_point_in_time_proxy,
EA_2023-03-10,EA,2023-12-13,2023-12-12,140.3300018310547,2023-12-12,268966016.0,37744001517.771484,yfinance_point_in_time_proxy,
EA_2025-01-28,EA,2025-05-05,2025-05-02,151.10000610351562,2025-05-02,260618000.0,39379381390.686035,yfinance_point_in_time_proxy,
EBAY_2022-09-30,EBAY,2023-01-23,2023-01-20,46.65999984741211,2022-11-08,542659008.0,25320469230.476807,yfinance_point_in_time_proxy,
EBAY_2023-10-27,EBAY,2024-03-05,2024-03-04,48.90999984741211,2024-02-09,522952000.0,25577582240.203857,yfinance_point_in_time_proxy,
EBAY_2024-05-06,EBAY,2025-03-10,2025-03-07,70.51000213623047,2025-03-04,466000000.0,32857660995.4834,yfinance_point_in_time_proxy,
ECL_2022-11-03,ECL,2023-05-02,2023-05-01,168.77999877929688,2023-03-22,284670016.0,48046604952.98242,yfinance_point_in_time_proxy,
ECL_2023-10-27,ECL,2024-05-03,2024-05-02,226.75999450683594,2024-04-16,285912000.0,64833403549.43848,yfinance_point_in_time_proxy,
ED_2021-02-26,ED,2021-12-13,2021-12-10,82.61000061035156,2021-11-14,353748992.0,29223204445.03125,yfinance_point_in_time_proxy,
ED_2023-10-02,ED,2024-09-03,2024-08-30,101.55999755859375,2024-08-03,346147008.0,35154689287.39453,yfinance_point_in_time_proxy,
EEFT_2020-09-25,EEFT,2021-07-30,2021-07-29,142.5500030517578,2021-05-11,52797400.0,7526269531.124878,yfinance_point_in_time_proxy,
EEFT_2022-10-12,EEFT,2022-12-29,2022-12-28,93.41000366210938,2022-11-26,49593900.0,4632566380.618286,yfinance_point_in_time_proxy,
EEFT_2023-10-13,EEFT,2024-01-03,2024-01-02,100.58999633789062,2024-01-02,46121400.0,4639351457.098389,yfinance_point_in_time_proxy,
EFX_2020-10-30,EFX,2021-07-30,2021-07-29,260.6099853515625,2021-07-27,121837000.0,31751938785.27832,yfinance_point_in_time_proxy,
EFX_2022-06-16,EFX,2022-08-12,2022-08-11,218.3000030517578,2022-07-29,128021000.0,27946984690.689087,yfinance_point_in_time_proxy,
EFX_2022-10-20,EFX,2023-08-23,2023-08-22,191.91000366210938,2023-08-21,122720000.0,23551195649.414062,yfinance_point_in_time_proxy,
EFX_2023-10-27,EFX,2024-08-26,2024-08-23,302.1700134277344,2024-08-24,123736000.0,37389308781.49414,yfinance_point_in_time_proxy,
EG_2020-10-28,EG,2021-10-26,2021-10-25,282.6400146484375,,,,yfinance_point_in_time_proxy,missing_shares_outstanding_on_or_before_entry
EG_2022-09-26,EG,2022-10-28,2022-10-27,301.760009765625,,,,yfinance_point_in_time_proxy,missing_shares_outstanding_on_or_before_entry
EG_2022-11-11,EG,2023-11-01,2023-10-31,395.6199951171875,2023-10-27,43400000.0,17169907788.085938,yfinance_point_in_time_proxy,
EGP_2020-12-11,EGP,2021-11-12,2021-11-11,201.14999389648438,2021-10-29,40684300.0,8183646696.682739,yfinance_point_in_time_proxy,
EGP_2022-10-07,EGP,2023-07-05,2023-07-03,174.7100067138672,2023-06-24,44410800.0,7759011166.168213,yfinance_point_in_time_proxy,
EHC_2021-12-01,EHC,2022-04-14,2022-04-13,57.70087432861328,2022-03-16,99438200.0,5737671081.663513,yfinance_point_in_time_proxy,
EHC_2022-06-21,EHC,2023-04-19,2023-04-18,61.70000076293945,2023-03-21,99727400.0,6153180656.085968,yfinance_point_in_time_proxy,
EHC_2023-05-25,EHC,2024-04-22,2024-04-19,79.22000122070312,2024-04-20,100140000.0,7933090922.241211,yfinance_point_in_time_proxy,
EHC_2024-04-26,EHC,2025-04-25,2025-04-24,101.41000366210938,2025-04-23,105134000.0,10661639325.012207,yfinance_point_in_time_proxy,
EIX_2021-06-23,EIX,2022-03-28,2022-03-25,68.79000091552734,2022-03-23,380788000.0,26194406868.621826,yfinance_point_in_time_proxy,
EIX_2022-10-20,EIX,2023-03-30,2023-03-29,69.80000305175781,2023-03-21,382627008.0,26707366326.08496,yfinance_point_in_time_proxy,
EIX_2023-10-05,EIX,2024-07-25,2024-07-24,76.04000091552734,2024-07-24,384752992.0,29256617863.931885,yfinance_point_in_time_proxy,
EL_2020-06-26,EL,2021-06-25,2021-06-24,308.70001220703125,2021-06-19,367436992.0,113427803915.71484,yfinance_point_in_time_proxy,
EL_2022-11-02,EL,2022-12-13,2022-12-12,244.44000244140625,2022-11-26,356812000.0,87219126151.12305,yfinance_point_in_time_proxy,
EL_2023-11-01,EL,2023-12-15,2023-12-14,146.05999755859375,2023-12-13,357847008.0,52267133114.83008,yfinance_point_in_time_proxy,
EL_2024-11-12,EL,2025-01-24,2025-01-23,80.11000061035156,2025-01-23,358977984.0,28757726517.342773,yfinance_point_in_time_proxy,
ELAN_2023-05-30,ELAN,2023-07-13,2023-07-12,10.319999694824219,2023-07-12,509535008.0,5258401127.062256,yfinance_point_in_time_proxy,
ELAN_2023-10-26,ELAN,2024-07-16,2024-07-15,13.350000381469727,2024-07-12,494182016.0,6597330102.1154785,yfinance_point_in_time_proxy,
ELAN_2025-04-16,ELAN,2025-07-21,2025-07-18,14.779999732971191,2025-07-19,496646016.0,7340427983.861206,yfinance_point_in_time_proxy,
ELF_2022-05-24,ELF,2022-06-07,2022-06-06,26.290000915527344,2022-05-30,52272800.0,1374251959.8571777,yfinance_point_in_time_proxy,
ELF_2022-06-13,ELF,2023-06-09,2023-06-08,106.19999694824219,2023-05-30,53867100.0,5720685855.610657,yfinance_point_in_time_proxy,
ELF_2023-10-31,ELF,2024-06-12,2024-06-11,189.5800018310547,2024-06-08,55939100.0,10604934680.427551,yfinance_point_in_time_proxy,
ELF_2025-04-16,ELF,2025-06-17,2025-06-16,126.20999908447266,2025-06-14,56328400.0,7109207312.42981,yfinance_point_in_time_proxy,
ELS_2021-03-04,ELS,2022-02-01,2022-01-31,78.29000091552734,2022-01-31,183824000.0,14391581128.295898,yfinance_point_in_time_proxy,
ELV_2021-04-07,ELV,2022-03-29,2022-03-28,484.7900085449219,,,,yfinance_point_in_time_proxy,missing_shares_outstanding_on_or_before_entry
ELV_2023-07-12,ELV,2024-04-24,2024-04-23,532.9199829101562,2024-04-23,232418000.0,123860196588.0127,yfinance_point_in_time_proxy,
ELV_2025-08-01,ELV,2025-10-07,2025-10-06,349.94000244140625,2025-10-06,225178304.0,78798896251.51172,yfinance_point_in_time_proxy,
EME_2022-06-17,EME,2022-10-17,2022-10-14,121.94999694824219,2022-10-07,49348300.0,6018025034.40094,yfinance_point_in_time_proxy,
EME_2022-10-20,EME,2023-10-19,2023-10-18,196.4499969482422,2023-10-18,47135000.0,9259670606.155396,yfinance_point_in_time_proxy,
EME_2023-10-25,EME,2024-10-22,2024-10-21,455.1000061035156,2024-10-19,46657400.0,21233783024.77417,yfinance_point_in_time_proxy,
EME_2025-04-04,EME,2025-10-27,2025-10-24,748.239990234375,2025-10-24,44764250.0,33494401982.84912,yfinance_point_in_time_proxy,
EMR_2020-10-29,EMR,2021-10-26,2021-10-25,96.55000305175781,2021-10-16,597800000.0,57717591824.34082,yfinance_point_in_time_proxy,
EMR_2022-09-27,EMR,2022-11-11,2022-11-10,94.0,2022-10-23,591299968.0,55582196992.0,yfinance_point_in_time_proxy,
EMR_2023-05-31,EMR,2024-02-07,2024-02-06,94.26000213623047,2024-02-06,571523968.0,53871850444.586914,yfinance_point_in_time_proxy,
EMR_2025-04-08,EMR,2025-06-05,2025-06-04,121.61000061035156,2025-05-31,562499968.0,68405621451.802734,yfinance_point_in_time_proxy,
ENS_2022-07-14,ENS,2022-11-10,2022-11-09,66.58999633789062,2022-11-02,40658200.0,2707429389.1052246,yfinance_point_in_time_proxy,
ENS_2022-12-20,ENS,2023-12-13,2023-12-12,92.66999816894531,2023-12-09,40399100.0,3743784523.0270386,yfinance_point_in_time_proxy,
ENS_2025-04-08,ENS,2025-08-22,2025-08-21,98.08999633789062,2025-08-20,37466900.0,3675128083.7921143,yfinance_point_in_time_proxy,
ENSG_2020-07-31,ENSG,2021-07-28,2021-07-27,85.5199966430664,2021-05-04,54977500.0,4701675615.444183,yfinance_point_in_time_proxy,
ENSG_2021-10-27,ENSG,2022-08-17,2022-08-16,88.54000091552734,2022-08-06,55289900.0,4895367796.619415,yfinance_point_in_time_proxy,
ENSG_2023-03-13,ENSG,2023-12-19,2023-12-18,111.76000213623047,2023-12-16,56452200.0,6309097992.59491,yfinance_point_in_time_proxy,
ENSG_2024-06-20,ENSG,2025-06-18,2025-06-17,153.85000610351562,2025-06-17,57492400.0,8845206090.905762,yfinance_point_in_time_proxy,
ENTG_2022-12-28,ENTG,2023-01-23,2023-01-20,78.5,2022-11-05,149035008.0,11699248128.0,yfinance_point_in_time_proxy,
ENTG_2023-04-25,ENTG,2024-01-25,2024-01-24,123.19000244140625,2024-01-20,150159008.0,18498088562.11914,yfinance_point_in_time_proxy,
ENTG_2025-04-08,ENTG,2025-05-02,2025-05-01,79.30000305175781,2025-04-30,151320992.0,11999755127.39502,yfinance_point_in_time_proxy,
EOG_2020-12-29,EOG,2021-12-28,2021-12-27,90.77999877929688,2021-11-16,585089984.0,53114468033.29883,yfinance_point_in_time_proxy,
EOG_2021-12-31,EOG,2022-12-29,2022-12-28,127.4000015258789,2022-11-09,587390016.0,74833488934.68604,yfinance_point_in_time_proxy,
EOG_2023-06-23,EOG,2024-04-05,2024-04-04,134.02999877929688,2024-03-27,580001984.0,77737665207.50977,yfinance_point_in_time_proxy,
EPAM_2022-03-07,EPAM,2022-05-12,2022-05-11,296.05999755859375,2022-04-28,57139100.0,16916601806.500244,yfinance_point_in_time_proxy,
EPAM_2023-06-05,EPAM,2023-09-08,2023-09-07,263.20001220703125,2023-08-22,57960800.0,15255283267.529297,yfinance_point_in_time_proxy,
EPAM_2024-06-18,EPAM,2024-11-07,2024-11-06,202.69000244140625,2024-11-02,56935400.0,11540236365.002441,yfinance_point_in_time_proxy,
EPAM_2025-10-16,EPAM,2025-11-25,2025-11-24,183.22999572753906,2025-11-17,55696910.0,10205344581.337128,yfinance_point_in_time_proxy,
EPR_2020-10-16,EPR,2021-09-07,2021-09-03,51.79999923706055,2021-08-20,74803696.0,3874831395.729309,yfinance_point_in_time_proxy,
EPR_2022-09-29,EPR,2023-06-02,2023-06-01,41.349998474121094,2023-05-16,75279200.0,3112794805.1330566,yfinance_point_in_time_proxy,
EPR_2023-10-03,EPR,2024-09-23,2024-09-20,48.709999084472656,2024-09-21,75721400.0,3688389324.674988,yfinance_point_in_time_proxy,
EPR_2024-12-19,EPR,2025-09-26,2025-09-25,56.79999923706055,2025-09-25,76116634.0,4323424753.127617,yfinance_point_in_time_proxy,
EQH_2020-09-21,EQH,2021-07-21,2021-07-20,29.329999923706055,2021-05-10,428272992.0,12561246822.685364,yfinance_point_in_time_proxy,
EQH_2022-07-14,EQH,2022-12-02,2022-12-01,31.889999389648438,2022-11-09,370041984.0,11800638643.904297,yfinance_point_in_time_proxy,
EQH_2023-05-10,EQH,2023-12-06,2023-12-05,31.31999969482422,2023-12-02,338487008.0,10601412987.261963,yfinance_point_in_time_proxy,
EQIX_2022-10-14,EQIX,2022-11-11,2022-11-10,648.0,2022-11-08,92538096.0,59964686208.0,yfinance_point_in_time_proxy,
EQIX_2023-03-22,EQIX,2024-02-08,2024-02-07,846.72998046875,2024-02-07,93883400.0,79493889448.33984,yfinance_point_in_time_proxy,
EQIX_2024-05-08,EQIX,2025-02-12,2025-02-11,943.6400146484375,2025-02-08,97012400.0,91544782557.08008,yfinance_point_in_time_proxy,
EQNR_2021-01-29,EQNR,2022-01-06,2022-01-05,27.43000030517578,2022-01-05,3276559872.0,89876038288.88672,yfinance_point_in_time_proxy,
EQNR_2023-05-31,EQNR,2023-09-08,2023-09-07,31.940000534057617,2023-09-07,2988580096.0,95455249862.31396,yfinance_point_in_time_proxy,
EQNR_2024-11-06,EQNR,2025-06-13,2025-06-12,26.389999389648438,2025-06-12,2700580096.0,71268307085.13672,yfinance_point_in_time_proxy,
EQR_2020-12-23,EQR,2021-12-03,2021-12-02,85.51000213623047,2021-12-02,375016000.0,32067618961.120605,yfinance_point_in_time_proxy,
EQR_2023-11-01,EQR,2024-06-18,2024-06-17,67.01000213623047,2024-06-12,378972000.0,25394914529.571533,yfinance_point_in_time_proxy,
EQT_2021-08-20,EQT,2022-04-08,2022-04-07,36.34000015258789,2022-03-23,376023008.0,13664676168.096558,yfinance_point_in_time_proxy,
EQT_2023-03-15,EQT,2023-06-06,2023-06-05,36.040000915527344,2023-05-27,365651008.0,13178062663.083496,yfinance_point_in_time_proxy,
EQT_2024-08-05,EQT,2024-11-06,2024-11-05,37.540000915527344,2024-11-01,629833024.0,23643932297.589355,yfinance_point_in_time_proxy,
ERIC_2023-10-27,ERIC,2023-12-11,2023-12-08,5.659999847412109,2023-12-09,3329999872.0,18847798767.402344,yfinance_point_in_time_proxy,
ERIC_2024-04-15,ERIC,2024-12-12,2024-12-11,8.270000457763672,2024-12-11,3368940032.0,27861135606.81836,yfinance_point_in_time_proxy,
ERIC_2025-04-08,ERIC,2025-12-17,2025-12-16,9.619999885559082,2025-11-17,3333286661.0,32066217297.355614,yfinance_point_in_time_proxy,
ERIE_2022-04-29,ERIE,2022-08-02,2022-08-01,204.1699981689453,2022-07-30,52289900.0,10676028787.254333,yfinance_point_in_time_proxy,
ERIE_2023-07-12,ERIE,2023-08-04,2023-08-03,267.2799987792969,2023-07-13,52289900.0,13976044408.169556,yfinance_point_in_time_proxy,
ERIE_2023-09-06,ERIE,2024-08-07,2024-08-06,439.5,2024-08-06,52289900.0,22981411050.0,yfinance_point_in_time_proxy,
ES_2023-10-23,ES,2024-07-30,2024-07-29,64.94000244140625,2024-07-27,352255008.0,22875441079.51758,yfinance_point_in_time_proxy,
ES_2025-04-08,ES,2025-09-23,2025-09-22,67.66000366210938,2025-09-17,371115181.0,25109654505.524384,yfinance_point_in_time_proxy,
ESAB_2023-10-24,ESAB,2024-06-07,2024-06-06,94.26000213623047,2024-06-06,60424400.0,5695604073.080444,yfinance_point_in_time_proxy,
ESAB_2024-06-14,ESAB,2025-06-12,2025-06-11,126.5199966430664,2025-06-11,61252200.0,7749628138.380432,yfinance_point_in_time_proxy,
ESNT_2020-09-24,ESNT,2021-08-27,2021-08-26,46.459999084472656,2021-08-10,111872000.0,5197573017.578125,yfinance_point_in_time_proxy,
ESNT_2022-09-27,ESNT,2023-05-18,2023-05-17,44.560001373291016,2023-05-16,107259000.0,4779461187.297821,yfinance_point_in_time_proxy,
ESNT_2023-05-24,ESNT,2024-05-21,2024-05-20,55.880001068115234,2024-05-17,106673000.0,5960887353.939056,yfinance_point_in_time_proxy,
ESS_2021-05-05,ESS,2022-04-20,2022-04-19,347.67999267578125,2022-03-29,67572400.0,23493571537.08496,yfinance_point_in_time_proxy,
ESS_2023-03-23,ESS,2023-12-14,2023-12-13,238.38999938964844,2023-12-06,66821400.0,15929553505.215454,yfinance_point_in_time_proxy,
ESS_2024-02-13,ESS,2024-12-17,2024-12-16,299.04998779296875,2024-12-14,66599900.0,19916699282.01294,yfinance_point_in_time_proxy,
ETN_2022-07-14,ETN,2022-11-10,2022-11-09,156.3000030517578,2022-11-05,397700000.0,62160511213.68408,yfinance_point_in_time_proxy,
ETN_2023-01-19,ETN,2023-11-14,2023-11-13,222.57000732421875,2023-11-09,399300000.0,88872203924.56055,yfinance_point_in_time_proxy,
ETN_2023-11-28,ETN,2024-11-15,2024-11-14,361.8599853515625,2024-11-05,395200000.0,143007066210.9375,yfinance_point_in_time_proxy,
ETN_2025-04-04,ETN,2025-11-20,2025-11-19,345.6499938964844,2025-11-17,389300000.0,134561542623.90137,yfinance_point_in_time_proxy,
ETR_2023-10-02,ETR,2024-05-10,2024-05-09,55.7400016784668,2024-05-07,213536992.0,11902552292.494751,yfinance_point_in_time_proxy,
ETR_2024-07-08,ETR,2025-05-15,2025-05-14,80.51000213623047,2025-05-10,430774016.0,34681616948.39258,yfinance_point_in_time_proxy,
EVR_2022-09-27,EVR,2022-10-31,2022-10-28,104.19999694824219,2022-10-23,39144200.0,4078825520.541382,yfinance_point_in_time_proxy,
EVR_2022-11-09,EVR,2023-11-02,2023-11-01,132.00999450683594,2023-11-01,37890200.0,5001885093.862915,yfinance_point_in_time_proxy,
EVR_2023-11-09,EVR,2024-11-05,2024-11-04,263.760009765625,2024-11-01,38335600.0,10111398230.371094,yfinance_point_in_time_proxy,
EVR_2025-04-08,EVR,2025-11-10,2025-11-07,306.5400085449219,2025-11-08,38678117.0,11856390315.681488,yfinance_point_in_time_proxy,
EVRG_2023-11-13,EVRG,2024-09-03,2024-08-30,59.13999938964844,2024-08-31,229958000.0,13599715979.644775,yfinance_point_in_time_proxy,
EVRG_2024-10-10,EVRG,2025-09-26,2025-09-25,73.51000213623047,2025-09-25,230155314.0,16918717623.804794,yfinance_point_in_time_proxy,
EW_2022-11-04,EW,2023-05-12,2023-05-11,88.77999877929688,2023-05-03,606217984.0,53820031879.50781,yfinance_point_in_time_proxy,
EW_2023-10-27,EW,2024-05-15,2024-05-14,86.45999908447266,2024-05-11,602600000.0,52100795448.30322,yfinance_point_in_time_proxy,
EW_2024-07-25,EW,2025-05-20,2025-05-19,78.04000091552734,2025-05-10,594163008.0,46368481688.29248,yfinance_point_in_time_proxy,
EWBC_2020-12-22,EWBC,2021-12-20,2021-12-17,75.6500015258789,2021-11-18,142935008.0,10813033573.301514,yfinance_point_in_time_proxy,
EWBC_2022-06-16,EWBC,2023-02-01,2023-01-31,78.5199966430664,2023-01-28,140948000.0,11067236486.846924,yfinance_point_in_time_proxy,
EWBC_2023-05-04,EWBC,2024-02-05,2024-02-02,70.04000091552734,2024-02-01,143891008.0,10078126332.056152,yfinance_point_in_time_proxy,
EWBC_2024-02-08,EWBC,2025-02-07,2025-02-06,102.06999969482422,2025-01-25,138436992.0,14130263731.192383,yfinance_point_in_time_proxy,
EXC_2021-05-12,EXC,2022-04-12,2022-04-11,48.2400016784668,2022-03-20,980137024.0,47281811682.88745,yfinance_point_in_time_proxy,
EXE_2024-08-06,EXE,2024-11-06,2024-11-05,86.66999816894531,2024-11-02,233962000.0,20277486111.602783,yfinance_point_in_time_proxy,
EXEL_2021-12-03,EXEL,2022-03-01,2022-02-28,20.530000686645508,2022-02-22,319448000.0,6558267659.347534,yfinance_point_in_time_proxy,
EXEL_2022-10-10,EXEL,2023-04-03,2023-03-31,19.40999984741211,2023-04-01,324087008.0,6290528775.828247,yfinance_point_in_time_proxy,
EXEL_2023-04-27,EXEL,2024-04-09,2024-04-08,23.350000381469727,2024-04-06,303193984.0,7079579642.059326,yfinance_point_in_time_proxy,
EXEL_2024-05-28,EXEL,2025-04-11,2025-04-10,34.459999084472656,2025-04-10,287110016.0,9893810888.50293,yfinance_point_in_time_proxy,
EXLS_2021-02-23,EXLS,2022-02-18,2022-02-17,23.270000457763672,2022-02-12,33302900.0,774958498.2448578,yfinance_point_in_time_proxy,
EXLS_2022-02-23,EXLS,2023-02-23,2023-02-22,34.02199935913086,2022-11-24,33216100.0,1130078132.9128265,yfinance_point_in_time_proxy,
EXLS_2023-10-25,EXLS,2024-07-12,2024-07-11,32.31999969482422,2024-07-11,162438000.0,5249996110.427856,yfinance_point_in_time_proxy,
EXLS_2024-08-01,EXLS,2025-07-17,2025-07-16,42.290000915527344,2025-07-16,162694000.0,6880329408.950806,yfinance_point_in_time_proxy,
EXP_2022-09-27,EXP,2022-11-22,2022-11-21,131.58999633789062,2022-11-05,36844700.0,4848393938.070679,yfinance_point_in_time_proxy,
EXP_2022-12-19,EXP,2023-11-27,2023-11-24,179.32000732421875,2023-11-25,34886900.0,6255919163.519287,yfinance_point_in_time_proxy,
EXP_2023-11-29,EXP,2024-11-27,2024-11-26,309.9599914550781,2024-11-26,33543400.0,10397111977.374268,yfinance_point_in_time_proxy,
EXPD_2022-09-26,EXPD,2022-11-15,2022-11-14,111.79000091552734,2022-11-11,159136000.0,17789813585.69336,yfinance_point_in_time_proxy,
EXPD_2025-04-08,EXPD,2025-11-04,2025-11-03,122.45999908447266,2025-11-01,135718520.0,16620089834.945984,yfinance_point_in_time_proxy,
EXPE_2021-08-20,EXPE,2022-02-16,2022-02-15,211.92999267578125,2022-02-15,155754000.0,33008944079.223633,yfinance_point_in_time_proxy,
EXPE_2022-12-28,EXPE,2023-02-28,2023-02-27,106.83999633789062,2023-02-11,153348000.0,16383699758.422852,yfinance_point_in_time_proxy,
EXPE_2023-05-04,EXPE,2024-03-01,2024-02-29,136.82000732421875,2024-02-13,136288000.0,18646925158.203125,yfinance_point_in_time_proxy,
EXPE_2024-05-30,EXPE,2025-03-06,2025-03-05,190.99000549316406,2025-03-04,131827000.0,25177639454.14734,yfinance_point_in_time_proxy,
EXPO_2020-10-30,EXPO,2021-07-27,2021-07-26,95.55000305175781,2021-06-29,53157500.0,5079199287.223816,yfinance_point_in_time_proxy,
EXPO_2022-06-16,EXPO,2023-02-02,2023-02-01,103.55000305175781,2022-11-09,50638200.0,5243585764.535522,yfinance_point_in_time_proxy,
EXPO_2023-11-01,EXPO,2024-04-26,2024-04-25,79.68000030517578,2024-04-25,50673400.0,4037656527.4642944,yfinance_point_in_time_proxy,
EXR_2021-04-14,EXR,2022-04-07,2022-04-06,212.3699951171875,2022-03-20,140680992.0,29876421584.121094,yfinance_point_in_time_proxy,
EXR_2023-10-25,EXR,2023-12-01,2023-11-30,130.1699981689453,2023-11-11,218492000.0,28441103239.9292,yfinance_point_in_time_proxy,
F_2021-05-12,F,2022-05-03,2022-05-02,14.270000457763672,2022-04-30,4019770112.0,57362121338.34473,yfinance_point_in_time_proxy,
F_2022-07-06,F,2023-06-07,2023-06-06,12.930000305175781,2023-05-16,4000770048.0,51729957941.578125,yfinance_point_in_time_proxy,
F_2023-10-30,F,2024-06-10,2024-06-07,12.149999618530273,2024-06-05,4026480128.0,48921732019.21973,yfinance_point_in_time_proxy,
F_2025-04-08,F,2025-07-01,2025-06-30,10.850000381469727,2025-06-30,3958220032.0,42946688857.14111,yfinance_point_in_time_proxy,
FAF_2022-10-20,FAF,2023-01-06,2023-01-05,55.189998626708984,2022-11-01,103542000.0,5714482837.806702,yfinance_point_in_time_proxy,
FAF_2023-10-25,FAF,2024-08-23,2024-08-22,62.27000045776367,2024-08-22,102888000.0,6406835807.098389,yfinance_point_in_time_proxy,
FANG_2021-08-19,FANG,2022-04-26,2022-04-25,125.81999969482422,2022-03-24,177415008.0,22322356252.417236,yfinance_point_in_time_proxy,
FANG_2022-07-14,FANG,2023-04-28,2023-04-27,138.05999755859375,2023-04-24,181604992.0,25072384752.148438,yfinance_point_in_time_proxy,
FANG_2023-05-16,FANG,2024-05-01,2024-04-30,201.1300048828125,2024-04-30,179986000.0,36200585058.83789,yfinance_point_in_time_proxy,
FANG_2025-04-08,FANG,2025-06-13,2025-06-12,149.3300018310547,2025-06-11,292168000.0,43629447974.975586,yfinance_point_in_time_proxy,
FAST_2022-10-14,FAST,2023-06-13,2023-06-12,27.579999923706055,2023-05-06,571041984.0,15749337875.152954,yfinance_point_in_time_proxy,
FAST_2023-09-21,FAST,2024-07-16,2024-07-15,33.915000915527344,2024-07-13,572620032.0,19420408909.529297,yfinance_point_in_time_proxy,
FAST_2024-08-07,FAST,2025-07-21,2025-07-18,46.060001373291016,2025-07-19,1147640064.0,52860302923.88379,yfinance_point_in_time_proxy,
FBIN_2022-10-20,FBIN,2023-01-04,2023-01-03,57.97999954223633,2022-12-16,128020000.0,7422599541.397095,yfinance_point_in_time_proxy,
FBIN_2023-04-05,FBIN,2024-01-08,2024-01-05,74.72000122070312,2024-01-06,127287000.0,9510884795.379639,yfinance_point_in_time_proxy,
FCFS_2021-01-27,FCFS,2021-12-27,2021-12-23,69.9000015258789,2021-12-21,48483400.0,3388989733.9797974,yfinance_point_in_time_proxy,
FCFS_2022-03-08,FCFS,2022-12-28,2022-12-27,87.9000015258789,2022-11-02,46318100.0,4071361060.675812,yfinance_point_in_time_proxy,
FCFS_2023-03-08,FCFS,2024-01-19,2024-01-18,110.5199966430664,2024-01-13,45107900.0,4985324956.575775,yfinance_point_in_time_proxy,
FCFS_2024-12-18,FCFS,2025-04-24,2025-04-23,120.70999908447266,2025-04-23,44760700.0,5403064056.020355,yfinance_point_in_time_proxy,
FCN_2021-09-28,FCN,2022-06-23,2022-06-22,169.00999450683594,2022-05-05,34470100.0,5825791411.650085,yfinance_point_in_time_proxy,
FCN_2022-10-27,FCN,2023-06-27,2023-06-26,187.2899932861328,2023-06-12,33979800.0,6364076513.864136,yfinance_point_in_time_proxy,
FCN_2023-07-31,FCN,2024-07-18,2024-07-17,226.32000732421875,2024-06-21,35902200.0,8125386166.955566,yfinance_point_in_time_proxy,
FCX_2020-11-12,FCX,2021-11-10,2021-11-09,39.20000076293945,2021-11-09,1468470016.0,57564025747.55371,yfinance_point_in_time_proxy,
FCX_2022-07-14,FCX,2022-11-11,2022-11-10,36.75,2022-11-09,1429330048.0,52527879264.0,yfinance_point_in_time_proxy,
FCX_2023-05-24,FCX,2023-12-27,2023-12-26,42.83000183105469,2023-12-26,1433980032.0,61417367396.25586,yfinance_point_in_time_proxy,
FCX_2025-04-04,FCX,2025-05-06,2025-05-05,37.349998474121094,2025-05-03,1400000000.0,52289997863.76953,yfinance_point_in_time_proxy,
FDS_2021-05-18,FDS,2022-04-25,2022-04-22,427.2300109863281,2022-04-23,38888300.0,16614248836.239624,yfinance_point_in_time_proxy,
FDX_2022-09-26,FDX,2023-01-06,2023-01-05,181.27999877929688,2022-12-22,252396992.0,45754526401.6582,yfinance_point_in_time_proxy,
FDX_2023-01-30,FDX,2024-01-10,2024-01-09,247.25,2024-01-09,249892992.0,61786042272.0,yfinance_point_in_time_proxy,
FDX_2025-04-08,FDX,2025-11-05,2025-11-04,251.8800048828125,2025-11-01,235955461.0,59432462668.806274,yfinance_point_in_time_proxy,
FE_2021-03-02,FE,2022-02-17,2022-02-16,41.08000183105469,2022-02-14,571000000.0,23456681045.532227,yfinance_point_in_time_proxy,
FE_2023-10-02,FE,2024-07-29,2024-07-26,40.939998626708984,2024-07-27,575516032.0,23561625559.729004,yfinance_point_in_time_proxy,
FFIN_2020-11-04,FFIN,2021-10-25,2021-10-22,51.040000915527344,2021-10-23,141528992.0,7223639881.253662,yfinance_point_in_time_proxy,
FFIN_2023-10-20,FFIN,2023-12-14,2023-12-13,29.5,2023-12-12,142708992.0,4209915264.0,yfinance_point_in_time_proxy,
FFIN_2024-01-16,FFIN,2024-12-17,2024-12-16,40.86000061035156,2024-12-14,141979008.0,5801262353.537109,yfinance_point_in_time_proxy,
FFIV_2023-04-25,FFIV,2023-11-29,2023-11-28,169.0,2023-11-28,59707200.0,10090516800.0,yfinance_point_in_time_proxy,
FFIV_2024-04-30,FFIV,2024-12-02,2024-11-29,250.35000610351562,2024-11-30,58614900.0,14674240572.756958,yfinance_point_in_time_proxy,
FHI_2022-05-02,FHI,2022-11-08,2022-11-07,35.459999084472656,2022-11-05,88986096.0,3155446882.690796,yfinance_point_in_time_proxy,
FHI_2023-10-26,FHI,2024-09-24,2024-09-23,36.709999084472656,2024-09-21,82604896.0,3032425656.532959,yfinance_point_in_time_proxy,
FHI_2024-10-10,FHI,2025-09-29,2025-09-26,51.970001220703125,2025-09-27,77560065.0,4030796672.7278137,yfinance_point_in_time_proxy,
FHN_2020-09-24,FHN,2021-07-20,2021-07-19,15.010000228881836,2021-07-15,556089024.0,8346896377.518677,yfinance_point_in_time_proxy,
FHN_2021-09-21,FHN,2022-07-21,2022-07-20,22.260000228881836,2022-07-09,534876000.0,11906339882.4234,yfinance_point_in_time_proxy,
FHN_2023-05-12,FHN,2023-07-25,2023-07-24,13.199999809265137,2023-07-22,559000000.0,7378799893.379211,yfinance_point_in_time_proxy,
FHN_2023-10-06,FHN,2024-07-26,2024-07-25,16.850000381469727,2024-07-18,537000000.0,9048450204.849243,yfinance_point_in_time_proxy,
FHN_2024-08-07,FHN,2025-07-31,2025-07-30,21.940000534057617,2025-07-18,509000000.0,11167460271.835327,yfinance_point_in_time_proxy,
FICO_2020-10-28,FICO,2021-06-29,2021-06-28,506.3699951171875,2021-06-25,28776900.0,14571758712.487793,yfinance_point_in_time_proxy,
FICO_2022-05-09,FICO,2022-07-20,2022-07-19,440.42999267578125,2022-07-10,25932000.0,11421230570.06836,yfinance_point_in_time_proxy,
FICO_2022-10-10,FICO,2023-07-24,2023-07-21,844.5,2023-07-20,24993100.0,21106672950.0,yfinance_point_in_time_proxy,
FICO_2023-07-27,FICO,2024-07-25,2024-07-24,1559.239990234375,2024-07-24,24710900.0,38530223474.68262,yfinance_point_in_time_proxy,
FICO_2025-08-11,FICO,2025-10-02,2025-10-01,1512.7099609375,2025-10-01,24360536.0,36850425460.97656,yfinance_point_in_time_proxy,
FIS_2022-11-03,FIS,2023-01-20,2023-01-19,71.02999877929688,2022-12-21,593379008.0,42147710213.90039,yfinance_point_in_time_proxy,
FIS_2023-10-27,FIS,2024-01-24,2024-01-23,60.43000030517578,2024-01-20,592483968.0,35803806367.05176,yfinance_point_in_time_proxy,
FIS_2024-02-13,FIS,2025-01-28,2025-01-27,81.11000061035156,2025-01-25,538353984.0,43665891970.825195,yfinance_point_in_time_proxy,
FISV_2022-06-16,FISV,2023-02-07,2023-02-06,106.4000015258789,2022-12-08,635027968.0,67566976764.17578,yfinance_point_in_time_proxy,
FISV_2023-03-13,FISV,2024-02-09,2024-02-08,143.5500030517578,2023-05-12,617310016.0,88614854680.68066,yfinance_point_in_time_proxy,
FITB_2023-05-04,FITB,2023-12-01,2023-11-30,28.950000762939453,2023-11-29,681017024.0,19715443364.374756,yfinance_point_in_time_proxy,
FITB_2023-12-05,FITB,2024-12-04,2024-12-03,47.04999923706055,2024-12-03,670542976.0,31549046509.21631,yfinance_point_in_time_proxy,
FITB_2025-04-21,FITB,2025-12-09,2025-12-08,45.220001220703125,2025-11-27,661044771.0,29892445351.559418,yfinance_point_in_time_proxy,
FIVE_2022-07-01,FIVE,2022-08-16,2022-08-15,138.11000061035156,2022-07-02,55490100.0,7663737744.868469,yfinance_point_in_time_proxy,
FIVE_2022-08-29,FIVE,2023-08-18,2023-08-17,189.14999389648438,2023-07-24,55664000.0,10528845260.253906,yfinance_point_in_time_proxy,
FIVE_2024-08-07,FIVE,2024-09-11,2024-09-10,83.97000122070312,2024-09-07,55004900.0,4618761520.144653,yfinance_point_in_time_proxy,
FIVE_2025-04-08,FIVE,2025-09-16,2025-09-15,146.9600067138672,2025-09-12,55232500.0,8116968570.823669,yfinance_point_in_time_proxy,
FIX_2021-02-26,FIX,2022-02-23,2022-02-22,85.83999633789062,2022-02-11,36041300.0,3093785060.0128174,yfinance_point_in_time_proxy,
FIX_2022-06-17,FIX,2023-02-27,2023-02-24,146.80999755859375,2023-02-24,35738000.0,5246695692.749023,yfinance_point_in_time_proxy,
FIX_2023-04-06,FIX,2024-02-29,2024-02-28,293.8900146484375,2024-02-27,35684600.0,10487347616.723633,yfinance_point_in_time_proxy,
FIX_2024-04-19,FIX,2025-03-24,2025-03-21,352.1499938964844,2025-03-22,36021500.0,12684971005.142212,yfinance_point_in_time_proxy,
FLEX_2022-07-14,FLEX,2022-08-10,2022-08-09,12.705349922180176,2022-08-02,456084992.0,5794719417.614746,yfinance_point_in_time_proxy,
FLEX_2022-09-26,FLEX,2023-08-14,2023-08-11,19.947248458862305,2023-07-20,443513984.0,8846883633.82788,yfinance_point_in_time_proxy,
FLEX_2023-10-25,FLEX,2024-08-15,2024-08-14,30.459999084472656,2024-08-14,397071008.0,12094782540.150635,yfinance_point_in_time_proxy,
FLEX_2025-04-04,FLEX,2025-08-20,2025-08-19,49.77000045776367,2025-08-16,375324992.0,18679925023.650146,yfinance_point_in_time_proxy,
FLG_2023-03-13,FLG,2023-03-20,2023-03-17,19.6200008392334,,,,yfinance_point_in_time_proxy,missing_shares_outstanding_on_or_before_entry
FLG_2024-03-04,FLG,2024-03-21,2024-03-20,10.770000457763672,,,,yfinance_point_in_time_proxy,missing_shares_outstanding_on_or_before_entry
FLG_2024-04-30,FLG,2025-03-26,2025-03-25,12.069999694824219,2025-03-25,414720000.0,5005670273.4375,yfinance_point_in_time_proxy,
FLO_2021-02-26,FLO,2021-12-28,2021-12-27,27.1200008392334,2021-12-04,211395008.0,5733032794.369751,yfinance_point_in_time_proxy,
FLR_2021-09-21,FLR,2022-04-06,2022-04-05,28.739999771118164,2022-03-24,141222000.0,4058720247.6768494,yfinance_point_in_time_proxy,
FLR_2022-07-06,FLR,2023-04-11,2023-04-10,29.860000610351562,2023-04-07,142098000.0,4243046366.7297363,yfinance_point_in_time_proxy,
FLR_2023-05-12,FLR,2024-04-12,2024-04-11,42.220001220703125,2024-04-09,170112000.0,7182128847.65625,yfinance_point_in_time_proxy,
FLR_2025-04-08,FLR,2025-05-23,2025-05-22,37.58000183105469,2025-05-22,164664992.0,6188110700.870605,yfinance_point_in_time_proxy,
FLS_2020-09-25,FLS,2021-09-13,2021-09-10,35.880001068115234,2021-09-05,130263000.0,4673836579.135895,yfinance_point_in_time_proxy,
FLS_2022-09-30,FLS,2022-11-10,2022-11-09,30.1299991607666,2022-11-02,130696000.0,3937870370.3155518,yfinance_point_in_time_proxy,
FLS_2022-12-19,FLS,2023-11-14,2023-11-13,37.5099983215332,2023-11-11,131209000.0,4921649369.77005,yfinance_point_in_time_proxy,
FLS_2023-11-28,FLS,2024-11-15,2024-11-14,59.189998626708984,2024-11-14,131376000.0,7776145259.58252,yfinance_point_in_time_proxy,
FLS_2025-04-08,FLS,2025-11-20,2025-11-19,67.33999633789062,2025-11-17,130782242.0,8806875697.341125,yfinance_point_in_time_proxy,
FN_2021-05-12,FN,2022-04-07,2022-04-06,101.47000122070312,2022-03-25,36995300.0,3753913136.1602783,yfinance_point_in_time_proxy,
FN_2022-06-16,FN,2023-04-12,2023-04-11,101.48999786376953,2023-04-07,36608600.0,3715406735.7955933,yfinance_point_in_time_proxy,
FN_2023-05-04,FN,2024-04-15,2024-04-12,173.3300018310547,2024-04-13,36308400.0,6293335038.482666,yfinance_point_in_time_proxy,
FN_2025-04-04,FN,2025-05-13,2025-05-12,215.38999938964844,2025-05-10,36799700.0,7926287360.539246,yfinance_point_in_time_proxy,
FNB_2022-06-16,FNB,2022-10-19,2022-10-18,13.15999984741211,2022-10-07,350736000.0,4615685706.481934,yfinance_point_in_time_proxy,
FNB_2023-05-04,FNB,2023-12-13,2023-12-12,12.75,2023-12-12,358828992.0,4575069648.0,yfinance_point_in_time_proxy,
FNB_2025-04-04,FNB,2025-07-01,2025-06-30,14.579999923706055,2025-06-26,359806016.0,5245971685.8289795,yfinance_point_in_time_proxy,
FND_2020-07-13,FND,2021-07-09,2021-07-08,105.2300033569336,2021-05-11,104912000.0,11039890112.182617,yfinance_point_in_time_proxy,
FND_2022-06-16,FND,2022-07-29,2022-07-28,79.06999969482422,2022-05-10,105858000.0,8370192027.694702,yfinance_point_in_time_proxy,
FND_2022-10-20,FND,2023-08-02,2023-08-01,114.2699966430664,2023-07-20,106271000.0,12143586813.25531,yfinance_point_in_time_proxy,
FND_2023-10-26,FND,2024-08-13,2024-08-12,99.52999877929688,2024-08-10,107163000.0,10665933259.185791,yfinance_point_in_time_proxy,
FND_2025-04-21,FND,2025-08-22,2025-08-21,80.87000274658203,2025-08-20,107691000.0,8708971465.782166,yfinance_point_in_time_proxy,
FNF_2022-06-16,FNF,2023-01-23,2023-01-20,40.50144577026367,2022-11-13,272132000.0,11021739440.353394,yfinance_point_in_time_proxy,
FNF_2023-03-17,FNF,2024-01-25,2024-01-24,47.76277542114258,2024-01-20,272158016.0,12999022197.271729,yfinance_point_in_time_proxy,
FNF_2024-04-17,FNF,2025-02-24,2025-02-21,57.33847427368164,2025-02-22,275000000.0,15768080425.262451,yfinance_point_in_time_proxy,
FOUR_2022-06-16,FOUR,2022-08-12,2022-08-11,48.040000915527344,2022-08-09,116583000.0,5600647426.734924,yfinance_point_in_time_proxy,
FOUR_2022-11-07,FOUR,2023-08-16,2023-08-15,57.93000030517578,2023-07-27,83525000.0,4838603275.489807,yfinance_point_in_time_proxy,
FOUR_2023-10-27,FOUR,2024-08-19,2024-08-16,81.48999786376953,2024-08-17,88594800.0,7219590062.741089,yfinance_point_in_time_proxy,
FOX_2024-03-06,FOX,2024-07-16,2024-07-15,33.54999923706055,2024-07-13,483220000.0,16212030631.332397,yfinance_point_in_time_proxy,
FOX_2024-08-05,FOX,2025-07-21,2025-07-18,51.68000030517578,2025-07-19,468544992.0,24214405329.548584,yfinance_point_in_time_proxy,
FOXA_2022-10-27,FOXA,2023-02-15,2023-02-14,35.7599983215332,2023-02-11,517240992.0,18496537005.74817,yfinance_point_in_time_proxy,
FOXA_2024-03-06,FOXA,2024-07-17,2024-07-16,36.72999954223633,2024-07-16,450713984.0,16554724425.999512,yfinance_point_in_time_proxy,
FOXA_2024-08-05,FOXA,2025-07-22,2025-07-21,55.470001220703125,2025-07-19,430479008.0,23878671099.24707,yfinance_point_in_time_proxy,
FR_2021-04-15,FR,2022-04-12,2022-04-11,61.66999816894531,2022-04-09,131781000.0,8126934028.701782,yfinance_point_in_time_proxy,
FR_2023-10-27,FR,2023-12-14,2023-12-13,52.310001373291016,2023-12-06,135688000.0,7097839466.339111,yfinance_point_in_time_proxy,
FR_2024-04-30,FR,2025-03-05,2025-03-04,56.63999938964844,2025-03-04,136178000.0,7713121836.883545,yfinance_point_in_time_proxy,
FRT_2022-09-27,FRT,2023-02-02,2023-02-01,112.04000091552734,2023-01-05,81861696.0,9171784494.786621,yfinance_point_in_time_proxy,
FRT_2023-10-25,FRT,2024-07-16,2024-07-15,106.4000015258789,2024-07-11,83583904.0,8893327513.138916,yfinance_point_in_time_proxy,
FSLR_2022-05-12,FSLR,2022-07-28,2022-07-27,76.76000213623047,2022-05-04,106584000.0,8181388067.687988,yfinance_point_in_time_proxy,
FSLR_2022-08-03,FSLR,2023-08-01,2023-07-31,207.39999389648438,2023-06-24,106826000.0,22155711747.98584,yfinance_point_in_time_proxy,
FSLR_2023-11-09,FSLR,2024-08-02,2024-08-01,218.5,2024-08-01,107047000.0,23389769500.0,yfinance_point_in_time_proxy,
FSLR_2025-04-08,FSLR,2025-08-07,2025-08-06,185.00999450683594,2025-08-06,107248000.0,19841951890.86914,yfinance_point_in_time_proxy,
FTI_2020-10-28,FTI,2021-06-22,2021-06-21,9.359999656677246,2021-04-27,450668000.0,4218252325.275421,yfinance_point_in_time_proxy,
FTI_2021-12-01,FTI,2022-07-28,2022-07-27,6.659999847412109,2022-07-26,452212000.0,3011731850.997925,yfinance_point_in_time_proxy,
FTI_2022-08-04,FTI,2023-08-01,2023-07-31,18.34000015258789,2023-07-20,441563008.0,8098265634.097168,yfinance_point_in_time_proxy,
FTI_2023-08-17,FTI,2024-08-02,2024-08-01,28.799999237060547,2024-08-01,428372992.0,12337141842.777344,yfinance_point_in_time_proxy,
FTI_2025-04-08,FTI,2025-08-07,2025-08-06,35.56999969482422,2025-08-06,411016000.0,14619838994.567871,yfinance_point_in_time_proxy,
FTNT_2021-04-29,FTNT,2022-04-11,2022-04-08,67.16600036621094,2022-03-16,160815008.0,10801300886.220215,yfinance_point_in_time_proxy,
FTNT_2022-11-03,FTNT,2023-04-14,2023-04-13,68.38999938964844,2023-04-07,784065984.0,53622272167.2041,yfinance_point_in_time_proxy,
FTNT_2023-11-07,FTNT,2024-04-17,2024-04-16,64.4800033569336,2024-04-16,763030976.0,49200239893.92432,yfinance_point_in_time_proxy,
FTNT_2024-08-05,FTNT,2025-04-22,2025-04-21,92.72000122070312,2025-04-16,768974016.0,71299271702.20898,yfinance_point_in_time_proxy,
FTV_2022-06-17,FTV,2023-02-15,2023-02-14,52.01205825805664,2023-02-08,352900000.0,18355055359.26819,yfinance_point_in_time_proxy,
FTV_2023-04-26,FTV,2024-02-20,2024-02-16,63.54182434082031,2024-02-09,351084000.0,22308517856.87256,yfinance_point_in_time_proxy,
G_2024-04-17,G,2024-10-01,2024-09-30,39.209999084472656,2024-09-27,178178000.0,6986359216.873169,yfinance_point_in_time_proxy,
GAP_2022-06-30,GAP,2022-08-12,2022-08-11,10.380000114440918,,,,yfinance_point_in_time_proxy,missing_shares_outstanding_on_or_before_entry
GAP_2023-05-25,GAP,2023-08-16,2023-08-15,10.520000457763672,,,,yfinance_point_in_time_proxy,missing_shares_outstanding_on_or_before_entry
GAP_2023-08-24,GAP,2024-08-19,2024-08-16,24.219999313354492,,,,yfinance_point_in_time_proxy,missing_shares_outstanding_on_or_before_entry
GAP_2025-04-08,GAP,2025-09-02,2025-08-29,22.010000228881836,2025-08-30,373065984.0,8211182393.228027,yfinance_point_in_time_proxy,
GATX_2020-06-26,GATX,2021-06-09,2021-06-08,96.5199966430664,2021-06-06,35400000.0,3416807881.164551,yfinance_point_in_time_proxy,
GATX_2022-09-30,GATX,2022-11-21,2022-11-18,109.02999877929688,2022-11-11,35200000.0,3837855957.03125,yfinance_point_in_time_proxy,
GATX_2023-03-13,GATX,2024-02-12,2024-02-09,127.27999877929688,2024-01-19,35479800.0,4515868900.689697,yfinance_point_in_time_proxy,
GATX_2024-04-30,GATX,2025-02-14,2025-02-13,165.3800048828125,2025-02-13,35539300.0,5877489607.531738,yfinance_point_in_time_proxy,
GBCI_2022-05-11,GBCI,2022-11-04,2022-11-03,55.84000015258789,2022-10-25,112675000.0,6291772017.192841,yfinance_point_in_time_proxy,
GBCI_2023-05-11,GBCI,2023-12-01,2023-11-30,33.630001068115234,2023-11-29,110882000.0,3728961778.4347534,yfinance_point_in_time_proxy,
GBCI_2024-04-17,GBCI,2024-12-04,2024-12-03,57.290000915527344,2024-12-03,113398000.0,6496571523.81897,yfinance_point_in_time_proxy,
GD_2020-10-29,GD,2021-07-29,2021-07-28,195.50999450683594,2021-05-25,283015008.0,55332262659.43213,yfinance_point_in_time_proxy,
GD_2021-11-30,GD,2022-08-17,2022-08-16,241.47999572753906,2022-07-30,274246016.0,66224926771.97461,yfinance_point_in_time_proxy,
GD_2023-05-31,GD,2024-01-24,2024-01-23,249.3699951171875,2024-01-17,272896992.0,68052321562.53516,yfinance_point_in_time_proxy,
GD_2025-02-14,GD,2025-07-23,2025-07-22,297.6000061035156,2025-07-22,268396000.0,79874651238.15918,yfinance_point_in_time_proxy,
GDDY_2021-11-23,GDDY,2022-04-04,2022-04-01,84.69999694824219,2022-03-25,167487008.0,14186149066.470215,yfinance_point_in_time_proxy,
GDDY_2023-05-09,GDDY,2023-11-14,2023-11-13,88.23999786376953,2023-11-09,141132000.0,12453487378.509521,yfinance_point_in_time_proxy,
GDDY_2023-11-17,GDDY,2024-11-15,2024-11-14,185.2899932861328,2024-11-14,140391008.0,26013048929.753418,yfinance_point_in_time_proxy,
GE_2022-07-14,GE,2022-08-12,2022-08-11,49.156028747558594,2022-07-27,1096550016.0,53902044109.631836,yfinance_point_in_time_proxy,
GE_2022-09-30,GE,2023-08-16,2023-08-15,90.86193084716797,2023-07-27,1088380032.0,98892311203.02246,yfinance_point_in_time_proxy,
GE_2023-10-20,GE,2024-08-19,2024-08-16,169.4199981689453,2024-08-17,1084310016.0,183703800925.28906,yfinance_point_in_time_proxy,
GE_2024-12-18,GE,2025-08-22,2025-08-21,268.7099914550781,2025-08-21,1060440000.0,284950823338.62305,yfinance_point_in_time_proxy,
GEF_2022-03-01,GEF,2022-07-28,2022-07-27,68.98999786376953,2022-07-27,47336300.0,3265731235.8787537,yfinance_point_in_time_proxy,
GEF_2022-09-29,GEF,2023-08-01,2023-07-31,73.97000122070312,2023-07-27,48261700.0,3569918007.913208,yfinance_point_in_time_proxy,
GEF_2025-04-08,GEF,2025-06-06,2025-06-05,63.68000030517578,2025-06-05,49646700.0,3161501871.1509705,yfinance_point_in_time_proxy,
GEHC_2025-04-08,GEHC,2025-07-10,2025-07-09,75.51000213623047,2025-07-09,457884992.0,34574896724.06787,yfinance_point_in_time_proxy,
GEN_2020-11-27,GEN,2021-11-22,2021-11-19,25.0,2021-03-18,167351008.0,4183775200.0,yfinance_point_in_time_proxy,
GEN_2023-05-16,GEN,2023-08-04,2023-08-03,18.6200008392334,2023-07-20,640771008.0,11931156706.71643,yfinance_point_in_time_proxy,
GEN_2023-10-25,GEN,2024-08-07,2024-08-06,24.420000076293945,2024-08-03,617161984.0,15071095696.365723,yfinance_point_in_time_proxy,
GEN_2025-04-08,GEN,2025-08-12,2025-08-11,30.770000457763672,2025-08-08,624380992.0,19212203409.658936,yfinance_point_in_time_proxy,
GGG_2022-06-16,GGG,2023-04-27,2023-04-26,68.95999908447266,2023-04-22,167995008.0,11584935597.875977,yfinance_point_in_time_proxy,
GHC_2023-03-15,GHC,2024-01-22,2024-01-19,708.3699951171875,2024-01-20,4544340.0,3219074103.61084,yfinance_point_in_time_proxy,
GHC_2024-07-09,GHC,2025-01-24,2025-01-23,907.2899780273438,2025-01-18,4309320.0,3909802848.112793,yfinance_point_in_time_proxy,
GILD_2020-12-30,GILD,2021-08-17,2021-08-16,71.70999908447266,2021-08-09,1253810048.0,89910717394.18262,yfinance_point_in_time_proxy,
GILD_2022-03-10,GILD,2022-10-28,2022-10-27,70.19999694824219,2022-08-19,1269520000.0,89120300125.73242,yfinance_point_in_time_proxy,
GILD_2024-06-03,GILD,2024-09-12,2024-09-11,80.94000244140625,2024-09-11,1244989952.0,100769489754.40625,yfinance_point_in_time_proxy,
GILD_2024-09-25,GILD,2025-09-17,2025-09-16,110.86000061035156,2025-09-16,1259609984.0,139640363595.04492,yfinance_point_in_time_proxy,
GIS_2021-09-07,GIS,2022-04-20,2022-04-19,71.72000122070312,2022-03-25,602211968.0,43190643080.08203,yfinance_point_in_time_proxy,
GIS_2022-05-19,GIS,2023-04-24,2023-04-21,87.44999694824219,2023-04-22,587353984.0,51364104108.33789,yfinance_point_in_time_proxy,
GL_2021-12-01,GL,2022-10-13,2022-10-12,106.83999633789062,2022-10-11,97437504.0,10410222570.533203,yfinance_point_in_time_proxy,
GL_2024-04-11,GL,2024-04-18,2024-04-17,63.22999954223633,2024-04-17,94036896.0,5945952891.033325,yfinance_point_in_time_proxy,
GLPI_2022-01-27,GLPI,2022-12-13,2022-12-12,51.7599983215332,2022-10-29,257516992.0,13329079073.68628,yfinance_point_in_time_proxy,
GLW_2023-10-27,GLW,2024-05-09,2024-05-08,33.93000030517578,2024-05-08,856619008.0,29065083202.859375,yfinance_point_in_time_proxy,
GM_2022-07-11,GM,2022-08-25,2022-08-24,39.25,2022-08-06,1501510016.0,58934268128.0,yfinance_point_in_time_proxy,
GM_2023-11-09,GM,2023-12-14,2023-12-13,33.9900016784668,2023-12-13,1369479936.0,46548625323.2666,yfinance_point_in_time_proxy,
GM_2024-01-18,GM,2024-12-17,2024-12-16,52.2400016784668,2024-12-13,1099600000.0,57443105845.64209,yfinance_point_in_time_proxy,
GM_2025-04-08,GM,2025-12-22,2025-12-19,82.3499984741211,2025-11-17,952077801.0,78403605459.59457,yfinance_point_in_time_proxy,
GME_2020-09-11,GME,2021-09-01,2021-08-31,54.560001373291016,2021-07-01,74379200.0,4058129254.144287,yfinance_point_in_time_proxy,
GME_2022-03-14,GME,2022-09-02,2022-09-01,27.6299991607666,2022-07-30,304516000.0,8413776824.440002,yfinance_point_in_time_proxy,
GME_2023-11-27,GME,2023-11-29,2023-11-28,13.489999771118164,2023-11-25,305240992.0,4117700912.2158813,yfinance_point_in_time_proxy,
GME_2024-04-22,GME,2024-12-02,2024-11-29,29.049999237060547,2024-11-30,474791008.0,13792678420.163208,yfinance_point_in_time_proxy,
GMED_2020-09-24,GMED,2021-08-05,2021-08-04,80.62999725341797,2021-07-29,100031000.0,8065499255.256653,yfinance_point_in_time_proxy,
GMED_2022-06-16,GMED,2022-11-11,2022-11-10,65.76000213623047,2022-10-22,99467296.0,6540969597.445068,yfinance_point_in_time_proxy,
GMED_2023-11-13,GMED,2024-05-08,2024-05-07,51.36000061035156,2024-05-07,135055008.0,6936425293.311035,yfinance_point_in_time_proxy,
GMED_2025-07-21,GMED,2025-11-07,2025-11-06,61.709999084472656,2025-11-06,135057247.0,8334382588.721397,yfinance_point_in_time_proxy,
GNRC_2020-09-24,GNRC,2021-09-23,2021-09-22,442.2699890136719,2021-08-19,63120700.0,27916391295.53528,yfinance_point_in_time_proxy,
GNRC_2022-12-22,GNRC,2023-01-27,2023-01-26,112.97000122070312,2023-01-26,63356400.0,7157372585.339355,yfinance_point_in_time_proxy,
GNRC_2023-10-27,GNRC,2024-01-31,2024-01-30,115.83999633789062,2024-01-30,61431600.0,7116236319.030762,yfinance_point_in_time_proxy,
GNRC_2024-03-05,GNRC,2025-02-10,2025-02-07,142.11000061035156,2025-02-08,59497300.0,8455161339.31427,yfinance_point_in_time_proxy,
GNTX_2020-07-09,GNTX,2021-06-23,2021-06-22,32.66999816894531,2021-06-22,241536992.0,7891013086.372559,yfinance_point_in_time_proxy,
GNTX_2022-09-30,GNTX,2023-07-12,2023-07-11,30.3700008392334,2023-05-17,233703008.0,7097560549.09137,yfinance_point_in_time_proxy,
GNTX_2025-04-08,GNTX,2025-07-25,2025-07-24,23.600000381469727,2025-07-22,224803008.0,5305351074.555542,yfinance_point_in_time_proxy,
GOOG_2022-11-03,GOOG,2023-02-02,2023-02-01,101.43000030517578,2023-01-31,12872299520.0,1305637344241.914,yfinance_point_in_time_proxy,
GOOG_2023-02-24,GOOG,2024-02-06,2024-02-05,144.92999267578125,2024-02-03,12377900032.0,1793928960979.3125,yfinance_point_in_time_proxy,
GOOG_2024-03-06,GOOG,2025-02-10,2025-02-07,187.13999938964844,2025-02-08,12125599744.0,2269184728691.2812,yfinance_point_in_time_proxy,
GOOGL_2022-11-03,GOOGL,2023-04-14,2023-04-13,107.43000030517578,2023-04-13,12840099840.0,1379411929729.6875,yfinance_point_in_time_proxy,
GOOGL_2023-04-26,GOOGL,2024-04-17,2024-04-16,154.39999389648438,2024-04-16,12720499712.0,1964045077893.0312,yfinance_point_in_time_proxy,
GOOGL_2025-04-08,GOOGL,2025-07-21,2025-07-18,185.05999755859375,2025-07-19,12160700416.0,2250459189295.75,yfinance_point_in_time_proxy,
GPC_2021-09-10,GPC,2022-07-29,2022-07-28,149.61000061035156,2022-07-02,141595008.0,21184029233.302734,yfinance_point_in_time_proxy,
GPC_2023-10-27,GPC,2024-04-22,2024-04-19,162.38999938964844,2024-04-20,139299008.0,22620765824.098633,yfinance_point_in_time_proxy,
GPC_2025-04-08,GPC,2025-08-13,2025-08-12,134.75999450683594,2025-08-12,139092000.0,18744037155.944824,yfinance_point_in_time_proxy,
GPK_2021-07-19,GPK,2022-05-27,2022-05-26,21.450000762939453,2022-04-29,308307008.0,6613185556.81958,yfinance_point_in_time_proxy,
GPK_2022-06-17,GPK,2023-06-02,2023-06-01,24.15999984741211,2023-05-07,307140000.0,7420502353.134155,yfinance_point_in_time_proxy,
GPK_2023-10-23,GPK,2024-06-05,2024-06-04,27.780000686645508,2024-06-04,307294016.0,8536627975.482056,yfinance_point_in_time_proxy,
GPN_2022-12-19,GPN,2023-08-01,2023-07-31,110.25,2023-07-20,261952992.0,28880317368.0,yfinance_point_in_time_proxy,
GPN_2025-04-21,GPN,2025-08-22,2025-08-21,85.72000122070312,2025-08-20,242607008.0,20796273021.911133,yfinance_point_in_time_proxy,
GRMN_2020-09-24,GRMN,2021-07-15,2021-07-14,149.3699951171875,2021-07-14,192144992.0,28700696516.83203,yfinance_point_in_time_proxy,
GRMN_2022-10-12,GRMN,2023-02-02,2023-02-01,101.11000061035156,2022-10-27,191664000.0,19379147156.98242,yfinance_point_in_time_proxy,
GRMN_2023-02-21,GRMN,2024-02-06,2024-02-05,119.87999725341797,2024-02-01,195126000.0,23391704344.070435,yfinance_point_in_time_proxy,
GRMN_2024-02-13,GRMN,2025-02-10,2025-02-07,217.6699981689453,2025-02-08,193886000.0,42203165264.98413,yfinance_point_in_time_proxy,
GS_2022-06-17,GS,2022-11-07,2022-11-04,357.9100036621094,2022-11-04,341356000.0,122174727210.08301,yfinance_point_in_time_proxy,
GS_2023-10-27,GS,2023-12-14,2023-12-13,362.7300109863281,2023-12-13,326112000.0,118290609342.77344,yfinance_point_in_time_proxy,
GS_2023-12-18,GS,2024-12-17,2024-12-16,586.3300170898438,2024-12-14,313910016.0,184054865045.95312,yfinance_point_in_time_proxy,
GS_2025-04-08,GS,2025-12-22,2025-12-19,893.47998046875,2025-11-17,302721093.0,270475236261.11865,yfinance_point_in_time_proxy,
GSK_2020-10-30,GSK,2021-08-13,2021-08-12,41.2599983215332,2021-08-05,2515859968.0,103804378056.89258,yfinance_point_in_time_proxy,
GSK_2022-09-27,GSK,2022-12-06,2022-12-05,35.15999984741211,2022-12-05,2033699968.0,71504890564.56201,yfinance_point_in_time_proxy,
GSK_2023-03-09,GSK,2024-02-22,2024-02-21,41.939998626708984,2024-02-21,2032829952.0,85256885395.21289,yfinance_point_in_time_proxy,
GSK_2025-01-14,GSK,2025-05-30,2025-05-29,40.0,2025-05-29,2028310016.0,81132400640.0,yfinance_point_in_time_proxy,
GT_2020-10-30,GT,2021-09-30,2021-09-29,17.90999984741211,2021-09-10,281729984.0,5045783970.451416,yfinance_point_in_time_proxy,
GT_2022-12-28,GT,2023-05-11,2023-05-10,11.720000267028809,2023-05-09,283428000.0,3321776235.683441,yfinance_point_in_time_proxy,
GT_2024-09-10,GT,2024-11-08,2024-11-07,9.829999923706055,2024-11-07,284920000.0,2800763578.262329,yfinance_point_in_time_proxy,
GT_2025-10-14,GT,2025-12-03,2025-12-02,8.720000267028809,2025-11-17,286160909.0,2495323202.8932066,yfinance_point_in_time_proxy,
GTLS_2022-02-23,GTLS,2022-03-25,2022-03-24,186.17999267578125,2022-03-19,36598300.0,6813871225.946045,yfinance_point_in_time_proxy,
GTLS_2023-03-17,GTLS,2023-06-12,2023-06-09,131.49000549316406,2023-06-11,42727400.0,5618226060.708618,yfinance_point_in_time_proxy,
GTLS_2023-10-27,GTLS,2024-06-13,2024-06-12,146.4199981689453,2024-06-12,42801000.0,6266922341.629028,yfinance_point_in_time_proxy,
GTLS_2024-09-10,GTLS,2025-06-18,2025-06-17,143.5,2025-06-17,45893500.0,6585717250.0,yfinance_point_in_time_proxy,
GTM_2022-06-13,GTM,2022-08-11,2022-08-10,49.900001525878906,,,,yfinance_point_in_time_proxy,missing_shares_outstanding_on_or_before_entry
GTM_2023-11-01,GTM,2023-12-13,2023-12-12,15.859999656677246,,,,yfinance_point_in_time_proxy,missing_shares_outstanding_on_or_before_entry
GTM_2024-08-06,GTM,2024-12-16,2024-12-13,10.399999618530273,,,,yfinance_point_in_time_proxy,missing_shares_outstanding_on_or_before_entry
GTM_2025-04-08,GTM,2025-12-19,2025-12-18,10.170000076293945,2025-11-17,318630783.0,3240475087.4195995,yfinance_point_in_time_proxy,
GWRE_2022-11-09,GWRE,2023-01-13,2023-01-12,68.36000061035156,2022-12-11,81876200.0,5597057081.973267,yfinance_point_in_time_proxy,
GWRE_2023-01-19,GWRE,2024-01-18,2024-01-17,110.62000274658203,2024-01-17,81930496.0,9063151692.548828,yfinance_point_in_time_proxy,
GWRE_2024-04-19,GWRE,2025-01-22,2025-01-21,181.49000549316406,2025-01-17,83519296.0,15157917489.825195,yfinance_point_in_time_proxy,
GWW_2021-01-29,GWW,2021-12-15,2021-12-14,507.760009765625,2021-11-02,51520000.0,26159795703.125,yfinance_point_in_time_proxy,
GWW_2022-06-17,GWW,2023-01-11,2023-01-10,563.9199829101562,2022-12-11,50529300.0,28494481992.46216,yfinance_point_in_time_proxy,
GWW_2023-01-19,GWW,2024-01-16,2024-01-12,842.1199951171875,2024-01-13,49634200.0,41797952261.64551,yfinance_point_in_time_proxy,
GXO_2022-10-24,GXO,2023-09-29,2023-09-28,58.34000015258789,2023-09-27,118936000.0,6938726258.148193,yfinance_point_in_time_proxy,
GXO_2024-08-12,GXO,2024-10-11,2024-10-10,58.06999969482422,2024-10-09,119466000.0,6937390583.54187,yfinance_point_in_time_proxy,
GXO_2025-04-08,GXO,2025-10-16,2025-10-15,53.88999938964844,2025-10-14,114473279.0,6168964935.441055,yfinance_point_in_time_proxy,
H_2021-01-29,H,2021-12-21,2021-12-20,83.25,2021-12-04,109954000.0,9153670500.0,yfinance_point_in_time_proxy,
H_2022-06-23,H,2023-01-06,2023-01-05,91.9800033569336,2022-12-19,107119000.0,9852805979.59137,yfinance_point_in_time_proxy,
H_2023-01-10,H,2024-01-10,2024-01-09,128.57000732421875,2024-01-09,103139000.0,13260581985.412598,yfinance_point_in_time_proxy,
H_2024-02-13,H,2025-02-06,2025-02-05,158.55999755859375,2025-02-04,96038400.0,15227848469.53125,yfinance_point_in_time_proxy,
HAE_2021-05-13,HAE,2021-10-13,2021-10-12,67.80999755859375,2021-10-07,51029600.0,3460317051.4160156,yfinance_point_in_time_proxy,
HAE_2022-01-27,HAE,2022-10-14,2022-10-13,77.91999816894531,2022-10-07,51316500.0,3998581586.036682,yfinance_point_in_time_proxy,
HAE_2024-02-14,HAE,2024-05-02,2024-05-01,92.12999725341797,2024-05-01,50786100.0,4678923253.51181,yfinance_point_in_time_proxy,
HAE_2025-04-08,HAE,2025-06-24,2025-06-23,72.06999969482422,2025-06-21,48041200.0,3462329269.3389893,yfinance_point_in_time_proxy,
HAL_2020-10-01,HAL,2021-09-17,2021-09-16,20.59000015258789,2021-08-18,890499008.0,18335374710.599365,yfinance_point_in_time_proxy,
HAL_2021-09-21,HAL,2022-09-20,2022-09-19,28.3700008392334,2022-09-17,945873024.0,26834418484.688232,yfinance_point_in_time_proxy,
HAL_2022-09-26,HAL,2023-09-22,2023-09-21,40.7599983215332,2023-08-24,898545984.0,36624732799.6604,yfinance_point_in_time_proxy,
HAL_2025-04-08,HAL,2025-09-25,2025-09-24,24.440000534057617,2025-09-24,852602102.0,20837595828.218647,yfinance_point_in_time_proxy,
HALO_2020-09-24,HALO,2021-07-02,2021-07-01,46.36000061035156,2021-06-22,142386000.0,6601015046.905518,yfinance_point_in_time_proxy,
HALO_2021-12-09,HALO,2022-07-06,2022-07-05,46.33000183105469,2022-05-13,137950000.0,6391223752.593994,yfinance_point_in_time_proxy,
HALO_2023-05-08,HALO,2023-07-17,2023-07-14,38.220001220703125,2023-06-12,131680000.0,5032809760.7421875,yfinance_point_in_time_proxy,
HALO_2023-10-25,HALO,2024-07-18,2024-07-17,54.75,2024-07-03,129060000.0,7066035000.0,yfinance_point_in_time_proxy,
HALO_2024-11-18,HALO,2025-07-23,2025-07-22,57.540000915527344,2025-07-12,123221000.0,7090136452.812195,yfinance_point_in_time_proxy,
HAS_2023-03-14,HAS,2023-05-12,2023-05-11,60.02000045776367,2023-05-09,138608992.0,8319311763.290161,yfinance_point_in_time_proxy,
HAS_2023-11-13,HAS,2024-05-15,2024-05-14,62.18000030517578,2024-05-11,141394000.0,8791878963.150024,yfinance_point_in_time_proxy,
HAS_2025-04-08,HAS,2025-05-20,2025-05-19,68.18000030517578,2025-05-15,140128992.0,9553994717.323975,yfinance_point_in_time_proxy,
HBAN_2020-09-24,HBAN,2021-07-28,2021-07-27,13.90999984741211,2021-07-15,1477049984.0,20545765052.06006,yfinance_point_in_time_proxy,
HBAN_2022-06-16,HBAN,2022-11-01,2022-10-31,15.180000305175781,2022-10-23,1442189952.0,21892443911.481445,yfinance_point_in_time_proxy,
HBAN_2023-05-11,HBAN,2023-12-01,2023-11-30,11.260000228881836,2023-11-30,1448080000.0,16305381131.439209,yfinance_point_in_time_proxy,
HBAN_2023-12-05,HBAN,2024-12-04,2024-12-03,17.6299991607666,2024-12-03,1452809984.0,25613038798.67334,yfinance_point_in_time_proxy,
HBAN_2025-04-08,HBAN,2025-12-09,2025-12-08,16.940000534057617,2025-12-03,1574803152.0,26677166235.91562,yfinance_point_in_time_proxy,
HCA_2021-02-26,HCA,2022-02-04,2022-02-03,240.86000061035156,2021-11-06,311023008.0,74913001896.71338,yfinance_point_in_time_proxy,
HCA_2022-07-06,HCA,2023-02-08,2023-02-07,255.22999572753906,2022-12-07,282716992.0,72157856660.2627,yfinance_point_in_time_proxy,
HCA_2023-10-26,HCA,2024-02-12,2024-02-09,306.32000732421875,2024-02-09,269256000.0,82478499892.08984,yfinance_point_in_time_proxy,
HCA_2025-01-03,HCA,2025-05-15,2025-05-14,367.5,2025-05-14,240574000.0,88410945000.0,yfinance_point_in_time_proxy,
HD_2020-06-26,HD,2021-06-21,2021-06-18,302.6099853515625,2021-06-11,1063260032.0,321753102708.4219,yfinance_point_in_time_proxy,
HD_2023-10-27,HD,2024-01-16,2024-01-12,355.7099914550781,2024-01-10,995262016.0,354024643206.9238,yfinance_point_in_time_proxy,
HD_2024-05-24,HD,2025-01-21,2025-01-17,409.3800048828125,2025-01-17,993363008.0,406662953065.4453,yfinance_point_in_time_proxy,
HGV_2021-08-19,HGV,2022-04-04,2022-04-01,51.939998626708984,2022-03-24,120128000.0,6239448155.029297,yfinance_point_in_time_proxy,
HGV_2022-09-30,HGV,2023-04-06,2023-04-05,43.47999954223633,2023-04-01,112397000.0,4887021508.548737,yfinance_point_in_time_proxy,
HGV_2023-11-09,HGV,2024-04-10,2024-04-09,45.5099983215332,2024-03-28,104745000.0,4766944774.188995,yfinance_point_in_time_proxy,
HGV_2025-04-08,HGV,2025-05-13,2025-05-12,41.13999938964844,2025-05-10,92113000.0,3789528763.7786865,yfinance_point_in_time_proxy,
HIG_2022-09-26,HIG,2023-01-06,2023-01-05,77.08000183105469,2023-01-05,318099008.0,24519072119.09668,yfinance_point_in_time_proxy,
HIG_2023-03-15,HIG,2024-01-19,2024-01-18,82.98999786376953,2024-01-18,300769984.0,24960900329.645996,yfinance_point_in_time_proxy,
HII_2021-12-01,HII,2022-08-04,2022-08-03,218.69000244140625,2022-05-10,40047200.0,8757922265.771484,yfinance_point_in_time_proxy,
HII_2023-05-04,HII,2023-12-08,2023-12-07,245.19000244140625,2023-12-07,39723500.0,9739805061.981201,yfinance_point_in_time_proxy,
HII_2025-02-06,HII,2025-03-17,2025-03-14,196.16000366210938,2025-03-14,39130200.0,7675780175.299072,yfinance_point_in_time_proxy,
HIMS_2022-03-14,HIMS,2022-03-18,2022-03-17,4.949999809265137,2022-03-17,201024992.0,995073672.0575256,yfinance_point_in_time_proxy,
HIMS_2022-05-11,HIMS,2023-03-22,2023-03-21,10.029999732971191,2023-03-21,208460000.0,2090853744.3351746,yfinance_point_in_time_proxy,
HIMS_2023-10-27,HIMS,2024-03-25,2024-03-22,16.329999923706055,2024-03-22,211048992.0,3446430023.2582397,yfinance_point_in_time_proxy,
HIMS_2024-05-03,HIMS,2025-03-28,2025-03-27,31.920000076293945,2025-03-27,222166000.0,7091538736.949921,yfinance_point_in_time_proxy,
HL_2022-01-27,HL,2022-03-01,2022-02-28,5.760000228881836,2022-02-26,538352000.0,3100907643.218994,yfinance_point_in_time_proxy,
HL_2022-09-27,HL,2023-03-03,2023-03-02,5.360000133514404,2023-02-23,607822016.0,3257926086.9129944,yfinance_point_in_time_proxy,
HL_2024-02-13,HL,2024-03-13,2024-03-12,4.230000019073486,2024-03-12,625118016.0,2644249219.60318,yfinance_point_in_time_proxy,
HL_2024-03-19,HL,2025-03-18,2025-03-17,5.880000114440918,2025-03-13,631830976.0,3715166211.187317,yfinance_point_in_time_proxy,
HLI_2021-02-26,HLI,2022-02-15,2022-02-14,110.33000183105469,2022-02-11,67368096.0,7432722155.034668,yfinance_point_in_time_proxy,
HLI_2022-07-14,HLI,2023-02-17,2023-02-16,96.80999755859375,2023-02-11,68621296.0,6643227498.227539,yfinance_point_in_time_proxy,
HLI_2023-04-04,HLI,2024-02-22,2024-02-21,129.8800048828125,2024-02-17,69112496.0,8976331317.94336,yfinance_point_in_time_proxy,
HLI_2024-04-18,HLI,2025-02-26,2025-02-25,167.47000122070312,2025-02-25,70144800.0,11747149741.625977,yfinance_point_in_time_proxy,
HLNE_2022-10-20,HLNE,2022-11-11,2022-11-10,72.69999694824219,2022-11-10,53819800.0,3912699295.755005,yfinance_point_in_time_proxy,
HLNE_2022-12-28,HLNE,2023-11-15,2023-11-14,92.08000183105469,2023-11-09,54548800.0,5022853603.881836,yfinance_point_in_time_proxy,
HLT_2021-07-19,HLT,2022-04-20,2022-04-19,163.13999938964844,2022-04-12,279222016.0,45552279519.81641,yfinance_point_in_time_proxy,
HLT_2022-07-06,HLT,2023-04-24,2023-04-21,148.02000427246094,2023-04-22,265796000.0,39343125055.60303,yfinance_point_in_time_proxy,
HLT_2023-05-30,HLT,2024-04-25,2024-04-24,204.6999969482422,2024-04-17,253751008.0,51942830563.21338,yfinance_point_in_time_proxy,
HLT_2024-05-29,HLT,2025-05-13,2025-05-12,252.4199981689453,2025-05-10,237700000.0,60000233564.7583,yfinance_point_in_time_proxy,
HMC_2022-09-30,HMC,2023-05-12,2023-05-11,27.59000015258789,2023-05-11,1672179968.0,46135445572.274414,yfinance_point_in_time_proxy,
HMC_2024-12-19,HMC,2025-04-24,2025-04-23,29.68000030517578,2025-04-23,1448839936.0,43001569742.63086,yfinance_point_in_time_proxy,
HOG_2021-03-24,HOG,2022-02-09,2022-02-08,41.72999954223633,2021-11-09,153876992.0,6421286805.720703,yfinance_point_in_time_proxy,
HOG_2022-06-16,HOG,2023-02-13,2023-02-10,47.75,2023-01-05,146184000.0,6980286000.0,yfinance_point_in_time_proxy,
HOG_2023-10-30,HOG,2024-02-15,2024-02-14,36.869998931884766,2024-02-14,139270000.0,5134884751.243591,yfinance_point_in_time_proxy,
HOG_2025-04-08,HOG,2025-08-13,2025-08-12,25.59000015258789,2025-08-12,121553000.0,3110541288.547516,yfinance_point_in_time_proxy,
HOLX_2021-06-08,HOLX,2022-05-17,2022-05-16,77.22000122070312,2022-05-02,249380992.0,19257200506.660156,yfinance_point_in_time_proxy,
HOLX_2022-10-12,HOLX,2023-05-19,2023-05-18,81.05999755859375,2023-05-15,246554000.0,19985666638.061523,yfinance_point_in_time_proxy,
HOLX_2025-05-05,HOLX,2025-08-13,2025-08-12,67.94999694824219,2025-08-12,222419008.0,15113370914.831055,yfinance_point_in_time_proxy,
HOMB_2023-05-12,HOMB,2023-12-14,2023-12-13,24.719999313354492,2023-12-13,201771008.0,4987779179.214844,yfinance_point_in_time_proxy,
HOMB_2024-04-16,HOMB,2024-12-17,2024-12-16,30.459999084472656,2024-12-14,198798000.0,6055386897.994995,yfinance_point_in_time_proxy,
HON_2022-09-30,HON,2022-11-21,2022-11-18,202.196044921875,2022-10-30,672321984.0,135940846078.82812,yfinance_point_in_time_proxy,
HON_2025-04-08,HON,2025-07-01,2025-06-30,219.4910430908203,2025-06-30,643257024.0,141189155173.25684,yfinance_point_in_time_proxy,
HOOD_2022-12-27,HOOD,2023-10-10,2023-10-09,9.869999885559082,2023-10-07,911347008.0,8994994864.664612,yfinance_point_in_time_proxy,
HOOD_2023-11-09,HOOD,2024-10-11,2024-10-10,25.5,2024-10-09,884678016.0,22559289408.0,yfinance_point_in_time_proxy,
HOOD_2024-10-31,HOOD,2025-10-16,2025-10-15,134.14999389648438,2025-10-15,926408389.0,124277679730.00192,yfinance_point_in_time_proxy,
HPE_2021-09-21,HPE,2022-03-29,2022-03-28,17.3799991607666,2022-03-19,1300140032.0,22596432665.039062,yfinance_point_in_time_proxy,
HPE_2022-09-30,HPE,2023-03-31,2023-03-30,15.720000267028809,2023-03-30,1345280000.0,21147801959.228516,yfinance_point_in_time_proxy,
HPE_2023-05-11,HPE,2024-04-04,2024-04-03,18.190000534057617,2024-03-16,1361980032.0,24774417509.45581,yfinance_point_in_time_proxy,
HPE_2025-04-08,HPE,2025-04-28,2025-04-25,16.239999771118164,2025-04-26,1313580032.0,21332539419.02539,yfinance_point_in_time_proxy,
HPQ_2021-01-04,HPQ,2021-12-29,2021-12-28,37.95000076293945,2021-12-14,1082720000.0,41089224826.049805,yfinance_point_in_time_proxy,
HPQ_2022-10-12,HPQ,2023-07-10,2023-07-07,31.1299991607666,2023-07-07,985955968.0,30692808456.392822,yfinance_point_in_time_proxy,
HPQ_2023-09-28,HPQ,2024-07-11,2024-07-10,36.06999969482422,2024-07-10,978560000.0,35296658901.36719,yfinance_point_in_time_proxy,
HPQ_2025-04-08,HPQ,2025-08-28,2025-08-27,27.110000610351562,2025-08-27,939273024.0,25463692253.926758,yfinance_point_in_time_proxy,
HQY_2021-12-20,HQY,2022-01-25,2022-01-24,51.31999969482422,2021-12-14,83601400.0,4290423822.4868774,yfinance_point_in_time_proxy,
HQY_2022-03-07,HQY,2023-03-07,2023-03-06,66.0,2022-12-11,84639800.0,5586226800.0,yfinance_point_in_time_proxy,
HQY_2023-05-03,HQY,2024-03-08,2024-03-07,80.31999969482422,2024-03-07,85801104.0,6891544647.095581,yfinance_point_in_time_proxy,
HQY_2024-08-05,HQY,2025-03-13,2025-03-12,95.77999877929688,2025-03-11,92209104.0,8831787868.560059,yfinance_point_in_time_proxy,
HR_2020-10-28,HR,2021-10-20,2021-10-19,32.7599983215332,2021-10-07,145530000.0,4767562555.732727,yfinance_point_in_time_proxy,
HR_2024-03-14,HR,2024-06-06,2024-06-05,16.200000762939453,2024-05-31,383044000.0,6205313092.23938,yfinance_point_in_time_proxy,
HR_2025-06-05,HR,2025-09-08,2025-09-05,18.059999465942383,2025-09-05,355768000.0,6425169889.99939,yfinance_point_in_time_proxy,
HRB_2020-07-09,HRB,2021-06-16,2021-06-15,25.260000228881836,2021-04-27,181431008.0,4582947303.606262,yfinance_point_in_time_proxy,
HRB_2022-01-21,HRB,2022-06-16,2022-06-15,34.02000045776367,2022-05-13,159594000.0,5429387953.056335,yfinance_point_in_time_proxy,
HRB_2023-05-23,HRB,2023-08-16,2023-08-15,35.349998474121094,2023-07-13,152284000.0,5383239167.633057,yfinance_point_in_time_proxy,
HRB_2023-09-06,HRB,2024-08-19,2024-08-16,64.44999694824219,2024-08-17,139594000.0,8996832873.99292,yfinance_point_in_time_proxy,
HRL_2021-09-23,HRL,2022-04-01,2022-03-31,51.540000915527344,2022-03-19,544998016.0,28089198243.600586,yfinance_point_in_time_proxy,
HSBC_2021-09-21,HSBC,2022-01-06,2022-01-05,31.549999237060547,2022-01-04,4060389888.0,128105297868.56836,yfinance_point_in_time_proxy,
HSBC_2022-10-12,HSBC,2023-01-10,2023-01-09,34.15999984741211,2023-01-04,3993669888.0,136423762764.69434,yfinance_point_in_time_proxy,
HSBC_2023-05-01,HSBC,2024-04-30,2024-04-29,42.18000030517578,2024-04-25,3775399936.0,159246370452.64062,yfinance_point_in_time_proxy,
HSBC_2024-08-05,HSBC,2025-05-05,2025-05-02,56.5099983215332,2025-05-03,3532760064.0,199636265287.01953,yfinance_point_in_time_proxy,
HSIC_2022-10-12,HSIC,2023-01-26,2023-01-25,83.75,2023-01-12,135548000.0,11352145000.0,yfinance_point_in_time_proxy,
HSIC_2023-11-02,HSIC,2024-02-26,2024-02-23,79.86000061035156,2024-02-23,129938000.0,10376848759.307861,yfinance_point_in_time_proxy,
HST_2021-08-19,HST,2022-03-29,2022-03-28,19.100000381469727,2022-03-16,714150016.0,13640265578.026611,yfinance_point_in_time_proxy,
HST_2023-03-23,HST,2023-12-14,2023-12-13,18.780000686645508,2023-12-06,715448000.0,13436113931.259155,yfinance_point_in_time_proxy,
HST_2025-04-08,HST,2025-07-10,2025-07-09,16.149999618530273,2025-07-09,703112000.0,11355258531.784058,yfinance_point_in_time_proxy,
HSY_2021-04-27,HSY,2022-04-18,2022-04-14,225.97999572753906,2022-04-14,205543008.0,46448608069.66553,yfinance_point_in_time_proxy,
HSY_2022-06-16,HSY,2023-04-20,2023-04-19,257.29998779296875,2023-04-08,204310000.0,52568960505.981445,yfinance_point_in_time_proxy,
HSY_2025-02-04,HSY,2025-07-25,2025-07-24,183.89999389648438,2025-07-23,202604000.0,37258874363.40332,yfinance_point_in_time_proxy,
HUBB_2020-09-23,HUBB,2021-09-16,2021-09-15,191.35000610351562,2021-09-11,54380500.0,10405709006.912231,yfinance_point_in_time_proxy,
HUBB_2022-06-17,HUBB,2022-09-19,2022-09-16,219.11000061035156,2022-09-12,53677800.0,11761342790.76233,yfinance_point_in_time_proxy,
HUBB_2022-10-20,HUBB,2023-09-21,2023-09-20,310.489990234375,2023-09-20,54622200.0,16959646344.580078,yfinance_point_in_time_proxy,
HUBB_2023-10-31,HUBB,2024-09-24,2024-09-23,426.5899963378906,2024-09-20,53680900.0,22899734934.414673,yfinance_point_in_time_proxy,
HUBB_2025-04-04,HUBB,2025-09-29,2025-09-26,425.2200012207031,2025-09-27,53140009.0,22596194691.848175,yfinance_point_in_time_proxy,
HUM_2022-01-07,HUM,2022-07-01,2022-06-30,468.07000732421875,2022-06-16,126493000.0,59207579436.4624,yfinance_point_in_time_proxy,
HUM_2024-04-30,HUM,2024-07-16,2024-07-15,384.2099914550781,2024-07-11,120501000.0,46297688180.32837,yfinance_point_in_time_proxy,
HUM_2025-07-18,HUM,2025-08-18,2025-08-15,286.3900146484375,2025-08-15,120272000.0,34444699841.796875,yfinance_point_in_time_proxy,
HWC_2021-07-19,HWC,2022-03-29,2022-03-28,53.56999969482422,2022-03-20,87734496.0,4699936923.945557,yfinance_point_in_time_proxy,
HWC_2023-05-11,HWC,2023-06-07,2023-06-06,41.33000183105469,2023-05-17,86077104.0,3557566865.931885,yfinance_point_in_time_proxy,
HWC_2023-10-25,HWC,2024-06-10,2024-06-07,46.4900016784668,2024-06-05,87575000.0,4071361896.9917297,yfinance_point_in_time_proxy,
HWM_2021-12-01,HWM,2022-05-04,2022-05-03,34.9900016784668,2022-04-13,417623008.0,14612629750.886353,yfinance_point_in_time_proxy,
HWM_2022-06-23,HWM,2023-05-08,2023-05-05,44.0,2023-05-06,413291008.0,18184804352.0,yfinance_point_in_time_proxy,
HWM_2023-05-31,HWM,2024-05-09,2024-05-08,81.41999816894531,2024-05-07,408183008.0,33234259763.95459,yfinance_point_in_time_proxy,
HWM_2024-07-01,HWM,2025-05-14,2025-05-13,158.3000030517578,2025-05-13,403673984.0,63901592899.115234,yfinance_point_in_time_proxy,
HXL_2021-12-16,HXL,2022-08-08,2022-08-05,61.63999938964844,2022-07-30,84102496.0,5184077802.10791,yfinance_point_in_time_proxy,
HXL_2022-09-30,HXL,2023-08-10,2023-08-09,68.12999725341797,2023-07-27,84465696.0,5754647636.488037,yfinance_point_in_time_proxy,
HXL_2025-04-08,HXL,2025-07-23,2025-07-22,60.79999923706055,2025-07-22,80411296.0,4889006735.45105,yfinance_point_in_time_proxy,
IBKR_2022-05-09,IBKR,2022-09-09,2022-09-08,16.797500610351562,2021-07-20,416800000.0,7001198254.394531,yfinance_point_in_time_proxy,
IBKR_2022-10-03,IBKR,2023-09-13,2023-09-12,23.497499465942383,2021-07-20,416800000.0,9793757777.404785,yfinance_point_in_time_proxy,
IBKR_2023-11-28,IBKR,2024-09-16,2024-09-13,32.01750183105469,2024-09-12,420572000.0,13465664780.090332,yfinance_point_in_time_proxy,
IBM_2021-11-26,IBM,2022-11-14,2022-11-11,143.1699981689453,2021-10-20,896320000.0,128326132758.78906,yfinance_point_in_time_proxy,
IBM_2023-05-11,IBM,2023-11-20,2023-11-17,152.88999938964844,2023-11-18,913118976.0,139606759683.3164,yfinance_point_in_time_proxy,
IBM_2023-11-22,IBM,2024-11-21,2024-11-20,214.60000610351562,2024-11-15,924644992.0,198428820926.78516,yfinance_point_in_time_proxy,
IBM_2025-01-13,IBM,2025-11-26,2025-11-25,304.4800109863281,2025-11-17,934735206.0,284608185792.1877,yfinance_point_in_time_proxy,
IBOC_2020-11-04,IBOC,2021-11-01,2021-10-29,42.400001525878906,2021-10-28,63372300.0,2686985616.698456,yfinance_point_in_time_proxy,
IBOC_2022-06-10,IBOC,2022-11-04,2022-11-03,48.93000030517578,2022-11-02,62242100.0,3045505971.9947815,yfinance_point_in_time_proxy,
IBOC_2023-05-04,IBOC,2023-12-14,2023-12-13,50.779998779296875,2023-12-13,62058500.0,3151330554.244995,yfinance_point_in_time_proxy,
IBOC_2023-12-18,IBOC,2024-12-17,2024-12-16,69.1500015258789,2024-12-14,62202800.0,4301323714.91394,yfinance_point_in_time_proxy,
ICE_2020-07-28,ICE,2021-07-21,2021-07-20,119.13999938964844,2021-07-01,562766016.0,67047942802.75488,yfinance_point_in_time_proxy,
ICE_2022-10-07,ICE,2023-07-13,2023-07-12,115.37999725341797,2023-07-12,566051008.0,65310963748.33447,yfinance_point_in_time_proxy,
ICE_2023-10-27,ICE,2024-07-16,2024-07-15,147.82000732421875,2024-07-12,573585024.0,84787342448.74219,yfinance_point_in_time_proxy,
ICE_2025-01-10,ICE,2025-07-29,2025-07-28,182.7899932861328,2025-07-24,573625984.0,104853089764.11133,yfinance_point_in_time_proxy,
IDA_2024-02-13,IDA,2024-11-06,2024-11-05,109.5199966430664,2024-11-05,53269800.0,5834108317.176819,yfinance_point_in_time_proxy,
IDXX_2022-10-14,IDXX,2022-11-11,2022-11-10,416.05999755859375,2022-11-05,82817000.0,34456840817.81006,yfinance_point_in_time_proxy,
IDXX_2023-10-27,IDXX,2023-12-04,2023-12-01,482.6000061035156,2023-12-02,83051696.0,40080748996.507324,yfinance_point_in_time_proxy,
IDXX_2025-04-08,IDXX,2025-05-01,2025-04-30,432.6499938964844,2025-04-29,81039000.0,35061522855.3772,yfinance_point_in_time_proxy,
IEX_2020-07-31,IEX,2021-07-30,2021-07-29,223.0500030517578,2021-06-09,75931000.0,16936409781.723022,yfinance_point_in_time_proxy,
IEX_2022-06-17,IEX,2022-11-07,2022-11-04,222.58999633789062,2022-10-28,75421104.0,16787983263.159668,yfinance_point_in_time_proxy,
IEX_2023-10-25,IEX,2024-03-21,2024-03-20,240.88999938964844,2024-03-20,75644704.0,18222052700.390137,yfinance_point_in_time_proxy,
IFF_2021-01-27,IFF,2022-01-11,2022-01-10,140.58999633789062,2021-11-10,254547008.0,35786762922.541016,yfinance_point_in_time_proxy,
IFF_2022-10-12,IFF,2023-01-13,2023-01-12,115.5999984741211,2022-11-11,254962000.0,29473606810.958862,yfinance_point_in_time_proxy,
IFF_2023-08-17,IFF,2024-01-25,2024-01-24,79.04000091552734,2024-01-24,255279008.0,20177253026.034912,yfinance_point_in_time_proxy,
ILMN_2022-07-14,ILMN,2022-10-26,2022-10-25,223.85214233398438,2022-10-07,157300000.0,35211941989.13574,yfinance_point_in_time_proxy,
ILMN_2023-11-13,ILMN,2023-12-13,2023-12-12,114.43579864501953,2023-12-06,162552992.0,18601881461.65747,yfinance_point_in_time_proxy,
ILMN_2024-05-30,ILMN,2024-12-16,2024-12-13,143.8699951171875,2024-12-14,158600000.0,22817781225.585938,yfinance_point_in_time_proxy,
ILMN_2025-04-08,ILMN,2025-12-19,2025-12-18,130.50999450683594,2025-11-17,153700000.0,20059386155.700684,yfinance_point_in_time_proxy,
INCY_2021-11-22,INCY,2022-04-08,2022-04-07,82.18000030517578,2022-03-18,221324992.0,18188487910.103027,yfinance_point_in_time_proxy,
INCY_2024-04-25,INCY,2024-07-24,2024-07-23,65.80000305175781,2024-07-03,203186000.0,13369639420.074463,yfinance_point_in_time_proxy,
INCY_2025-04-10,INCY,2025-07-29,2025-07-28,70.16000366210938,2025-07-25,193570000.0,13580871908.874512,yfinance_point_in_time_proxy,
INFY_2021-04-14,INFY,2022-03-29,2022-03-28,24.719999313354492,2022-03-25,4191480064.0,103613384304.01904,yfinance_point_in_time_proxy,
INFY_2023-04-25,INFY,2023-12-18,2023-12-15,18.670000076293945,2023-12-16,4200740096.0,78427817912.81104,yfinance_point_in_time_proxy,
INFY_2024-04-18,INFY,2024-12-19,2024-12-18,22.649999618530273,2024-12-18,4168290048.0,94411767997.12354,yfinance_point_in_time_proxy,
ING_2022-03-07,ING,2022-05-27,2022-05-26,10.800000190734863,2022-05-24,3764610048.0,40657789236.44238,yfinance_point_in_time_proxy,
ING_2022-09-28,ING,2023-06-01,2023-05-31,12.270000457763672,2023-05-31,3684760064.0,45212007672.0293,yfinance_point_in_time_proxy,
ING_2023-06-23,ING,2024-06-04,2024-06-03,18.030000686645508,2024-05-31,3255119872.0,58689813527.27344,yfinance_point_in_time_proxy,
ING_2024-12-18,ING,2025-06-09,2025-06-06,21.190000534057617,2025-06-06,3006030080.0,63697779000.59326,yfinance_point_in_time_proxy,
INGR_2022-09-26,INGR,2023-01-17,2023-01-13,100.1500015258789,2022-11-11,65555300.0,6565363395.029449,yfinance_point_in_time_proxy,
INGR_2023-10-23,INGR,2024-02-20,2024-02-16,114.16999816894531,2024-02-13,65192500.0,7443027605.628967,yfinance_point_in_time_proxy,
INTC_2022-10-11,INTC,2023-03-30,2023-03-29,31.520000457763672,2023-03-21,4136999936.0,130398239876.48828,yfinance_point_in_time_proxy,
INTC_2023-05-25,INTC,2024-04-03,2024-04-02,43.939998626708984,2024-03-26,4228000000.0,185778314193.7256,yfinance_point_in_time_proxy,
INTC_2025-04-08,INTC,2025-07-08,2025-07-07,22.0,2025-07-01,4361999872.0,95963997184.0,yfinance_point_in_time_proxy,
INTU_2022-05-18,INTU,2022-08-03,2022-08-02,446.9700012207031,2022-07-30,282076992.0,126079953458.57227,yfinance_point_in_time_proxy,
INTU_2022-11-04,INTU,2023-08-07,2023-08-04,496.9800109863281,2023-07-21,280060000.0,139184221876.83105,yfinance_point_in_time_proxy,
INTU_2023-10-26,INTU,2024-08-08,2024-08-07,609.4500122070312,2024-07-24,282803008.0,172354296677.78516,yfinance_point_in_time_proxy,
INTU_2025-04-08,INTU,2025-08-13,2025-08-12,713.47998046875,2025-08-08,278947008.0,199023105819.65625,yfinance_point_in_time_proxy,
INVH_2023-10-27,INVH,2024-07-22,2024-07-19,35.91999816894531,2024-07-19,612536000.0,22002291998.413086,yfinance_point_in_time_proxy,
IP_2022-10-12,IP,2023-01-31,2023-01-30,37.790000915527344,2022-12-21,358131008.0,13533771120.19873,yfinance_point_in_time_proxy,
IP_2023-06-01,IP,2024-03-11,2024-03-08,36.2400016784668,2024-03-09,346353984.0,12551868961.503662,yfinance_point_in_time_proxy,
IP_2024-04-25,IP,2025-03-14,2025-03-13,50.380001068115234,2025-03-13,526126016.0,26506229248.043213,yfinance_point_in_time_proxy,
IPGP_2022-10-12,IPGP,2023-01-12,2023-01-11,106.76000213623047,2022-11-05,48714400.0,5200749448.065186,yfinance_point_in_time_proxy,
IPGP_2024-09-10,IPGP,2024-10-29,2024-10-28,79.2699966430664,2024-10-22,44226100.0,3505802798.535919,yfinance_point_in_time_proxy,
IPGP_2025-04-08,IPGP,2025-11-03,2025-10-31,85.12000274658203,2025-10-25,42219918.0,3593759536.120468,yfinance_point_in_time_proxy,
IQV_2020-09-24,IQV,2021-08-30,2021-08-27,259.54998779296875,2021-08-25,191852992.0,49795441731.64453,yfinance_point_in_time_proxy,
IQV_2022-10-12,IQV,2022-11-11,2022-11-10,222.5800018310547,2022-10-30,185740000.0,41342009540.1001,yfinance_point_in_time_proxy,
IQV_2023-10-30,IQV,2023-12-14,2023-12-13,225.9499969482422,2023-12-06,182500000.0,41235874443.0542,yfinance_point_in_time_proxy,
IQV_2025-05-23,IQV,2025-07-22,2025-07-21,158.9600067138672,2025-07-12,173000000.0,27500081161.499023,yfinance_point_in_time_proxy,
IR_2020-07-28,IR,2021-07-26,2021-07-23,48.61000061035156,2021-07-14,419452992.0,20389610197.13379,yfinance_point_in_time_proxy,
IR_2022-07-14,IR,2022-08-11,2022-08-10,51.310001373291016,2022-08-06,405929984.0,20828268036.5,yfinance_point_in_time_proxy,
IR_2022-09-27,IR,2023-08-15,2023-08-14,67.9000015258789,2023-07-24,404519008.0,27466841260.44702,yfinance_point_in_time_proxy,
IR_2023-10-23,IR,2024-08-16,2024-08-15,92.22000122070312,2024-08-14,403484000.0,37209294972.53418,yfinance_point_in_time_proxy,
IRM_2021-06-29,IRM,2022-06-06,2022-06-03,53.56999969482422,2022-05-04,290561984.0,15565405394.20752,yfinance_point_in_time_proxy,
IRM_2022-09-27,IRM,2023-06-08,2023-06-07,56.36000061035156,2023-05-17,291623008.0,16435872908.872559,yfinance_point_in_time_proxy,
IRM_2023-06-23,IRM,2024-06-11,2024-06-10,87.0999984741211,2024-06-07,293132992.0,25531883155.91455,yfinance_point_in_time_proxy,
IRM_2025-04-08,IRM,2025-06-16,2025-06-13,101.58999633789062,2025-06-14,297716000.0,30244967349.731445,yfinance_point_in_time_proxy,
IRT_2020-09-23,IRT,2021-09-22,2021-09-21,20.299999237060547,2021-09-17,105111000.0,2133753219.8066711,yfinance_point_in_time_proxy,
IRT_2022-10-14,IRT,2023-02-02,2023-02-01,19.110000610351562,2022-11-25,230166000.0,4398472400.482178,yfinance_point_in_time_proxy,
IRT_2023-10-30,IRT,2024-02-16,2024-02-15,15.520000457763672,2024-02-13,230656992.0,3579796621.4263916,yfinance_point_in_time_proxy,
IRT_2024-02-26,IRT,2025-02-21,2025-02-20,20.75,2025-02-20,236856000.0,4914762000.0,yfinance_point_in_time_proxy,
ISRG_2020-10-30,ISRG,2021-10-21,2021-10-20,339.79998779296875,2021-10-05,356972000.0,121299081242.43164,yfinance_point_in_time_proxy,
ISRG_2022-10-14,ISRG,2022-10-26,2022-10-25,237.8699951171875,2022-10-07,357111008.0,84945993729.2539,yfinance_point_in_time_proxy,
ISRG_2023-03-10,ISRG,2023-11-15,2023-11-14,291.6199951171875,2023-11-11,352072000.0,102671234920.89844,yfinance_point_in_time_proxy,
ISRG_2025-10-10,ISRG,2025-11-21,2025-11-20,552.22998046875,2025-11-17,358476507.0,197961474459.11572,yfinance_point_in_time_proxy,
IT_2021-04-30,IT,2022-04-27,2022-04-26,287.4800109863281,2022-04-21,81164800.0,23333257595.703125,yfinance_point_in_time_proxy,
IT_2022-06-16,IT,2023-05-01,2023-04-28,302.4599914550781,2023-04-26,79167000.0,23944850143.52417,yfinance_point_in_time_proxy,
IT_2023-05-04,IT,2024-05-02,2024-05-01,422.3900146484375,2024-04-30,77838800.0,32878331872.216797,yfinance_point_in_time_proxy,
ITT_2022-06-17,ITT,2022-11-15,2022-11-14,81.44000244140625,2022-09-13,82700000.0,6735088201.904297,yfinance_point_in_time_proxy,
ITT_2023-05-31,ITT,2023-11-17,2023-11-16,107.83000183105469,2023-11-09,82100000.0,8852843150.32959,yfinance_point_in_time_proxy,
ITT_2023-11-29,ITT,2024-11-20,2024-11-19,153.0,2024-11-13,81500000.0,12469500000.0,yfinance_point_in_time_proxy,
ITT_2025-04-08,ITT,2025-11-25,2025-11-24,180.86000061035156,2025-11-17,78000000.0,14107080047.607422,yfinance_point_in_time_proxy,
ITUB_2021-12-20,ITUB,2022-06-03,2022-06-02,4.739628791809082,2022-04-28,9779890176.0,46353049058.90039,yfinance_point_in_time_proxy,
ITUB_2022-07-14,ITUB,2023-06-07,2023-06-06,4.863194942474365,2023-05-16,9799940096.0,47659019111.418945,yfinance_point_in_time_proxy,
ITUB_2023-10-03,ITUB,2024-08-09,2024-08-08,5.330979824066162,2024-08-08,8883569664.0,47358130644.470215,yfinance_point_in_time_proxy,
ITUB_2025-01-03,ITUB,2025-08-14,2025-08-13,6.805825233459473,2025-08-13,9843980288.0,66996409441.74805,yfinance_point_in_time_proxy,
ITW_2022-07-14,ITW,2022-11-15,2022-11-14,225.7100067138672,2022-11-01,307185984.0,69334950511.0459,yfinance_point_in_time_proxy,
IVZ_2022-09-30,IVZ,2022-11-10,2022-11-09,15.90999984741211,2022-11-09,454784992.0,7235629153.325317,yfinance_point_in_time_proxy,
IVZ_2023-10-23,IVZ,2023-12-13,2023-12-12,15.520000457763672,2023-12-08,449553984.0,6977078037.469482,yfinance_point_in_time_proxy,
IVZ_2024-04-30,IVZ,2024-12-16,2024-12-13,18.040000915527344,2024-12-14,449440000.0,8107898011.474609,yfinance_point_in_time_proxy,
IVZ_2025-04-08,IVZ,2025-12-19,2025-12-18,26.479999542236328,2025-11-17,445963774.0,11809120531.373985,yfinance_point_in_time_proxy,
J_2023-05-31,J,2024-02-07,2024-02-06,115.72660827636719,2024-01-31,126316000.0,14618122251.037598,yfinance_point_in_time_proxy,
J_2025-04-08,J,2025-07-25,2025-07-24,142.1300048828125,2025-07-23,120156000.0,17077772866.699219,yfinance_point_in_time_proxy,
JAZZ_2021-11-30,JAZZ,2022-03-16,2022-03-15,154.72999572753906,2022-03-15,62039700.0,9599402515.937805,yfinance_point_in_time_proxy,
JAZZ_2024-07-09,JAZZ,2025-02-12,2025-02-11,129.97999572753906,2025-02-11,60454600.0,7857888649.710083,yfinance_point_in_time_proxy,
JBHT_2020-10-30,JBHT,2021-09-08,2021-09-07,179.32000732421875,2021-08-05,105196000.0,18863747490.478516,yfinance_point_in_time_proxy,
JBHT_2022-09-30,JBHT,2023-07-26,2023-07-25,199.75999450683594,2023-07-20,103345000.0,20644196632.30896,yfinance_point_in_time_proxy,
JBHT_2025-04-16,JBHT,2025-10-16,2025-10-15,138.8300018310547,2025-10-15,96799281.0,13438644358.474777,yfinance_point_in_time_proxy,
JBL_2021-03-04,JBL,2022-02-16,2022-02-15,61.5099983215332,2022-02-12,143484000.0,8825700599.16687,yfinance_point_in_time_proxy,
JBL_2022-07-05,JBL,2023-02-21,2023-02-17,83.83999633789062,2023-01-12,133275000.0,11173775511.932373,yfinance_point_in_time_proxy,
JBL_2023-04-25,JBL,2024-02-23,2024-02-22,140.27999877929688,2024-02-17,127546000.0,17892152724.3042,yfinance_point_in_time_proxy,
JBL_2024-08-05,JBL,2025-02-27,2025-02-26,158.75,2025-02-26,109535000.0,17388681250.0,yfinance_point_in_time_proxy,
JCI_2022-07-14,JCI,2022-11-03,2022-11-02,57.11000061035156,2022-10-23,688809984.0,39337938606.65625,yfinance_point_in_time_proxy,
JCI_2023-10-25,JCI,2024-03-13,2024-03-12,61.9900016784668,2024-03-12,687286976.0,42604920795.82837,yfinance_point_in_time_proxy,
JCI_2024-05-01,JCI,2025-03-18,2025-03-17,81.51000213623047,2025-03-11,678268992.0,55285706986.85889,yfinance_point_in_time_proxy,
JD_2022-03-14,JD,2022-03-16,2022-03-15,45.97999954223633,2022-03-15,1961549952.0,90192065895.03369,yfinance_point_in_time_proxy,
JD_2024-03-05,JD,2024-03-13,2024-03-12,27.3700008392334,2024-03-09,1568999936.0,42943529565.07715,yfinance_point_in_time_proxy,
JD_2024-08-05,JD,2025-03-18,2025-03-17,45.209999084472656,2025-03-15,1510870016.0,68306432040.11719,yfinance_point_in_time_proxy,
JEF_2020-07-31,JEF,2021-07-13,2021-07-12,30.936901092529297,2021-07-01,247032000.0,7642404550.689697,yfinance_point_in_time_proxy,
JEF_2022-06-16,JEF,2022-08-11,2022-08-10,32.62906265258789,2022-07-30,232452992.0,7584723239.749512,yfinance_point_in_time_proxy,
JEF_2022-09-27,JEF,2023-08-28,2023-08-25,34.72999954223633,2023-08-22,220916992.0,7672447031.032227,yfinance_point_in_time_proxy,
JEF_2023-10-27,JEF,2024-08-29,2024-08-28,58.18000030517578,2024-08-28,205491008.0,11955466908.150879,yfinance_point_in_time_proxy,
JEF_2025-04-08,JEF,2025-09-04,2025-09-03,63.81999969482422,2025-08-30,208316000.0,13294727056.427002,yfinance_point_in_time_proxy,
JHG_2020-10-30,JHG,2021-10-26,2021-10-25,44.9900016784668,2021-10-06,170584992.0,7674619076.401245,yfinance_point_in_time_proxy,
JHG_2022-10-11,JHG,2022-11-10,2022-11-09,22.799999237060547,2022-11-02,165658000.0,3777002273.612976,yfinance_point_in_time_proxy,
JHG_2022-12-28,JHG,2023-12-13,2023-12-12,27.889999389648438,2023-12-07,165658000.0,4620201518.890381,yfinance_point_in_time_proxy,
JHG_2024-01-17,JHG,2024-12-16,2024-12-13,44.060001373291016,2024-12-14,158956000.0,7003601578.292847,yfinance_point_in_time_proxy,
JHG_2025-04-08,JHG,2025-12-19,2025-12-18,45.310001373291016,2025-11-17,155978509.0,7067386456.993885,yfinance_point_in_time_proxy,
JKHY_2021-12-01,JKHY,2022-03-25,2022-03-24,189.3300018310547,2022-03-18,72825000.0,13787957383.346558,yfinance_point_in_time_proxy,
JKHY_2023-10-27,JKHY,2024-10-01,2024-09-30,176.5399932861328,2024-09-28,72908304.0,12871231498.66333,yfinance_point_in_time_proxy,
JLL_2021-02-18,JLL,2022-02-15,2022-02-14,244.66000366210938,2022-02-11,50468400.0,12347598928.8208,yfinance_point_in_time_proxy,
JLL_2023-04-26,JLL,2023-07-12,2023-07-11,163.1999969482422,2023-05-10,47764900.0,7795231534.233093,yfinance_point_in_time_proxy,
JLL_2023-10-25,JLL,2024-07-15,2024-07-12,225.82000732421875,2024-07-11,47560500.0,10740112458.343506,yfinance_point_in_time_proxy,
JLL_2025-04-21,JLL,2025-07-29,2025-07-28,262.6600036621094,2025-07-26,47474000.0,12469521013.85498,yfinance_point_in_time_proxy,
JNJ_2020-10-30,JNJ,2021-08-12,2021-08-11,173.8000030517578,2021-08-02,2632480000.0,457525032033.6914,yfinance_point_in_time_proxy,
JNJ_2025-01-10,JNJ,2025-09-29,2025-09-26,179.7100067138672,2025-09-27,2408338872.0,432802594856.3873,yfinance_point_in_time_proxy,
JPM_2020-09-24,JPM,2021-09-14,2021-09-13,159.86000061035156,2021-08-04,2988160000.0,477687259423.8281,yfinance_point_in_time_proxy,
JPM_2022-10-11,JPM,2022-11-10,2022-11-09,129.74000549316406,2022-11-09,2933199872.0,380553367505.8281,yfinance_point_in_time_proxy,
JPM_2023-03-24,JPM,2023-12-11,2023-12-08,158.52000427246094,2023-12-08,2891010048.0,458282925160.6875,yfinance_point_in_time_proxy,
JPM_2023-12-13,JPM,2024-12-12,2024-12-11,243.52999877929688,2024-12-11,2826350080.0,688301031532.2656,yfinance_point_in_time_proxy,
JPM_2025-04-04,JPM,2025-12-17,2025-12-16,315.54998779296875,2025-11-17,2749753854.0,867684795063.3688,yfinance_point_in_time_proxy,
KBH_2022-06-17,KBH,2022-08-12,2022-08-11,32.95000076293945,2022-07-30,87165696.0,2872109749.7021484,yfinance_point_in_time_proxy,
KBH_2022-09-27,KBH,2023-08-16,2023-08-15,53.77000045776367,2023-07-20,80609904.0,4334394574.980286,yfinance_point_in_time_proxy,
KBH_2023-10-20,KBH,2024-08-19,2024-08-16,79.2699966430664,2024-08-17,75820400.0,6010282853.475952,yfinance_point_in_time_proxy,
KBH_2025-04-16,KBH,2025-08-22,2025-08-21,60.58000183105469,2025-08-21,68050200.0,4122481240.6036377,yfinance_point_in_time_proxy,
KBR_2020-09-24,KBR,2021-08-13,2021-08-12,39.380001068115234,2021-08-02,140784000.0,5544074070.373535,yfinance_point_in_time_proxy,
KBR_2021-08-20,KBR,2022-08-16,2022-08-15,53.04999923706055,2022-08-07,139044000.0,7376284093.917847,yfinance_point_in_time_proxy,
KBR_2022-09-29,KBR,2023-08-18,2023-08-17,59.11000061035156,2023-07-13,135722000.0,8022527502.838135,yfinance_point_in_time_proxy,
KBR_2023-11-06,KBR,2024-08-21,2024-08-20,66.2699966430664,2024-08-17,134148000.0,8889987509.674072,yfinance_point_in_time_proxy,
KD_2023-05-18,KD,2024-01-03,2024-01-02,20.06999969482422,2023-12-30,229464000.0,4605342409.973145,yfinance_point_in_time_proxy,
KD_2024-04-26,KD,2025-01-06,2025-01-03,37.2400016784668,2025-01-03,232271008.0,8649772727.779175,yfinance_point_in_time_proxy,
KDP_2023-10-12,KDP,2024-08-19,2024-08-16,35.38999938964844,2024-08-16,1356089984.0,47992023706.06836,yfinance_point_in_time_proxy,
KEX_2021-09-30,KEX,2022-04-27,2022-04-26,63.81999969482422,2022-03-20,60201000.0,3842027801.628113,yfinance_point_in_time_proxy,
KEX_2022-07-14,KEX,2023-05-22,2023-05-19,71.77999877929688,2023-05-17,60000000.0,4306799926.7578125,yfinance_point_in_time_proxy,
KEX_2023-05-31,KEX,2024-05-23,2024-05-22,122.16000366210938,2024-05-11,58300000.0,7121928213.500977,yfinance_point_in_time_proxy,
KEX_2025-04-08,KEX,2025-06-23,2025-06-20,112.19000244140625,2025-06-19,56100000.0,6293859136.962891,yfinance_point_in_time_proxy,
KEY_2020-07-09,KEY,2021-07-01,2021-06-30,20.649999618530273,2021-06-19,970518976.0,20041216484.17639,yfinance_point_in_time_proxy,
KEY_2022-10-12,KEY,2023-02-02,2023-02-01,19.799999237060547,2023-01-21,933324992.0,18479834129.52954,yfinance_point_in_time_proxy,
KEY_2023-05-04,KEY,2024-02-06,2024-02-05,14.220000267028809,2024-02-02,960358016.0,13656291243.963257,yfinance_point_in_time_proxy,
KEY_2024-02-13,KEY,2025-02-10,2025-02-07,17.84000015258789,2025-02-08,1113609984.0,19866802284.4834,yfinance_point_in_time_proxy,
KEYS_2021-03-08,KEYS,2022-01-24,2022-01-21,173.4199981689453,2021-12-21,183042000.0,31743143304.840088,yfinance_point_in_time_proxy,
KEYS_2022-05-12,KEYS,2023-01-26,2023-01-25,180.85000610351562,2023-01-06,178795008.0,32335078288.078125,yfinance_point_in_time_proxy,
KEYS_2023-10-27,KEYS,2024-01-30,2024-01-29,159.3300018310547,2024-01-27,175044992.0,27889918895.876953,yfinance_point_in_time_proxy,
KEYS_2024-08-07,KEYS,2025-02-03,2025-01-31,178.35000610351562,2025-01-31,172907008.0,30837965932.140625,yfinance_point_in_time_proxy,
KHC_2021-12-01,KHC,2022-04-19,2022-04-18,42.15999984741211,2022-03-29,1224889984.0,51641361538.53662,yfinance_point_in_time_proxy,
KIM_2020-10-28,KIM,2021-06-28,2021-06-25,21.079999923706055,2021-06-26,433516000.0,9138517246.925354,yfinance_point_in_time_proxy,
KIM_2023-10-25,KIM,2023-12-13,2023-12-12,20.270000457763672,2023-12-08,619873984.0,12564845939.435791,yfinance_point_in_time_proxy,
KIM_2024-04-17,KIM,2024-12-16,2024-12-13,24.610000610351562,2024-12-11,682531008.0,16797088523.463867,yfinance_point_in_time_proxy,
KKR_2020-09-24,KKR,2021-08-09,2021-08-06,67.58000183105469,2021-05-13,581779008.0,39316626425.90918,yfinance_point_in_time_proxy,
KKR_2022-09-30,KKR,2022-11-10,2022-11-09,50.5,2022-10-22,1121030016.0,56612015808.0,yfinance_point_in_time_proxy,
KKR_2022-12-28,KKR,2023-11-14,2023-11-13,63.970001220703125,2023-11-11,1146200064.0,73322419493.25,yfinance_point_in_time_proxy,
KKR_2023-11-16,KKR,2024-11-15,2024-11-14,150.52000427246094,2024-11-14,922798016.0,138899561310.93848,yfinance_point_in_time_proxy,
KKR_2025-04-04,KKR,2025-11-25,2025-11-24,117.8499984741211,2025-11-17,925921974.0,109119903223.05519,yfinance_point_in_time_proxy,
KLAC_2021-05-12,KLAC,2022-03-28,2022-03-25,366.44000244140625,2022-03-16,150715008.0,55228007899.47656,yfinance_point_in_time_proxy,
KLAC_2022-10-17,KLAC,2023-03-30,2023-03-29,385.1499938964844,2023-03-28,138868992.0,53485391421.21094,yfinance_point_in_time_proxy,
KLAC_2023-04-26,KLAC,2024-04-03,2024-04-02,693.9299926757812,2024-04-02,135234000.0,93842928629.5166,yfinance_point_in_time_proxy,
KLAC_2025-04-04,KLAC,2025-05-12,2025-05-09,701.2000122070312,2025-05-10,132241000.0,92727390814.27002,yfinance_point_in_time_proxy,
KMB_2022-10-07,KMB,2023-04-21,2023-04-20,139.13999938964844,2023-03-31,337454016.0,46953351580.274414,yfinance_point_in_time_proxy,
KMB_2023-10-27,KMB,2024-09-04,2024-09-03,147.35000610351562,2024-08-31,336804000.0,49628071455.68848,yfinance_point_in_time_proxy,
KMI_2021-12-20,KMI,2022-04-18,2022-04-14,19.3700008392334,2022-04-06,2267470080.0,43920897352.53662,yfinance_point_in_time_proxy,
KMI_2023-05-31,KMI,2024-05-17,2024-05-16,19.600000381469727,2024-05-15,2219379968.0,43499848219.42627,yfinance_point_in_time_proxy,
KMI_2024-05-29,KMI,2025-05-22,2025-05-21,27.469999313354492,2025-05-20,2222769920.0,61059488176.14502,yfinance_point_in_time_proxy,
KMPR_2022-09-30,KMPR,2022-11-04,2022-11-03,49.59000015258789,2022-10-23,63851900.0,3166415730.7430267,yfinance_point_in_time_proxy,
KMPR_2023-11-10,KMPR,2024-01-10,2024-01-09,50.0,2024-01-09,64087100.0,3204355000.0,yfinance_point_in_time_proxy,
KNF_2025-10-30,KNF,2025-12-11,2025-12-10,76.08000183105469,2025-11-17,56664165.0,4311009776.955185,yfinance_point_in_time_proxy,
KNSL_2021-05-12,KNSL,2021-11-02,2021-11-01,193.8000030517578,2021-10-30,22818800.0,4422283509.637451,yfinance_point_in_time_proxy,
KNSL_2022-01-27,KNSL,2022-11-03,2022-11-02,308.239990234375,2022-10-30,22925200.0,7066463424.121094,yfinance_point_in_time_proxy,
KNSL_2023-01-05,KNSL,2023-11-07,2023-11-06,340.5,2023-11-04,23173500.0,7890576750.0,yfinance_point_in_time_proxy,
KNSL_2023-12-07,KNSL,2024-11-08,2024-11-07,448.260009765625,2024-11-07,23288000.0,10439079107.421875,yfinance_point_in_time_proxy,
KNX_2021-01-29,KNX,2022-01-21,2022-01-20,56.38999938964844,2021-11-16,168160992.0,9482598236.242676,yfinance_point_in_time_proxy,
KNX_2022-05-18,KNX,2023-01-25,2023-01-24,57.29999923706055,2023-01-13,160696000.0,9207880677.398682,yfinance_point_in_time_proxy,
KNX_2023-10-19,KNX,2024-02-06,2024-02-05,59.400001525878906,2024-01-16,161368992.0,9585318371.029541,yfinance_point_in_time_proxy,
KNX_2025-04-16,KNX,2025-12-03,2025-12-02,48.84000015258789,2025-11-17,162339000.0,7928636784.770966,yfinance_point_in_time_proxy,
KO_2021-01-29,KO,2022-01-18,2022-01-14,61.38999938964844,2021-11-01,4319419904.0,265169185270.1953,yfinance_point_in_time_proxy,
KO_2023-10-05,KO,2024-07-26,2024-07-25,66.06999969482422,2024-07-24,4308960256.0,284693002798.9297,yfinance_point_in_time_proxy,
KR_2021-02-26,KR,2022-01-25,2022-01-24,47.720001220703125,2021-12-14,735256000.0,35086417217.5293,yfinance_point_in_time_proxy,
KR_2023-11-17,KR,2024-03-07,2024-03-06,50.4900016784668,2024-02-13,719422976.0,36323667265.76758,yfinance_point_in_time_proxy,
KR_2024-06-27,KR,2025-03-12,2025-03-11,66.55000305175781,2025-03-07,658000000.0,43789902008.05664,yfinance_point_in_time_proxy,
KRC_2023-05-16,KRC,2023-07-13,2023-07-12,32.75,2023-07-12,121863000.0,3991013250.0,yfinance_point_in_time_proxy,
KRC_2023-10-25,KRC,2024-07-16,2024-07-15,35.7599983215332,2024-07-11,118519000.0,4238239241.0697937,yfinance_point_in_time_proxy,
KRC_2025-04-08,KRC,2025-07-21,2025-07-18,36.83000183105469,2025-07-19,119431000.0,4398643948.684692,yfinance_point_in_time_proxy,
KRG_2020-11-06,KRG,2021-10-19,2021-10-18,22.020000457763672,2021-09-14,84565400.0,1862130146.710968,yfinance_point_in_time_proxy,
KRG_2022-09-29,KRG,2022-11-10,2022-11-09,20.540000915527344,2022-11-09,222055008.0,4561010067.617432,yfinance_point_in_time_proxy,
KRG_2023-10-25,KRG,2024-07-30,2024-07-29,24.170000076293945,2024-07-24,223360992.0,5398635193.681091,yfinance_point_in_time_proxy,
KTOS_2020-07-09,KTOS,2021-06-16,2021-06-15,26.239999771118164,2021-05-10,123790000.0,3248249571.6667175,yfinance_point_in_time_proxy,
KTOS_2022-12-09,KTOS,2023-02-01,2023-01-31,11.449999809265137,2022-11-28,125957000.0,1442207625.9756088,yfinance_point_in_time_proxy,
KTOS_2023-02-09,KTOS,2024-02-05,2024-02-02,17.040000915527344,2024-02-03,128939000.0,2197120678.04718,yfinance_point_in_time_proxy,
KTOS_2024-03-18,KTOS,2025-02-07,2025-02-06,32.540000915527344,2025-02-06,151074000.0,4915948098.312378,yfinance_point_in_time_proxy,
KVUE_2024-07-23,KVUE,2025-07-22,2025-07-21,22.1299991607666,2025-07-17,1919910016.0,42487607042.82739,yfinance_point_in_time_proxy,
L_2020-10-28,L,2021-07-30,2021-07-29,53.86000061035156,2021-07-14,263176000.0,14174659520.629883,yfinance_point_in_time_proxy,
L_2022-09-26,L,2023-09-14,2023-09-13,63.810001373291016,2023-09-04,225508992.0,14389729089.209473,yfinance_point_in_time_proxy,
L_2023-10-23,L,2024-10-17,2024-10-16,80.58999633789062,2024-10-04,219507008.0,17690068970.86133,yfinance_point_in_time_proxy,
L_2024-11-04,L,2025-10-22,2025-10-21,99.44000244140625,2025-10-20,207426395.0,20626481225.212097,yfinance_point_in_time_proxy,
LAD_2022-10-20,LAD,2022-11-11,2022-11-10,231.3300018310547,2022-11-06,27338400.0,6324192122.058105,yfinance_point_in_time_proxy,
LAD_2022-12-20,LAD,2023-11-15,2023-11-14,275.1300048828125,2023-11-04,27519500.0,7571440169.372559,yfinance_point_in_time_proxy,
LAD_2024-07-09,LAD,2024-11-18,2024-11-15,371.05999755859375,2024-11-16,26748400.0,9925261238.69629,yfinance_point_in_time_proxy,
LAD_2025-04-08,LAD,2025-12-10,2025-12-09,331.8999938964844,2025-11-17,24250030.0,8048584808.989563,yfinance_point_in_time_proxy,
LAMR_2020-10-28,LAMR,2021-09-28,2021-09-27,116.44999694824219,2021-08-09,101183000.0,11782760041.21399,yfinance_point_in_time_proxy,
LAMR_2022-09-30,LAMR,2023-01-31,2023-01-30,103.4800033569336,2023-01-05,101683000.0,10522157181.343079,yfinance_point_in_time_proxy,
LAMR_2023-10-05,LAMR,2024-02-02,2024-02-01,106.38999938964844,2024-02-01,101998000.0,10851567157.745361,yfinance_point_in_time_proxy,
LAMR_2025-04-08,LAMR,2025-11-21,2025-11-20,127.79000091552734,2025-11-17,101283582.0,12943029036.507889,yfinance_point_in_time_proxy,
LDOS_2020-10-28,LDOS,2021-08-02,2021-07-30,106.41999816894531,2021-06-25,142064992.0,15118556188.51123,yfinance_point_in_time_proxy,
LDOS_2021-12-20,LDOS,2022-11-08,2022-11-07,107.83000183105469,2022-11-05,136690000.0,14739282950.286865,yfinance_point_in_time_proxy,
LDOS_2023-05-16,LDOS,2023-11-10,2023-11-09,102.51000213623047,2023-11-09,137506000.0,14095740353.744507,yfinance_point_in_time_proxy,
LDOS_2023-11-16,LDOS,2024-11-13,2024-11-12,201.27000427246094,2024-11-09,133433000.0,26856060480.08728,yfinance_point_in_time_proxy,
LDOS_2025-02-21,LDOS,2025-11-18,2025-11-17,188.7899932861328,2025-11-17,128297333.0,24221252635.698746,yfinance_point_in_time_proxy,
LEA_2022-06-16,LEA,2022-08-03,2022-08-02,155.2100067138672,2022-07-10,59778400.0,9278205865.344238,yfinance_point_in_time_proxy,
LEA_2022-09-30,LEA,2023-08-07,2023-08-04,153.0,2023-07-20,59022500.0,9030442500.0,yfinance_point_in_time_proxy,
LEA_2025-04-08,LEA,2025-07-01,2025-06-30,94.9800033569336,2025-06-28,53463500.0,5077963409.473419,yfinance_point_in_time_proxy,
LECO_2020-11-04,LECO,2021-11-01,2021-10-29,142.39999389648438,2021-10-23,59386600.0,8456651477.532959,yfinance_point_in_time_proxy,
LECO_2022-07-14,LECO,2023-01-09,2023-01-06,153.64999389648438,2022-11-01,57919300.0,8899300091.488647,yfinance_point_in_time_proxy,
LECO_2023-01-19,LECO,2024-01-11,2024-01-10,209.19000244140625,2024-01-10,57199700.0,11965605382.647705,yfinance_point_in_time_proxy,
LECO_2025-04-08,LECO,2025-07-07,2025-07-03,216.27999877929688,2025-07-04,55826300.0,12074112095.852661,yfinance_point_in_time_proxy,
LEN_2022-06-16,LEN,2022-07-27,2022-07-26,78.45111083984375,2022-07-26,289320000.0,22697475388.183594,yfinance_point_in_time_proxy,
LEN_2022-10-20,LEN,2023-07-31,2023-07-28,123.69796752929688,2023-07-27,284230016.0,35158675290.01953,yfinance_point_in_time_proxy,
LEN_2023-10-25,LEN,2024-08-01,2024-07-31,171.27783203125,2024-07-31,272384992.0,46653510907.609375,yfinance_point_in_time_proxy,
LEN_2025-04-16,LEN,2025-08-19,2025-08-18,131.42999267578125,2025-08-16,257468992.0,33839147732.80078,yfinance_point_in_time_proxy,
LFUS_2022-09-26,LFUS,2023-01-31,2023-01-30,246.75,2023-01-29,24755600.0,6108444300.0,yfinance_point_in_time_proxy,
LFUS_2025-04-08,LFUS,2025-05-05,2025-05-02,192.8000030517578,2025-05-03,24715100.0,4765071355.4244995,yfinance_point_in_time_proxy,
LH_2024-05-29,LH,2025-01-27,2025-01-24,246.0,2025-01-25,83639296.0,20575266816.0,yfinance_point_in_time_proxy,
LHX_2021-01-29,LHX,2021-11-16,2021-11-15,221.22999572753906,2021-11-02,196224992.0,43410854141.79639,yfinance_point_in_time_proxy,
LHX_2023-10-05,LHX,2023-12-18,2023-12-15,208.3699951171875,2023-12-16,189540000.0,39494448874.51172,yfinance_point_in_time_proxy,
LHX_2025-02-19,LHX,2025-06-13,2025-06-12,250.38999938964844,2025-06-11,186946000.0,46809408825.89722,yfinance_point_in_time_proxy,
LII_2022-06-16,LII,2022-08-01,2022-07-29,239.52999877929688,2022-07-30,35909200.0,8601330632.165527,yfinance_point_in_time_proxy,
LII_2022-10-20,LII,2023-08-03,2023-08-02,372.75,2023-07-13,35501500.0,13233184125.0,yfinance_point_in_time_proxy,
LII_2023-10-25,LII,2024-08-06,2024-08-05,535.0999755859375,2024-08-03,35634100.0,19067806040.026855,yfinance_point_in_time_proxy,
LIN_2022-09-26,LIN,2022-11-25,2022-11-23,342.8599853515625,2022-10-29,494380000.0,169503119558.10547,yfinance_point_in_time_proxy,
LIN_2023-01-05,LIN,2023-11-29,2023-11-28,410.7300109863281,2023-11-25,484889984.0,199158868455.48047,yfinance_point_in_time_proxy,
LITE_2021-05-13,LITE,2021-11-04,2021-11-03,86.80999755859375,2021-10-28,72546600.0,6297770168.884277,yfinance_point_in_time_proxy,
LITE_2023-05-12,LITE,2023-06-14,2023-06-13,53.4900016784668,2023-05-17,68700000.0,3674763115.310669,yfinance_point_in_time_proxy,
LITE_2023-10-27,LITE,2024-06-17,2024-06-14,47.279998779296875,2024-06-15,67914600.0,3211002205.0964355,yfinance_point_in_time_proxy,
LITE_2024-08-07,LITE,2025-06-23,2025-06-20,89.66000366210938,2025-06-14,69400000.0,6222404254.150391,yfinance_point_in_time_proxy,
LIVN_2022-10-14,LIVN,2023-01-12,2023-01-11,56.939998626708984,2022-11-08,53522700.0,3047582464.497757,yfinance_point_in_time_proxy,
LIVN_2023-03-13,LIVN,2024-02-21,2024-02-20,52.599998474121094,2024-02-20,53870800.0,2833603997.7996826,yfinance_point_in_time_proxy,
LIVN_2025-04-08,LIVN,2025-05-08,2025-05-07,43.5,2025-05-07,54524200.0,2371802700.0,yfinance_point_in_time_proxy,
LLY_2021-03-24,LLY,2022-01-12,2022-01-11,262.32000732421875,2021-12-04,956592000.0,250933220446.28906,yfinance_point_in_time_proxy,
LLY_2022-02-14,LLY,2023-01-17,2023-01-13,361.6199951171875,2022-11-05,950177984.0,343603357934.53906,yfinance_point_in_time_proxy,
LLY_2023-03-07,LLY,2024-01-19,2024-01-18,623.3499755859375,2024-01-18,949307008.0,591750500260.3594,yfinance_point_in_time_proxy,
LLY_2025-08-08,LLY,2025-10-01,2025-09-30,763.0,2025-09-24,896456759.0,683996507117.0,yfinance_point_in_time_proxy,
LMT_2021-11-02,LMT,2022-02-28,2022-02-25,409.489990234375,2022-02-12,272327008.0,111515183846.47656,yfinance_point_in_time_proxy,
LMT_2022-07-18,LMT,2023-04-10,2023-04-06,490.1700134277344,2023-03-31,255062000.0,125023743964.90479,yfinance_point_in_time_proxy,
LMT_2023-10-05,LMT,2024-07-24,2024-07-23,501.2900085449219,2024-07-10,237938000.0,119275942053.16162,yfinance_point_in_time_proxy,
LNT_2021-02-26,LNT,2021-07-27,2021-07-26,58.599998474121094,2021-06-15,250135008.0,14657911087.124268,yfinance_point_in_time_proxy,
LNT_2023-10-02,LNT,2024-08-23,2024-08-22,57.869998931884766,2024-08-22,256500000.0,14843654726.028442,yfinance_point_in_time_proxy,
LNTH_2020-11-23,LNTH,2021-11-22,2021-11-19,28.690000534057617,2021-11-09,67690600.0,1942043350.1506805,yfinance_point_in_time_proxy,
LNTH_2022-01-27,LNTH,2022-11-23,2022-11-22,57.91999816894531,2022-11-10,68832096.0,3986754874.284668,yfinance_point_in_time_proxy,
LNTH_2023-01-09,LNTH,2023-11-28,2023-11-27,70.98999786376953,2023-11-25,68489200.0,4862048161.691284,yfinance_point_in_time_proxy,
LNTH_2024-01-24,LNTH,2024-11-29,2024-11-27,90.2699966430664,2024-11-28,69526800.0,6276184002.603149,yfinance_point_in_time_proxy,
LNTH_2025-09-22,LNTH,2025-12-12,2025-12-11,63.099998474121094,2025-11-17,67994149.0,4290430698.1491623,yfinance_point_in_time_proxy,
LOPE_2021-12-01,LOPE,2022-04-27,2022-04-26,99.08000183105469,2022-04-26,32820100.0,3251815568.095398,yfinance_point_in_time_proxy,
LOPE_2022-10-11,LOPE,2023-05-01,2023-04-28,118.69999694824219,2023-04-27,31039400.0,3684376685.2752686,yfinance_point_in_time_proxy,
LOPE_2023-06-22,LOPE,2024-05-02,2024-05-01,130.9600067138672,2024-04-30,29784800.0,3900617607.9711914,yfinance_point_in_time_proxy,
LOPE_2024-10-10,LOPE,2025-05-07,2025-05-06,185.4499969482422,2025-05-06,28451800.0,5276386223.171997,yfinance_point_in_time_proxy,
LOW_2021-03-04,LOW,2022-02-22,2022-02-18,222.69000244140625,2022-02-11,673747008.0,150036722856.41016,yfinance_point_in_time_proxy,
LOW_2022-06-16,LOW,2023-06-15,2023-06-14,214.86000061035156,2023-06-12,585980992.0,125903876298.77441,yfinance_point_in_time_proxy,
LOW_2023-10-27,LOW,2024-07-16,2024-07-15,232.1699981689453,2024-07-12,569835008.0,132298592763.96094,yfinance_point_in_time_proxy,
LOW_2025-04-08,LOW,2025-09-08,2025-09-05,269.9700012207031,2025-09-05,560825024.0,151405932413.88086,yfinance_point_in_time_proxy,
LPX_2021-02-23,LPX,2022-02-18,2022-02-17,67.98999786376953,2022-02-12,87989200.0,5982385520.03479,yfinance_point_in_time_proxy,
LPX_2022-09-26,LPX,2023-05-08,2023-05-05,61.880001068115234,2023-05-06,72019800.0,4456585300.925446,yfinance_point_in_time_proxy,
LPX_2023-10-27,LPX,2024-05-09,2024-05-08,88.13999938964844,2024-05-07,72311296.0,6373517585.3046875,yfinance_point_in_time_proxy,
LRCX_2022-07-05,LRCX,2022-08-03,2022-08-02,50.26499938964844,2022-08-01,136975008.0,6885048693.51709,yfinance_point_in_time_proxy,
LRCX_2022-10-14,LRCX,2023-08-07,2023-08-04,69.0459976196289,2023-07-08,135020992.0,9322659092.231934,yfinance_point_in_time_proxy,
LRCX_2023-10-25,LRCX,2024-08-08,2024-08-07,74.80500030517578,2024-08-02,130377000.0,9752851524.787903,yfinance_point_in_time_proxy,
LRCX_2025-04-04,LRCX,2025-08-13,2025-08-12,105.27999877929688,2025-08-07,1268739968.0,133572942282.28516,yfinance_point_in_time_proxy,
LRLCY_2022-11-03,LRLCY,2022-12-02,2022-12-01,75.23999786376953,2022-11-30,2719640064.0,204625712605.58203,yfinance_point_in_time_proxy,
LRLCY_2022-12-20,LRLCY,2023-12-06,2023-12-05,94.87000274658203,2023-12-05,2702629888.0,256398504897.5547,yfinance_point_in_time_proxy,
LRLCY_2025-01-10,LRLCY,2025-04-29,2025-04-28,86.69000244140625,2025-04-26,2693740032.0,233520329950.59375,yfinance_point_in_time_proxy,
LSCC_2020-09-23,LSCC,2021-06-22,2021-06-21,51.75,2021-05-11,136552000.0,7066566000.0,yfinance_point_in_time_proxy,
LSCC_2022-05-09,LSCC,2022-07-20,2022-07-19,56.130001068115234,2022-06-03,144586000.0,8115612334.434509,yfinance_point_in_time_proxy,
LSCC_2022-10-14,LSCC,2023-07-24,2023-07-21,87.44999694824219,2023-07-20,137648992.0,12037403930.328613,yfinance_point_in_time_proxy,
LSCC_2024-09-06,LSCC,2024-09-19,2024-09-18,52.06999969482422,2024-09-18,137772000.0,7173787997.955322,yfinance_point_in_time_proxy,
LSCC_2025-04-08,LSCC,2025-09-24,2025-09-23,74.37999725341797,2025-09-23,137502934.0,10227467853.256912,yfinance_point_in_time_proxy,
LSTR_2020-11-02,LSTR,2021-09-14,2021-09-13,161.30999755859375,2021-09-09,38275800.0,6174269204.553223,yfinance_point_in_time_proxy,
LSTR_2022-06-17,LSTR,2023-02-01,2023-01-31,172.8300018310547,2022-11-02,35925300.0,6208969664.781189,yfinance_point_in_time_proxy,
LULU_2021-03-04,LULU,2021-08-13,2021-08-12,408.9100036621094,2021-06-07,135358000.0,55349240275.6958,yfinance_point_in_time_proxy,
LULU_2022-05-24,LULU,2022-09-07,2022-09-06,327.80999755859375,2022-09-02,127643000.0,41842651518.37158,yfinance_point_in_time_proxy,
LULU_2022-09-30,LULU,2023-09-11,2023-09-08,396.3599853515625,2023-09-08,126541000.0,50155788906.37207,yfinance_point_in_time_proxy,
LULU_2024-08-05,LULU,2024-10-25,2024-10-24,298.989990234375,2024-10-23,122777000.0,36709094031.00586,yfinance_point_in_time_proxy,
LULU_2025-09-12,LULU,2025-12-17,2025-12-16,206.74000549316406,2025-12-13,118589159.0,24517123383.089706,yfinance_point_in_time_proxy,
LUV_2022-03-07,LUV,2022-04-21,2022-04-20,47.33000183105469,2022-04-12,592844992.0,28059354556.8916,yfinance_point_in_time_proxy,
LUV_2023-05-16,LUV,2023-07-03,2023-06-30,36.209999084472656,2023-05-17,595073024.0,21547593654.234375,yfinance_point_in_time_proxy,
LUV_2023-10-31,LUV,2024-07-16,2024-07-15,27.709999084472656,2024-07-11,598456000.0,16583215212.097168,yfinance_point_in_time_proxy,
LUV_2024-08-05,LUV,2025-07-21,2025-07-18,36.5099983215332,2025-07-19,569865984.0,20805806119.338867,yfinance_point_in_time_proxy,
LVMUY_2022-06-16,LVMUY,2022-11-11,2022-11-10,140.1300048828125,2022-11-10,2532470016.0,354875035707.65625,yfinance_point_in_time_proxy,
LVMUY_2023-10-13,LVMUY,2024-02-21,2024-02-20,177.6199951171875,2024-02-20,2503500032.0,444671663459.71875,yfinance_point_in_time_proxy,
LVMUY_2025-06-26,LVMUY,2025-10-08,2025-10-07,129.8699951171875,2025-10-07,2482712395.0,322429846616.0309,yfinance_point_in_time_proxy,
LVS_2022-05-12,LVS,2022-07-21,2022-07-20,37.08000183105469,2022-05-05,764108992.0,28333162822.48535,yfinance_point_in_time_proxy,
LVS_2022-10-25,LVS,2023-07-25,2023-07-24,56.529998779296875,2023-07-20,764270976.0,43204237340.33203,yfinance_point_in_time_proxy,
LVS_2024-08-05,LVS,2024-09-27,2024-09-26,48.400001525878906,2024-09-24,736432000.0,35643309923.706055,yfinance_point_in_time_proxy,
LVS_2025-04-08,LVS,2025-10-02,2025-10-01,54.77000045776367,2025-10-01,689261187.0,37750835527.50873,yfinance_point_in_time_proxy,
LW_2021-12-01,LW,2022-02-09,2022-02-08,64.70999908447266,2022-02-05,145204000.0,9396150707.061768,yfinance_point_in_time_proxy,
LW_2022-03-14,LW,2023-02-13,2023-02-10,99.2699966430664,2023-01-06,143871008.0,14282074481.19458,yfinance_point_in_time_proxy,
LW_2024-07-25,LW,2024-10-04,2024-10-03,68.29000091552734,2024-10-03,142598000.0,9738017550.552368,yfinance_point_in_time_proxy,
LW_2025-07-21,LW,2025-10-09,2025-10-08,64.0199966430664,2025-10-08,139550580.0,8934027663.13797,yfinance_point_in_time_proxy,
LYB_2020-10-01,LYB,2021-09-17,2021-09-16,93.87000274658203,2021-08-18,339904992.0,31906882532.616943,yfinance_point_in_time_proxy,
LYB_2022-09-26,LYB,2023-01-11,2023-01-10,91.68000030517578,2022-11-11,325624000.0,29853208419.37256,yfinance_point_in_time_proxy,
LYV_2020-08-03,LYV,2021-07-30,2021-07-29,80.72000122070312,2021-07-14,218683008.0,17652092672.70703,yfinance_point_in_time_proxy,
LYV_2023-03-23,LYV,2023-06-12,2023-06-09,84.1500015258789,2023-05-16,229891008.0,19345328673.98584,yfinance_point_in_time_proxy,
LYV_2023-10-27,LYV,2024-09-16,2024-09-13,98.8499984741211,2024-09-14,232114000.0,22944468545.822144,yfinance_point_in_time_proxy,
M_2021-01-21,M,2022-01-10,2022-01-07,26.360000610351562,2021-12-13,299268992.0,7888730811.779297,yfinance_point_in_time_proxy,
M_2022-09-26,M,2023-01-12,2023-01-11,22.219999313354492,2023-01-05,271112000.0,6024108453.842163,yfinance_point_in_time_proxy,
M_2023-10-13,M,2024-01-17,2024-01-16,18.170000076293945,2024-01-12,274072992.0,4979906285.55011,yfinance_point_in_time_proxy,
M_2025-04-08,M,2025-07-22,2025-07-21,12.210000038146973,2025-07-19,271540000.0,3315503410.358429,yfinance_point_in_time_proxy,
MA_2022-10-12,MA,2023-01-09,2023-01-06,367.6700134277344,2022-12-07,961459968.0,353499999344.78906,yfinance_point_in_time_proxy,
MA_2023-03-13,MA,2024-01-31,2024-01-30,445.19000244140625,2024-01-20,930438016.0,414221702614.6172,yfinance_point_in_time_proxy,
MA_2024-07-25,MA,2025-02-04,2025-02-03,563.9500122070312,2025-02-01,931475008.0,525305342132.14453,yfinance_point_in_time_proxy,
MAA_2021-05-05,MAA,2022-04-18,2022-04-14,205.38999938964844,2022-04-14,118548000.0,24348573647.644043,yfinance_point_in_time_proxy,
MAA_2023-10-30,MAA,2024-08-02,2024-08-01,146.41000366210938,2024-08-01,123084000.0,18020728890.74707,yfinance_point_in_time_proxy,
MANH_2022-06-16,MANH,2022-08-03,2022-08-02,139.35000610351562,2022-08-01,62718700.0,8739851227.804565,yfinance_point_in_time_proxy,
MANH_2022-11-09,MANH,2023-08-07,2023-08-04,186.8300018310547,2023-07-27,61668500.0,11521525967.918396,yfinance_point_in_time_proxy,
MANH_2023-10-23,MANH,2024-08-08,2024-08-07,239.3300018310547,2024-08-07,61245900.0,14657981359.144592,yfinance_point_in_time_proxy,
MANH_2025-04-08,MANH,2025-08-13,2025-08-12,212.75,2025-08-12,60468600.0,12864694650.0,yfinance_point_in_time_proxy,
MAR_2021-08-18,MAR,2022-04-13,2022-04-12,163.24000549316406,2022-03-24,327254016.0,53420947369.5,yfinance_point_in_time_proxy,
MAR_2022-06-23,MAR,2023-04-18,2023-04-17,169.75,2023-04-07,308884000.0,52433059000.0,yfinance_point_in_time_proxy,
MAR_2023-04-26,MAR,2024-04-19,2024-04-18,236.3000030517578,2024-04-17,288259008.0,68115604470.09668,yfinance_point_in_time_proxy,
MAR_2024-08-05,MAR,2025-05-13,2025-05-12,271.9599914550781,2025-05-10,275308000.0,74872761327.51465,yfinance_point_in_time_proxy,
MAS_2022-11-03,MAS,2023-02-02,2023-02-01,54.349998474121094,2022-10-28,225528992.0,12257500371.070068,yfinance_point_in_time_proxy,
MAS_2023-04-06,MAS,2024-02-06,2024-02-05,67.98999786376953,2024-02-01,224500992.0,15263821966.49414,yfinance_point_in_time_proxy,
MAS_2025-04-08,MAS,2025-09-05,2025-09-04,73.9800033569336,2025-09-03,209364000.0,15488749422.821045,yfinance_point_in_time_proxy,
MASI_2022-04-29,MASI,2022-08-03,2022-08-02,145.63999938964844,2022-05-05,55504400.0,8083660782.122803,yfinance_point_in_time_proxy,
MASI_2023-10-16,MASI,2023-12-04,2023-12-01,96.70999908447266,2023-12-01,52841300.0,5110282074.622345,yfinance_point_in_time_proxy,
MASI_2023-12-11,MASI,2024-12-05,2024-12-04,171.7100067138672,2024-12-04,53540600.0,9193456785.464478,yfinance_point_in_time_proxy,
MAT_2021-10-04,MAT,2022-02-10,2022-02-09,22.75,2021-11-08,350340992.0,7970257568.0,yfinance_point_in_time_proxy,
MAT_2023-03-15,MAT,2023-07-10,2023-07-07,20.479999542236328,2023-06-12,353956992.0,7249039034.131348,yfinance_point_in_time_proxy,
MAT_2024-07-09,MAT,2025-02-05,2025-02-04,18.06999969482422,2025-01-18,337047008.0,6090439331.701416,yfinance_point_in_time_proxy,
MCD_2022-05-19,MCD,2023-04-19,2023-04-18,290.9100036621094,2023-04-18,730032000.0,212373611793.45703,yfinance_point_in_time_proxy,
MCD_2024-07-09,MCD,2025-03-07,2025-03-06,310.3699951171875,2025-03-06,714460992.0,221747254598.46094,yfinance_point_in_time_proxy,
MCHP_2022-07-05,MCHP,2022-08-03,2022-08-02,69.2699966430664,2022-07-30,552483968.0,38270562608.70801,yfinance_point_in_time_proxy,
MCHP_2022-10-14,MCHP,2023-08-07,2023-08-04,83.45999908447266,2023-07-20,544334016.0,45430116477.007324,yfinance_point_in_time_proxy,
MCHP_2025-04-08,MCHP,2025-04-24,2025-04-23,41.93000030517578,2025-04-22,537819008.0,22550751169.569336,yfinance_point_in_time_proxy,
MCK_2020-07-09,MCK,2021-07-07,2021-07-06,189.33999633789062,2021-07-01,155120000.0,29370420231.933594,yfinance_point_in_time_proxy,
MCK_2021-07-19,MCK,2022-07-08,2022-07-07,321.25,2022-07-02,144395008.0,46386896320.0,yfinance_point_in_time_proxy,
MCK_2022-08-03,MCK,2023-08-03,2023-08-02,413.07000732421875,2023-07-08,135876000.0,56126300315.18555,yfinance_point_in_time_proxy,
MCK_2023-09-05,MCK,2024-08-06,2024-08-05,612.9500122070312,2024-07-18,130132000.0,79764410988.52539,yfinance_point_in_time_proxy,
MCK_2024-09-26,MCK,2025-08-11,2025-08-08,668.5800170898438,2025-08-09,124384000.0,83160656845.70312,yfinance_point_in_time_proxy,
MCO_2020-10-28,MCO,2021-07-02,2021-07-01,365.30999755859375,2021-06-19,190736992.0,69678130081.85352,yfinance_point_in_time_proxy,
MCO_2022-10-14,MCO,2022-11-11,2022-11-10,294.260009765625,2022-11-05,183200000.0,53908433789.0625,yfinance_point_in_time_proxy,
MCO_2022-12-28,MCO,2023-11-16,2023-11-15,350.70001220703125,2023-11-15,183007008.0,64180559939.572266,yfinance_point_in_time_proxy,
MCO_2023-11-20,MCO,2024-11-19,2024-11-18,471.94000244140625,2024-11-16,184592992.0,87116817095.14648,yfinance_point_in_time_proxy,
MCO_2025-04-08,MCO,2025-12-23,2025-12-22,509.6499938964844,2025-11-17,179358642.0,91410130800.58173,yfinance_point_in_time_proxy,
MDLZ_2022-09-30,MDLZ,2023-04-04,2023-04-03,70.22000122070312,2023-03-31,1363309952.0,95731626493.63672,yfinance_point_in_time_proxy,
MDT_2023-10-27,MDT,2024-08-23,2024-08-22,87.83000183105469,2024-08-21,1282599936.0,112650754727.39062,yfinance_point_in_time_proxy,
MDT_2024-12-19,MDT,2025-11-18,2025-11-17,96.27999877929688,2025-11-17,1282616011.0,123490267973.38663,yfinance_point_in_time_proxy,
MEDP_2020-10-27,MEDP,2021-10-25,2021-10-22,187.0399932861328,2021-07-29,35819300.0,6699641631.513977,yfinance_point_in_time_proxy,
MEDP_2022-04-27,MEDP,2022-10-26,2022-10-25,218.4600067138672,2022-10-14,30998600.0,6771954364.120483,yfinance_point_in_time_proxy,
MEDP_2023-03-13,MEDP,2023-10-30,2023-10-27,250.27999877929688,2023-10-28,30683400.0,7679441314.544678,yfinance_point_in_time_proxy,
MEDP_2023-11-09,MEDP,2024-11-06,2024-11-05,328.239990234375,2024-11-05,31262600.0,10261635518.701172,yfinance_point_in_time_proxy,
MEDP_2025-04-08,MEDP,2025-11-11,2025-11-10,600.4400024414062,2025-11-08,28168223.0,16913327886.890076,yfinance_point_in_time_proxy,
MET_2020-06-26,MET,2021-06-17,2021-06-16,63.709999084472656,2021-05-11,875414976.0,55772687319.49365,yfinance_point_in_time_proxy,
MET_2021-12-01,MET,2022-10-28,2022-10-27,71.1500015258789,2022-10-22,797614016.0,56750238455.4624,yfinance_point_in_time_proxy,
MET_2023-05-16,MET,2023-11-22,2023-11-21,62.25,2023-11-15,740190016.0,46076828496.0,yfinance_point_in_time_proxy,
MET_2023-11-29,MET,2024-11-25,2024-11-22,86.58999633789062,2024-11-08,711478976.0,61606961926.32617,yfinance_point_in_time_proxy,
META_2022-11-03,META,2022-11-15,2022-11-14,114.22000122070312,2022-11-10,2651549952.0,302860038754.1953,yfinance_point_in_time_proxy,
META_2022-11-28,META,2023-11-17,2023-11-16,334.19000244140625,2023-11-14,2569860096.0,858821551756.3125,yfinance_point_in_time_proxy,
META_2023-12-06,META,2024-11-20,2024-11-19,561.0900268554688,2024-11-19,2523030016.0,1415646979434.5938,yfinance_point_in_time_proxy,
META_2025-04-21,META,2025-11-25,2025-11-24,613.0499877929688,2025-11-17,2520527597.0,1545209412572.691,yfinance_point_in_time_proxy,
MGM_2021-01-27,MGM,2022-01-24,2022-01-21,40.959999084472656,2021-12-04,481335008.0,19715481487.00464,yfinance_point_in_time_proxy,
MGM_2022-06-23,MGM,2023-01-26,2023-01-25,40.279998779296875,2022-11-08,384020000.0,15468325131.225586,yfinance_point_in_time_proxy,
MGM_2023-10-27,MGM,2024-02-01,2024-01-31,43.369998931884766,2024-01-31,343070016.0,14878946227.48169,yfinance_point_in_time_proxy,
MGM_2025-04-08,MGM,2025-05-12,2025-05-09,32.58000183105469,2025-05-10,272148992.0,8866614657.679688,yfinance_point_in_time_proxy,
MIDD_2022-07-13,MIDD,2023-02-02,2023-02-01,157.8699951171875,2023-01-25,53883500.0,8506587881.896973,yfinance_point_in_time_proxy,
MIDD_2023-11-01,MIDD,2024-02-08,2024-02-07,142.94000244140625,2024-02-07,53603200.0,7662041538.8671875,yfinance_point_in_time_proxy,
MIDD_2024-07-05,MIDD,2025-02-12,2025-02-11,164.52000427246094,2025-02-08,54524000.0,8970288712.95166,yfinance_point_in_time_proxy,
MKC_2021-10-12,MKC,2022-02-02,2022-02-01,100.48999786376953,2022-02-01,267438000.0,26874844048.690796,yfinance_point_in_time_proxy,
MKC_2022-09-30,MKC,2023-06-15,2023-06-14,90.9800033569336,2023-06-13,268312000.0,24411026660.705566,yfinance_point_in_time_proxy,
MKC_2023-10-12,MKC,2024-07-29,2024-07-26,75.79000091552734,2024-07-27,268608000.0,20357800565.91797,yfinance_point_in_time_proxy,
MKSI_2020-06-11,MKSI,2021-06-10,2021-06-09,178.5399932861328,2021-05-06,55356500.0,9883349138.343811,yfinance_point_in_time_proxy,
MKSI_2022-11-09,MKSI,2022-12-05,2022-12-02,83.86000061035156,2022-11-25,66506800.0,5577260288.592529,yfinance_point_in_time_proxy,
MKSI_2023-10-30,MKSI,2023-12-11,2023-12-08,84.05999755859375,2023-12-06,69221296.0,5818741972.762695,yfinance_point_in_time_proxy,
MKSI_2025-04-08,MKSI,2025-05-08,2025-05-07,74.30000305175781,2025-05-07,69117800.0,5135452750.930786,yfinance_point_in_time_proxy,
MLI_2021-02-18,MLI,2022-02-08,2022-02-07,27.69499969482422,2021-12-03,57366700.0,1588770738.9930725,yfinance_point_in_time_proxy,
MLI_2022-06-16,MLI,2023-02-10,2023-02-09,36.44499969482422,2022-11-02,56864700.0,2072433974.1462708,yfinance_point_in_time_proxy,
MLI_2023-04-06,MLI,2024-02-14,2024-02-13,48.04999923706055,2024-02-13,113520000.0,5454635913.391113,yfinance_point_in_time_proxy,
MLI_2024-02-22,MLI,2025-02-19,2025-02-18,82.27999877929688,2025-02-15,113735000.0,9358115661.16333,yfinance_point_in_time_proxy,
MLM_2022-07-01,MLM,2023-05-04,2023-05-03,368.54998779296875,2023-04-27,61997000.0,22848993593.200684,yfinance_point_in_time_proxy,
MLM_2023-05-24,MLM,2024-05-07,2024-05-06,599.7899780273438,2024-05-06,61640200.0,36971174203.601074,yfinance_point_in_time_proxy,
MLM_2025-04-08,MLM,2025-08-04,2025-08-01,577.8599853515625,2025-08-02,60285400.0,34836520360.913086,yfinance_point_in_time_proxy,
MMM_2023-10-23,MMM,2023-12-28,2023-12-27,90.91973114013672,2023-12-27,552316992.0,50216512416.76904,yfinance_point_in_time_proxy,
MMM_2024-02-14,MMM,2024-12-31,2024-12-30,129.1300048828125,2024-12-27,544558976.0,70318903229.85938,yfinance_point_in_time_proxy,
MMS_2020-10-28,MMS,2021-08-16,2021-08-13,82.66000366210938,2021-07-14,61471800.0,5081259213.116455,yfinance_point_in_time_proxy,
MMS_2022-10-12,MMS,2022-12-01,2022-11-30,70.30000305175781,2022-11-26,60773300.0,4272363175.465393,yfinance_point_in_time_proxy,
MMS_2025-03-03,MMS,2025-08-13,2025-08-12,82.86000061035156,2025-08-12,56349600.0,4669127890.393066,yfinance_point_in_time_proxy,
MNST_2022-03-08,MNST,2022-06-24,2022-06-23,46.09000015258789,2022-06-16,529671008.0,24412536839.54138,yfinance_point_in_time_proxy,
MNST_2022-09-22,MNST,2023-06-28,2023-06-27,58.130001068115234,2023-06-12,1046710016.0,60845254348.086914,yfinance_point_in_time_proxy,
MNST_2024-08-08,MNST,2025-03-27,2025-03-26,57.7599983215332,2025-03-26,973158976.0,56209660820.34497,yfinance_point_in_time_proxy,
MO_2021-11-30,MO,2022-04-11,2022-04-08,54.11000061035156,2022-03-01,1817260032.0,98331941440.6875,yfinance_point_in_time_proxy,
MO_2023-10-26,MO,2024-07-12,2024-07-11,47.08000183105469,2024-07-10,1717629952.0,80866021285.23438,yfinance_point_in_time_proxy,
MO_2024-07-31,MO,2025-07-22,2025-07-21,58.91999816894531,2025-07-19,1684450048.0,99247793743.83984,yfinance_point_in_time_proxy,
MOH_2021-06-18,MOH,2022-05-23,2022-05-20,309.5299987792969,2022-05-04,58700000.0,18169410928.344727,yfinance_point_in_time_proxy,
MOH_2023-03-15,MOH,2023-09-25,2023-09-22,334.5899963378906,2023-08-21,58300000.0,19506596786.499023,yfinance_point_in_time_proxy,
MOH_2025-02-12,MOH,2025-04-03,2025-04-02,328.489990234375,2025-03-26,54699900.0,17968369616.82129,yfinance_point_in_time_proxy,
MORN_2020-11-25,MORN,2021-11-03,2021-11-02,311.7699890136719,2021-11-02,43095500.0,13435883561.538696,yfinance_point_in_time_proxy,
MORN_2023-04-27,MORN,2023-07-27,2023-07-26,215.17999267578125,2023-07-13,42551000.0,9156123868.347168,yfinance_point_in_time_proxy,
MORN_2023-08-21,MORN,2024-07-30,2024-07-29,323.55999755859375,2024-07-27,42838700.0,13860889667.41333,yfinance_point_in_time_proxy,
MOS_2020-11-04,MOS,2021-09-17,2021-09-16,33.75,2021-08-05,379896992.0,12821523480.0,yfinance_point_in_time_proxy,
MOS_2021-09-21,MOS,2022-09-20,2022-09-19,54.869998931884766,2022-09-14,345267008.0,18944800360.17505,yfinance_point_in_time_proxy,
MOS_2025-04-08,MOS,2025-04-29,2025-04-28,29.540000915527344,2025-04-26,317230016.0,9370974963.072754,yfinance_point_in_time_proxy,
MP_2022-09-29,MP,2022-11-11,2022-11-10,32.400001525878906,2022-11-09,177543008.0,5752393730.109131,yfinance_point_in_time_proxy,
MP_2023-11-10,MP,2023-12-21,2023-12-20,18.15999984741211,2023-12-20,177815008.0,3229120518.147583,yfinance_point_in_time_proxy,
MP_2024-08-07,MP,2024-12-24,2024-12-23,16.290000915527344,2024-12-20,163207008.0,2658642309.7404785,yfinance_point_in_time_proxy,
MP_2024-12-31,MP,2025-12-30,2025-12-29,51.93000030517578,2025-11-17,177230483.0,9203579036.276451,yfinance_point_in_time_proxy,
MPC_2020-10-28,MPC,2021-10-14,2021-10-13,65.26000213623047,2021-09-30,644179008.0,42039123438.194824,yfinance_point_in_time_proxy,
MPC_2021-11-19,MPC,2022-10-17,2022-10-14,104.0999984741211,2022-10-14,498624000.0,51906757639.16016,yfinance_point_in_time_proxy,
MPC_2023-05-04,MPC,2023-10-19,2023-10-18,153.99000549316406,2023-10-17,399844000.0,61571979756.40869,yfinance_point_in_time_proxy,
MPC_2025-04-08,MPC,2025-05-12,2025-05-09,150.88999938964844,2025-05-10,307214016.0,46355522686.731445,yfinance_point_in_time_proxy,
MPWR_2020-09-11,MPWR,2021-07-01,2021-06-30,373.45001220703125,2021-05-26,45754000.0,17086831858.520508,yfinance_point_in_time_proxy,
MPWR_2022-01-27,MPWR,2022-08-02,2022-08-01,462.29998779296875,2022-07-30,46643000.0,21563058330.62744,yfinance_point_in_time_proxy,
MPWR_2022-10-14,MPWR,2023-08-04,2023-08-03,532.6799926757812,2023-07-13,47423000.0,25261283292.663574,yfinance_point_in_time_proxy,
MPWR_2023-10-25,MPWR,2024-08-07,2024-08-06,790.1599731445312,2024-08-06,48752000.0,38521879010.74219,yfinance_point_in_time_proxy,
MPWR_2025-04-08,MPWR,2025-08-12,2025-08-11,797.510009765625,2025-08-08,47892000.0,38194349387.69531,yfinance_point_in_time_proxy,
MRK_2021-03-04,MRK,2021-10-29,2021-10-28,86.55000305175781,2021-10-06,2531369984.0,219090079840.32812,yfinance_point_in_time_proxy,
MRK_2021-12-07,MRK,2022-11-01,2022-10-31,101.19999694824219,2022-10-22,2533280000.0,256367928269.04297,yfinance_point_in_time_proxy,
MRK_2023-11-28,MRK,2024-02-23,2024-02-22,129.25999450683594,2024-02-16,2534020096.0,327547423689.1719,yfinance_point_in_time_proxy,
MRK_2025-05-14,MRK,2025-11-18,2025-11-17,92.86000061035156,2025-11-17,2497783212.0,231944150590.8459,yfinance_point_in_time_proxy,
MRNA_2021-03-30,MRNA,2022-02-24,2022-02-23,135.72999572753906,2022-02-11,405449984.0,55031724596.05078,yfinance_point_in_time_proxy,
MRNA_2022-06-13,MRNA,2023-03-20,2023-03-17,150.02000427246094,2023-03-18,390203008.0,58538256927.28711,yfinance_point_in_time_proxy,
MRNA_2023-11-09,MRNA,2024-03-21,2024-03-20,103.08000183105469,2024-03-20,382072992.0,39384084714.95654,yfinance_point_in_time_proxy,
MRNA_2025-05-15,MRNA,2025-07-08,2025-07-07,29.899999618530273,2025-07-02,386742016.0,11563586130.869629,yfinance_point_in_time_proxy,
MRSH_2022-09-27,MRSH,2023-07-24,2023-07-21,191.42999267578125,,,,yfinance_point_in_time_proxy,missing_shares_outstanding_on_or_before_entry
MS_2022-06-17,MS,2022-11-30,2022-11-29,91.08000183105469,2022-11-09,1690109952.0,153935217522.84375,yfinance_point_in_time_proxy,
MS_2023-10-27,MS,2023-12-14,2023-12-13,85.62999725341797,2023-12-13,1641309952.0,140545366681.76758,yfinance_point_in_time_proxy,
MS_2024-01-18,MS,2024-12-17,2024-12-16,129.02999877929688,2024-12-14,1611040000.0,207872489233.39844,yfinance_point_in_time_proxy,
MS_2025-04-04,MS,2025-12-22,2025-12-19,176.97999572753906,2025-11-17,1596335756.0,282519495276.59784,yfinance_point_in_time_proxy,
MSA_2022-09-30,MSA,2022-11-25,2022-11-23,141.27999877929688,2022-11-02,39198400.0,5537949904.150391,yfinance_point_in_time_proxy,
MSA_2023-04-26,MSA,2023-11-29,2023-11-28,166.97999572753906,2023-11-23,39311200.0,6564184008.044434,yfinance_point_in_time_proxy,
MSA_2025-04-07,MSA,2025-06-26,2025-06-25,168.05999755859375,2025-06-17,39305900.0,6605749458.03833,yfinance_point_in_time_proxy,
MSCI_2022-05-09,MSCI,2022-08-03,2022-08-02,477.69000244140625,2022-07-28,80502896.0,38455428586.78027,yfinance_point_in_time_proxy,
MSCI_2022-10-14,MSCI,2023-08-07,2023-08-04,542.260009765625,2023-07-25,80063400.0,43415180065.86914,yfinance_point_in_time_proxy,
MSCI_2024-04-23,MSCI,2024-08-27,2024-08-26,575.6300048828125,2024-08-20,78600304.0,45244693375.31055,yfinance_point_in_time_proxy,
MSFT_2021-03-04,MSFT,2022-02-28,2022-02-25,297.30999755859375,2022-02-11,7496869888.0,2228894368098.375,yfinance_point_in_time_proxy,
MSFT_2022-11-03,MSFT,2023-03-17,2023-03-16,276.20001220703125,2023-03-10,7484519936.0,2067224497686.9688,yfinance_point_in_time_proxy,
MSFT_2023-03-22,MSFT,2024-03-20,2024-03-19,421.4100036621094,2024-03-15,7430439936.0,3131261720640.8438,yfinance_point_in_time_proxy,
MSFT_2025-04-08,MSFT,2025-05-27,2025-05-23,450.17999267578125,2025-05-23,7432540160.0,3345980874791.25,yfinance_point_in_time_proxy,
MSI_2020-10-30,MSI,2021-10-11,2021-10-08,236.75999450683594,2021-09-02,169324992.0,40089384175.79004,yfinance_point_in_time_proxy,
MSI_2022-06-16,MSI,2022-11-07,2022-11-04,254.8699951171875,2022-11-05,167203008.0,42615029832.53906,yfinance_point_in_time_proxy,
MSI_2023-01-30,MSI,2023-12-01,2023-11-30,322.8699951171875,2023-11-30,165968000.0,53586087349.609375,yfinance_point_in_time_proxy,
MSI_2024-01-05,MSI,2024-12-04,2024-12-03,497.760009765625,2024-12-03,167120992.0,83186146609.96094,yfinance_point_in_time_proxy,
MSM_2022-09-26,MSM,2023-04-20,2023-04-19,89.94999694824219,2023-04-18,55472500.0,4989751205.711365,yfinance_point_in_time_proxy,
MSM_2025-04-07,MSM,2025-07-01,2025-06-30,85.0199966430664,2025-06-30,56023200.0,4763092275.933838,yfinance_point_in_time_proxy,
MTB_2021-07-22,MTB,2022-04-20,2022-04-19,162.0399932861328,2022-04-08,179951008.0,29159260128.152832,yfinance_point_in_time_proxy,
MTB_2023-10-27,MTB,2023-12-14,2023-12-13,138.50999450683594,2023-12-13,165960000.0,22987118688.354492,yfinance_point_in_time_proxy,
MTB_2024-02-07,MTB,2024-12-17,2024-12-16,199.72000122070312,2024-12-14,165920992.0,33137740724.780273,yfinance_point_in_time_proxy,
MTB_2025-04-08,MTB,2025-12-22,2025-12-19,205.82000732421875,2025-11-17,156269291.0,32163346618.17047,yfinance_point_in_time_proxy,
MTCH_2020-06-11,MTCH,2021-06-10,2021-06-09,141.77000427246094,2021-05-11,270275008.0,38316889038.899414,yfinance_point_in_time_proxy,
MTCH_2022-12-27,MTCH,2023-01-23,2023-01-20,50.41999816894531,2022-12-18,279305984.0,14082607201.855469,yfinance_point_in_time_proxy,
MTCH_2023-11-06,MTCH,2024-01-25,2024-01-24,36.939998626708984,2024-01-24,271812000.0,10040734906.723022,yfinance_point_in_time_proxy,
MTCH_2025-04-08,MTCH,2025-08-06,2025-08-05,33.72999954223633,2025-08-05,245224992.0,8271438867.904907,yfinance_point_in_time_proxy,
MTD_2022-09-30,MTD,2022-11-10,2022-11-09,1336.22998046875,2022-11-08,22294200.0,29790178430.566406,yfinance_point_in_time_proxy,
MTD_2023-10-30,MTD,2024-03-01,2024-02-29,1247.219970703125,2024-02-29,21478700.0,26788663584.74121,yfinance_point_in_time_proxy,
MTD_2025-04-21,MTD,2025-07-25,2025-07-24,1260.75,2025-07-24,20782800.0,26201915100.0,yfinance_point_in_time_proxy,
MTDR_2020-12-22,MTDR,2021-12-20,2021-12-17,36.18000030517578,2021-12-05,117336000.0,4245216515.8081055,yfinance_point_in_time_proxy,
MTDR_2021-12-31,MTDR,2022-12-21,2022-12-20,55.540000915527344,2022-11-05,118162000.0,6562717588.180542,yfinance_point_in_time_proxy,
MTDR_2023-05-04,MTDR,2023-12-26,2023-12-22,57.61000061035156,2023-12-23,119197000.0,6866939242.752075,yfinance_point_in_time_proxy,
MTDR_2024-09-26,MTDR,2025-01-13,2025-01-10,61.25,2025-01-11,124773000.0,7642346250.0,yfinance_point_in_time_proxy,
MTG_2022-06-16,MTG,2022-08-11,2022-08-10,14.699999809265137,2022-08-07,303440000.0,4460567942.123413,yfinance_point_in_time_proxy,
MTG_2022-10-21,MTG,2023-08-15,2023-08-14,17.969999313354492,2023-07-20,286617984.0,5150524975.675049,yfinance_point_in_time_proxy,
MTG_2023-10-03,MTG,2024-08-16,2024-08-15,23.8799991607666,2024-08-13,259234000.0,6190507702.442169,yfinance_point_in_time_proxy,
MTG_2025-04-08,MTG,2025-09-11,2025-09-10,28.3700008392334,2025-09-10,230523008.0,6539937930.422607,yfinance_point_in_time_proxy,
MTN_2020-06-26,MTN,2021-06-10,2021-06-09,319.94000244140625,2021-06-09,40302300.0,12894317960.394287,yfinance_point_in_time_proxy,
MTN_2022-09-27,MTN,2022-11-25,2022-11-23,255.8800048828125,2022-11-02,40326200.0,10318668252.905273,yfinance_point_in_time_proxy,
MTN_2025-04-08,MTN,2025-07-10,2025-07-09,166.27999877929688,2025-07-08,37380300.0,6215596238.369751,yfinance_point_in_time_proxy,
MTSI_2020-09-08,MTSI,2021-07-13,2021-07-12,59.83000183105469,2021-05-06,68669400.0,4108490327.7374268,yfinance_point_in_time_proxy,
MTSI_2022-07-05,MTSI,2022-07-29,2022-07-28,56.790000915527344,2022-05-05,69890496.0,3969081331.82666,yfinance_point_in_time_proxy,
MTSI_2022-10-14,MTSI,2023-08-02,2023-08-01,69.4800033569336,2023-07-17,70884096.0,4925027228.033203,yfinance_point_in_time_proxy,
MTSI_2023-10-30,MTSI,2024-08-05,2024-08-02,97.12999725341797,2024-08-03,72191200.0,7011931057.720947,yfinance_point_in_time_proxy,
MTSI_2025-04-08,MTSI,2025-08-08,2025-08-07,127.75,2025-08-07,81016304.0,10349832836.0,yfinance_point_in_time_proxy,
MTZ_2020-07-09,MTZ,2021-07-01,2021-06-30,106.0999984741211,2021-05-26,74311296.0,7884428392.209961,yfinance_point_in_time_proxy,
MTZ_2022-10-10,MTZ,2022-11-04,2022-11-03,73.95999908447266,2022-10-11,78192600.0,5783124624.412537,yfinance_point_in_time_proxy,
MTZ_2023-11-09,MTZ,2023-12-01,2023-11-30,60.63999938964844,2023-11-30,78823104.0,4779832978.450195,yfinance_point_in_time_proxy,
MTZ_2024-01-19,MTZ,2024-12-04,2024-12-03,143.4600067138672,2024-12-03,79235000.0,11367053631.973267,yfinance_point_in_time_proxy,
MTZ_2025-04-04,MTZ,2025-12-09,2025-12-08,220.5800018310547,2025-11-17,78907955.0,17405516858.38478,yfinance_point_in_time_proxy,
MU_2020-08-21,MU,2021-06-30,2021-06-29,82.93000030517578,2021-06-19,1175190016.0,97458508385.51953,yfinance_point_in_time_proxy,
MU_2022-09-26,MU,2023-01-27,2023-01-26,62.79999923706055,2022-12-24,1091180032.0,68526105177.0957,yfinance_point_in_time_proxy,
MU_2023-03-13,MU,2024-01-31,2024-01-30,86.16000366210938,2024-01-30,1103910016.0,95112891021.19922,yfinance_point_in_time_proxy,
MUR_2020-12-01,MUR,2021-11-22,2021-11-19,26.329999923706055,2021-11-20,154459008.0,4066905668.855713,yfinance_point_in_time_proxy,
MUR_2021-12-20,MUR,2022-11-23,2022-11-22,48.02000045776367,2022-11-09,155455008.0,7464949555.321655,yfinance_point_in_time_proxy,
MUR_2023-05-04,MUR,2023-11-28,2023-11-27,42.599998474121094,2023-11-25,154472992.0,6580549223.49292,yfinance_point_in_time_proxy,
MUR_2025-04-08,MUR,2025-06-13,2025-06-12,24.40999984741211,2025-06-11,142716000.0,3483697538.2232666,yfinance_point_in_time_proxy,
MUSA_2020-11-02,MUSA,2021-08-19,2021-08-18,153.75,2021-07-31,25845000.0,3973668750.0,yfinance_point_in_time_proxy,
MUSA_2021-09-14,MUSA,2022-08-22,2022-08-19,299.4800109863281,2022-08-20,23378800.0,7001483280.847168,yfinance_point_in_time_proxy,
MUSA_2023-03-14,MUSA,2023-08-24,2023-08-23,311.6099853515625,2023-08-23,21665500.0,6751186137.634277,yfinance_point_in_time_proxy,
MUSA_2023-09-11,MUSA,2024-08-27,2024-08-26,512.0,2024-08-23,20492200.0,10492006400.0,yfinance_point_in_time_proxy,
MZTI_2022-06-06,MZTI,2022-08-25,2022-08-24,146.55999755859375,,,,yfinance_point_in_time_proxy,missing_shares_outstanding_on_or_before_entry
MZTI_2023-09-08,MZTI,2024-02-29,2024-02-28,205.16000366210938,,,,yfinance_point_in_time_proxy,missing_shares_outstanding_on_or_before_entry
NBIX_2022-01-27,NBIX,2022-03-22,2022-03-21,94.16000366210938,2022-02-15,95242704.0,8968053357.4292,yfinance_point_in_time_proxy,
NBIX_2022-05-09,NBIX,2023-03-30,2023-03-29,97.0999984741211,2023-02-11,96587904.0,9378685331.018555,yfinance_point_in_time_proxy,
NBIX_2023-05-31,NBIX,2024-04-03,2024-04-02,137.74000549316406,2024-04-02,99507504.0,13706164147.571045,yfinance_point_in_time_proxy,
NBIX_2025-04-08,NBIX,2025-05-06,2025-05-05,109.75,2025-04-23,98938200.0,10858467450.0,yfinance_point_in_time_proxy,
NCLH_2022-03-07,NCLH,2022-03-28,2022-03-25,19.860000610351562,2022-03-22,417086016.0,8283328532.329102,yfinance_point_in_time_proxy,
NCLH_2022-06-16,NCLH,2023-04-11,2023-04-10,13.350000381469727,2023-04-07,427091008.0,5701665119.72229,yfinance_point_in_time_proxy,
NCLH_2023-04-26,NCLH,2024-04-12,2024-04-11,18.6299991607666,2024-03-28,425656992.0,7929989403.734436,yfinance_point_in_time_proxy,
NCLH_2024-08-07,NCLH,2025-05-13,2025-05-12,19.149999618530273,2025-05-10,446807008.0,8556354032.756653,yfinance_point_in_time_proxy,
NDAQ_2020-09-23,NDAQ,2021-07-06,2021-07-02,59.293331146240234,2021-06-29,170292992.0,10097238766.54004,yfinance_point_in_time_proxy,
NDAQ_2022-05-18,NDAQ,2022-08-10,2022-08-09,61.05666732788086,2022-08-06,163742000.0,9997540821.601868,yfinance_point_in_time_proxy,
NDAQ_2023-10-03,NDAQ,2024-03-19,2024-03-18,60.290000915527344,2024-03-16,575206976.0,34679229109.657715,yfinance_point_in_time_proxy,
NDAQ_2024-06-03,NDAQ,2025-03-24,2025-03-21,75.55000305175781,2025-03-22,575145024.0,43452208318.40332,yfinance_point_in_time_proxy,
NDSN_2023-03-17,NDSN,2023-12-26,2023-12-22,261.3599853515625,2023-12-22,57016000.0,14901700924.804688,yfinance_point_in_time_proxy,
NDSN_2025-04-08,NDSN,2025-06-09,2025-06-06,214.75999450683594,2025-06-07,56508900.0,12135851053.587341,yfinance_point_in_time_proxy,
NEE_2021-03-05,NEE,2021-12-13,2021-12-10,90.27999877929688,2021-12-04,1962140032.0,177141999693.76953,yfinance_point_in_time_proxy,
NEE_2023-10-09,NEE,2024-03-27,2024-03-26,61.43000030517578,2024-03-26,2091849984.0,128502345155.50195,yfinance_point_in_time_proxy,
NEE_2025-04-08,NEE,2025-10-06,2025-10-03,80.05999755859375,2025-10-02,2059292588.0,164866959567.7102,yfinance_point_in_time_proxy,
NEM_2021-02-26,NEM,2022-02-23,2022-02-22,67.16999816894531,2022-02-11,797435008.0,53563708027.21289,yfinance_point_in_time_proxy,
NEM_2022-11-03,NEM,2023-03-17,2023-03-16,45.779998779296875,2023-03-15,798934976.0,36575242226.01758,yfinance_point_in_time_proxy,
NEM_2024-02-27,NEM,2024-04-05,2024-04-04,37.720001220703125,2024-04-04,1152790016.0,43483240810.734375,yfinance_point_in_time_proxy,
NEM_2024-04-22,NEM,2025-04-09,2025-04-08,44.959999084472656,2025-04-08,1127260032.0,50681610006.68262,yfinance_point_in_time_proxy,
NEU_2022-09-02,NEU,2023-02-01,2023-01-31,344.510009765625,2022-10-27,9871440.0,3400809890.8007812,yfinance_point_in_time_proxy,
NEU_2023-03-13,NEU,2024-02-05,2024-02-02,587.7100219726562,2024-02-02,9590090.0,5636192004.619751,yfinance_point_in_time_proxy,
NEU_2025-01-10,NEU,2025-05-02,2025-05-01,621.780029296875,2025-04-30,9526680.0,5923499369.501953,yfinance_point_in_time_proxy,
NFG_2021-04-30,NFG,2022-04-28,2022-04-27,70.31999969482422,2022-03-17,91443904.0,6430335301.373535,yfinance_point_in_time_proxy,
NFG_2024-02-05,NFG,2024-07-22,2024-07-19,57.459999084472656,2024-07-19,91917904.0,5281602679.6866455,yfinance_point_in_time_proxy,
NFLX_2022-05-11,NFLX,2022-07-20,2022-07-19,20.163000106811523,2022-04-14,444273984.0,8957896386.845581,yfinance_point_in_time_proxy,
NFLX_2022-07-26,NFLX,2023-07-24,2023-07-21,42.75,2023-07-21,444540992.0,19004127408.0,yfinance_point_in_time_proxy,
NFLX_2023-10-18,NFLX,2024-07-25,2024-07-24,63.5989990234375,2024-07-24,429164992.0,27294463907.101562,yfinance_point_in_time_proxy,
NFLX_2024-08-05,NFLX,2025-07-30,2025-07-29,116.8740005493164,2025-07-23,424926016.0,49662803427.40283,yfinance_point_in_time_proxy,
NI_2021-01-27,NI,2021-12-16,2021-12-15,26.600000381469727,2021-11-19,392704992.0,10445952937.005066,yfinance_point_in_time_proxy,
NI_2023-10-02,NI,2024-07-11,2024-07-10,29.209999084472656,2024-07-10,448304992.0,13094988405.884521,yfinance_point_in_time_proxy,
NJR_2021-09-24,NJR,2022-03-29,2022-03-28,45.88999938964844,2022-03-20,96061400.0,4408257587.368774,yfinance_point_in_time_proxy,
NJR_2022-09-30,NJR,2023-03-31,2023-03-30,52.77000045776367,2023-03-30,97573696.0,5148963982.585693,yfinance_point_in_time_proxy,
NJR_2024-02-05,NJR,2024-11-22,2024-11-21,49.849998474121094,2024-11-21,99167600.0,4943504708.682251,yfinance_point_in_time_proxy,
NKE_2022-09-30,NKE,2022-11-30,2022-11-29,106.25,2022-11-10,1564589952.0,166237682400.0,yfinance_point_in_time_proxy,
NKE_2023-09-27,NKE,2023-12-06,2023-12-05,115.41000366210938,2023-12-01,1521910016.0,175643640519.96094,yfinance_point_in_time_proxy,
NKE_2025-04-08,NKE,2025-06-27,2025-06-26,62.540000915527344,2025-06-26,1475990016.0,92308416951.94922,yfinance_point_in_time_proxy,
NLY_2022-06-16,NLY,2022-07-29,2022-07-28,27.15999984741211,2022-06-28,1575960064.0,42803075097.76758,yfinance_point_in_time_proxy,
NLY_2022-10-10,NLY,2023-08-02,2023-08-01,20.020000457763672,2023-07-21,493880992.0,9887497685.920776,yfinance_point_in_time_proxy,
NLY_2023-10-27,NLY,2024-08-05,2024-08-02,19.760000228881836,2024-08-02,501774016.0,9915054671.006958,yfinance_point_in_time_proxy,
NLY_2025-04-10,NLY,2025-09-04,2025-09-03,21.489999771118164,2025-08-30,642076032.0,13798213780.720459,yfinance_point_in_time_proxy,
NNN_2020-11-04,NNN,2021-11-03,2021-11-02,46.06999969482422,2021-10-07,175599008.0,8089846244.971436,yfinance_point_in_time_proxy,
NNN_2023-10-06,NNN,2024-07-11,2024-07-10,42.7599983215332,2024-07-10,183348992.0,7840002590.174805,yfinance_point_in_time_proxy,
NOC_2021-01-29,NOC,2021-10-05,2021-10-04,365.6700134277344,2021-09-11,160108992.0,58547057254.541016,yfinance_point_in_time_proxy,
NOC_2021-12-01,NOC,2022-10-06,2022-10-05,484.45001220703125,2022-10-05,154711008.0,74949749714.16211,yfinance_point_in_time_proxy,
NOC_2023-10-05,NOC,2024-10-01,2024-09-30,528.0700073242188,2024-09-28,146244992.0,77227593996.57031,yfinance_point_in_time_proxy,
NOC_2025-02-19,NOC,2025-10-06,2025-10-03,609.5399780273438,2025-10-03,143182982.0,87275751702.16956,yfinance_point_in_time_proxy,
NOK_2021-03-04,NOK,2022-02-09,2022-02-08,5.690000057220459,2022-02-08,5687240192.0,32360397017.906494,yfinance_point_in_time_proxy,
NOK_2023-12-05,NOK,2024-05-14,2024-05-13,3.7899999618530273,2024-05-11,5568169984.0,21103364026.95117,yfinance_point_in_time_proxy,
NOK_2024-06-14,NOK,2025-05-19,2025-05-16,5.190000057220459,2025-05-15,5415940096.0,28108729408.14258,yfinance_point_in_time_proxy,
NOV_2020-10-28,NOV,2021-09-10,2021-09-09,12.720000267028809,2021-07-30,390704000.0,4969754984.329224,yfinance_point_in_time_proxy,
NOV_2021-12-01,NOV,2022-09-13,2022-09-12,17.790000915527344,2022-08-06,392801984.0,6987947654.980957,yfinance_point_in_time_proxy,
NOV_2023-05-31,NOV,2023-09-15,2023-09-14,20.850000381469727,2023-09-12,393776992.0,8210250433.414001,yfinance_point_in_time_proxy,
NOV_2025-04-08,NOV,2025-07-28,2025-07-25,13.970000267028809,2025-07-22,375737984.0,5249059736.812866,yfinance_point_in_time_proxy,
NOVT_2020-09-11,NOVT,2021-06-08,2021-06-07,139.17999267578125,2021-05-14,35384300.0,4924786614.8376465,yfinance_point_in_time_proxy,
NOVT_2022-06-16,NOVT,2022-07-22,2022-07-21,136.91000366210938,2022-06-13,35704200.0,4888262152.752686,yfinance_point_in_time_proxy,
NOVT_2022-10-10,NOVT,2023-07-26,2023-07-25,176.0399932861328,2023-07-16,35805600.0,6303217583.605957,yfinance_point_in_time_proxy,
NOVT_2023-11-07,NOVT,2024-07-29,2024-07-26,185.16000366210938,2024-07-27,35893900.0,6646114655.447388,yfinance_point_in_time_proxy,
NOVT_2025-10-10,NOVT,2025-10-27,2025-10-24,128.64999389648438,2025-10-24,35973631.0,4628007408.584381,yfinance_point_in_time_proxy,
NOW_2021-05-17,NOW,2021-09-22,2021-09-21,130.83999633789062,2021-08-26,198348992.0,25951981386.904297,yfinance_point_in_time_proxy,
NOW_2022-10-14,NOW,2023-01-25,2023-01-24,88.68199920654297,2023-01-06,202000000.0,17913763839.72168,yfinance_point_in_time_proxy,
NOW_2023-03-13,NOW,2024-01-29,2024-01-26,153.88800048828125,2024-01-27,205000000.0,31547040100.097656,yfinance_point_in_time_proxy,
NOW_2024-05-30,NOW,2025-01-31,2025-01-30,202.5500030517578,2025-01-29,206316992.0,41789507359.22949,yfinance_point_in_time_proxy,
NRG_2021-05-28,NRG,2022-04-20,2022-04-19,39.709999084472656,2022-04-05,242154000.0,9615935118.301392,yfinance_point_in_time_proxy,
NRG_2023-01-19,NRG,2023-09-08,2023-09-07,38.349998474121094,2023-08-22,229116992.0,8786636293.595215,yfinance_point_in_time_proxy,
NRG_2023-10-04,NRG,2024-09-11,2024-09-10,77.94000244140625,2024-09-07,206380000.0,16085257703.857422,yfinance_point_in_time_proxy,
NRG_2024-09-16,NRG,2025-09-16,2025-09-15,166.0800018310547,2025-09-12,193431008.0,32125022162.822754,yfinance_point_in_time_proxy,
NSA_2020-08-19,NSA,2021-08-11,2021-08-10,54.619998931884766,2021-08-06,88650600.0,4842095677.310944,yfinance_point_in_time_proxy,
NSA_2023-10-27,NSA,2023-12-11,2023-12-08,36.849998474121094,2023-12-06,136248000.0,5020738592.102051,yfinance_point_in_time_proxy,
NSC_2023-10-27,NSC,2024-01-22,2024-01-19,234.0500030517578,2024-01-18,226136000.0,52927131490.112305,yfinance_point_in_time_proxy,
NSC_2025-04-08,NSC,2025-07-17,2025-07-16,260.32000732421875,2025-07-16,225444000.0,58687583731.20117,yfinance_point_in_time_proxy,
NSRGY_2021-02-26,NSRGY,2021-11-03,2021-11-02,131.89999389648438,2021-11-02,2750459904.0,362785644550.125,yfinance_point_in_time_proxy,
NSRGY_2025-01-15,NSRGY,2025-04-03,2025-04-02,101.7300033569336,2025-04-02,2575160064.0,261971041955.36133,yfinance_point_in_time_proxy,
NTAP_2020-11-06,NTAP,2021-11-05,2021-11-04,90.69999694824219,2021-10-19,233728992.0,21199218861.115723,yfinance_point_in_time_proxy,
NTAP_2022-12-28,NTAP,2023-06-27,2023-06-26,73.75,2023-06-17,212431008.0,15666786840.0,yfinance_point_in_time_proxy,
NTAP_2023-10-30,NTAP,2024-06-28,2024-06-27,129.02999877929688,2024-06-22,205802000.0,26554631808.776855,yfinance_point_in_time_proxy,
NTAP_2025-04-04,NTAP,2025-07-03,2025-07-02,107.61000061035156,2025-07-02,200366000.0,21561385382.2937,yfinance_point_in_time_proxy,
NTNX_2022-06-14,NTNX,2022-08-15,2022-08-12,17.770000457763672,2022-08-13,224294000.0,3985704482.673645,yfinance_point_in_time_proxy,
NTNX_2022-08-31,NTNX,2023-08-17,2023-08-16,30.260000228881836,2023-07-16,235759008.0,7134067636.040955,yfinance_point_in_time_proxy,
NTNX_2023-08-25,NTNX,2024-08-20,2024-08-19,52.0099983215332,2024-08-17,246640992.0,12827797579.941284,yfinance_point_in_time_proxy,
NTNX_2024-08-28,NTNX,2025-08-25,2025-08-22,68.79000091552734,2025-08-22,268076992.0,18441016525.111816,yfinance_point_in_time_proxy,
NTRS_2020-09-24,NTRS,2021-08-06,2021-08-05,112.2300033569336,2021-07-30,208395008.0,23388172447.408203,yfinance_point_in_time_proxy,
NTRS_2023-10-25,NTRS,2023-12-13,2023-12-12,80.45999908447266,2023-12-09,207036000.0,16658116370.45288,yfinance_point_in_time_proxy,
NTRS_2024-02-13,NTRS,2024-12-16,2024-12-13,104.9800033569336,2024-12-11,199043008.0,20895535648.01416,yfinance_point_in_time_proxy,
NTRS_2025-04-08,NTRS,2025-12-19,2025-12-18,138.3300018310547,2025-11-17,190660595.0,26374080455.459976,yfinance_point_in_time_proxy,
NUE_2021-04-22,NUE,2022-04-07,2022-04-06,146.49000549316406,2022-03-29,268779008.0,39373438358.36719,yfinance_point_in_time_proxy,
NUE_2022-09-26,NUE,2023-04-12,2023-04-11,148.72000122070312,2023-04-07,251939008.0,37468369577.302734,yfinance_point_in_time_proxy,
NUE_2023-05-31,NUE,2024-04-15,2024-04-12,194.52999877929688,2024-04-09,240087008.0,46704125373.16504,yfinance_point_in_time_proxy,
NUE_2025-04-04,NUE,2025-07-01,2025-06-30,129.5399932861328,2025-06-28,230751008.0,29891484027.08838,yfinance_point_in_time_proxy,
NVDA_2020-07-06,NVDA,2021-07-02,2021-07-01,20.211999893188477,2021-07-01,623000000.0,12592075933.45642,yfinance_point_in_time_proxy,
NVDA_2022-07-01,NVDA,2022-08-03,2022-08-02,18.525999069213867,2021-07-20,2492000000.0,46166789680.48096,yfinance_point_in_time_proxy,
NVDA_2022-10-14,NVDA,2023-08-07,2023-08-04,44.68000030517578,2023-07-13,2470000128.0,110359606472.82422,yfinance_point_in_time_proxy,
NVDA_2023-10-26,NVDA,2024-08-08,2024-08-07,98.91000366210938,2024-07-26,24598300672.0,2433018009549.1875,yfinance_point_in_time_proxy,
NVDA_2025-04-04,NVDA,2025-08-13,2025-08-12,183.16000366210938,2025-07-11,24570200064.0,4500277933701.0,yfinance_point_in_time_proxy,
NVO_2020-10-30,NVO,2021-09-03,2021-09-02,50.84000015258789,2021-09-01,2291099904.0,116479519468.9541,yfinance_point_in_time_proxy,
NVO_2022-01-26,NVO,2022-11-28,2022-11-25,59.39500045776367,2022-11-24,2251719936.0,133740906629.47559,yfinance_point_in_time_proxy,
NVO_2022-11-30,NVO,2023-11-30,2023-11-29,102.0,2023-11-29,4580639744.0,467225253888.0,yfinance_point_in_time_proxy,
NVO_2025-04-17,NVO,2025-06-10,2025-06-09,75.45999908447266,2025-06-07,4482079744.0,338217733378.77344,yfinance_point_in_time_proxy,
NVR_2022-06-16,NVR,2022-12-15,2022-12-14,4746.64990234375,2022-11-08,3195890.0,15169770956.401367,yfinance_point_in_time_proxy,
NVR_2022-12-28,NVR,2023-12-19,2023-12-18,6840.0,2023-12-16,3179030.0,21744565200.0,yfinance_point_in_time_proxy,
NVS_2022-09-26,NVS,2023-04-04,2023-04-03,92.5199966430664,2023-04-01,2119609984.0,196106308604.29004,yfinance_point_in_time_proxy,
NVS_2023-10-27,NVS,2024-08-19,2024-08-16,114.69999694824219,2024-08-17,2024579968.0,232219316151.07227,yfinance_point_in_time_proxy,
NVS_2024-12-19,NVS,2025-08-22,2025-08-21,126.81999969482422,2025-08-21,1935849984.0,245504494380.10547,yfinance_point_in_time_proxy,
NVST_2020-11-25,NVST,2021-11-23,2021-11-22,42.310001373291016,2021-11-12,161368000.0,6827480301.605225,yfinance_point_in_time_proxy,
NVST_2022-10-12,NVST,2023-02-02,2023-02-01,39.720001220703125,2022-12-08,163044992.0,6476147281.269531,yfinance_point_in_time_proxy,
NVST_2024-08-07,NVST,2024-10-31,2024-10-30,19.229999542236328,2024-10-30,175972000.0,3383941479.446411,yfinance_point_in_time_proxy,
NVST_2025-04-08,NVST,2025-11-05,2025-11-04,20.149999618530273,2025-11-04,164426233.0,3313188532.22637,yfinance_point_in_time_proxy,
NVT_2020-09-23,NVT,2021-07-02,2021-07-01,31.829999923706055,2021-05-26,167678000.0,5337190727.207184,yfinance_point_in_time_proxy,
NVT_2022-07-14,NVT,2022-11-10,2022-11-09,38.25,2022-11-01,166587008.0,6371953056.0,yfinance_point_in_time_proxy,
NVT_2022-12-16,NVT,2023-11-14,2023-11-13,51.439998626708984,2023-11-11,165912000.0,8534513052.154541,yfinance_point_in_time_proxy,
NVT_2023-11-28,NVT,2024-11-15,2024-11-14,73.94999694824219,2024-11-14,164816000.0,12188142697.021484,yfinance_point_in_time_proxy,
NVT_2025-04-08,NVT,2025-11-20,2025-11-19,105.73999786376953,2025-11-17,161359550.0,17062158472.298813,yfinance_point_in_time_proxy,
NWE_2024-12-18,NWE,2025-11-07,2025-11-06,63.220001220703125,2025-11-06,61407029.0,3882152448.339752,yfinance_point_in_time_proxy,
NWS_2020-10-28,NWS,2021-08-13,2021-08-12,23.190000534057617,2021-08-12,605270016.0,14036211994.289062,yfinance_point_in_time_proxy,
NWS_2022-09-27,NWS,2023-01-23,2023-01-20,19.639999389648438,2023-01-21,568230016.0,11160037167.419922,yfinance_point_in_time_proxy,
NWS_2023-03-13,NWS,2024-01-25,2024-01-24,25.6299991607666,2024-01-24,554561024.0,14213398579.713867,yfinance_point_in_time_proxy,
NWS_2024-04-30,NWS,2025-02-03,2025-01-31,31.649999618530273,2025-02-01,525228000.0,16623465999.641418,yfinance_point_in_time_proxy,
NWSA_2020-10-28,NWSA,2021-08-13,2021-08-12,23.969999313354492,2021-08-12,583742016.0,13992295722.696167,yfinance_point_in_time_proxy,
NWSA_2022-09-27,NWSA,2023-01-13,2023-01-12,19.350000381469727,2023-01-12,578731008.0,11198445225.56836,yfinance_point_in_time_proxy,
NWSA_2023-03-13,NWSA,2024-01-18,2024-01-17,23.479999542236328,2024-01-17,577731968.0,13565146344.175293,yfinance_point_in_time_proxy,
NXPI_2020-06-26,NXPI,2021-06-14,2021-06-11,201.1300048828125,2021-04-29,275747008.0,55460997065.46094,yfinance_point_in_time_proxy,
NXPI_2022-10-14,NXPI,2023-01-26,2023-01-25,174.10000610351562,2023-01-05,259135008.0,45115406474.43457,yfinance_point_in_time_proxy,
NXPI_2023-04-27,NXPI,2024-01-30,2024-01-29,217.47000122070312,2024-01-26,257763008.0,56055721664.41211,yfinance_point_in_time_proxy,
NXPI_2025-04-08,NXPI,2025-05-12,2025-05-09,191.8800048828125,2025-05-10,252628992.0,48474452218.5,yfinance_point_in_time_proxy,
NXST_2020-07-09,NXST,2021-06-18,2021-06-17,143.8000030517578,2021-05-26,42848800.0,6161657570.76416,yfinance_point_in_time_proxy,
NXST_2021-08-19,NXST,2022-07-20,2022-07-19,175.77999877929688,2022-07-16,40404300.0,7102267804.678345,yfinance_point_in_time_proxy,
NXST_2023-09-07,NXST,2024-01-09,2024-01-08,172.1199951171875,2024-01-06,33931000.0,5840203554.321289,yfinance_point_in_time_proxy,
NXST_2025-05-01,NXST,2025-07-23,2025-07-22,184.19000244140625,2025-07-22,30148900.0,5553125964.605713,yfinance_point_in_time_proxy,
NXT_2024-10-24,NXT,2025-04-24,2025-04-23,40.130001068115234,2025-04-23,147528000.0,5920298797.576904,yfinance_point_in_time_proxy,
NYT_2022-06-30,NYT,2022-11-11,2022-11-10,35.369998931884766,2022-11-09,165418000.0,5850834483.314514,yfinance_point_in_time_proxy,
NYT_2022-12-19,NYT,2023-11-15,2023-11-14,44.34000015258789,2023-11-14,164407008.0,7289806759.806519,yfinance_point_in_time_proxy,
NYT_2024-04-17,NYT,2024-11-22,2024-11-21,53.25,2024-11-20,163954000.0,8730550500.0,yfinance_point_in_time_proxy,
NYT_2025-04-08,NYT,2025-11-28,2025-11-26,65.05999755859375,2025-11-17,162818823.0,10592992226.873108,yfinance_point_in_time_proxy,
O_2020-11-06,O,2021-11-03,2021-11-02,69.75775146484375,2021-08-24,389388000.0,27162831327.39258,yfinance_point_in_time_proxy,
O_2023-10-30,O,2024-01-08,2024-01-05,57.91999816894531,2024-01-06,723948992.0,41931124291.049805,yfinance_point_in_time_proxy,
OC_2022-06-30,OC,2022-12-13,2022-12-12,94.8499984741211,2022-11-04,93456304.0,8864330291.796997,yfinance_point_in_time_proxy,
OC_2022-12-28,OC,2023-12-15,2023-12-14,152.77999877929688,2023-12-12,88875000.0,13578322391.51001,yfinance_point_in_time_proxy,
OC_2024-02-16,OC,2025-01-15,2025-01-14,174.60000610351562,2025-01-14,85784304.0,14977940001.98584,yfinance_point_in_time_proxy,
ODFL_2022-06-17,ODFL,2022-07-29,2022-07-28,146.5800018310547,2022-06-03,117784000.0,17264778935.668945,yfinance_point_in_time_proxy,
ODFL_2022-09-22,ODFL,2023-08-02,2023-08-01,206.31500244140625,2023-07-20,109652000.0,22622852647.70508,yfinance_point_in_time_proxy,
ODFL_2024-06-07,ODFL,2024-11-06,2024-11-05,207.00999450683594,2024-11-02,214296992.0,44361619136.751465,yfinance_point_in_time_proxy,
OGE_2020-09-21,OGE,2021-08-11,2021-08-10,35.220001220703125,2021-08-09,200174000.0,7050128524.353027,yfinance_point_in_time_proxy,
OGE_2021-09-28,OGE,2022-08-12,2022-08-11,41.099998474121094,2022-07-10,200203008.0,8228343323.314453,yfinance_point_in_time_proxy,
OGE_2023-10-02,OGE,2024-08-01,2024-07-31,38.77000045776367,2024-07-31,200548000.0,7775246051.803589,yfinance_point_in_time_proxy,
OGS_2021-09-28,OGS,2022-02-25,2022-02-24,77.61000061035156,2022-02-11,53587500.0,4158925907.7072144,yfinance_point_in_time_proxy,
OGS_2023-11-30,OGS,2024-09-13,2024-09-12,71.16000366210938,2024-09-12,56654400.0,4031527311.4746094,yfinance_point_in_time_proxy,
OHI_2022-05-02,OHI,2022-08-03,2022-08-02,31.56999969482422,2022-07-30,241614000.0,7627753906.265259,yfinance_point_in_time_proxy,
OHI_2023-03-23,OHI,2023-08-07,2023-08-04,31.639999389648438,2023-07-20,241326000.0,7635554492.706299,yfinance_point_in_time_proxy,
OHI_2024-02-05,OHI,2024-08-08,2024-08-07,37.290000915527344,2024-08-03,265276000.0,9892142282.867432,yfinance_point_in_time_proxy,
OHI_2025-01-29,OHI,2025-11-10,2025-11-07,43.540000915527344,2025-11-04,303739000.0,13224796338.08136,yfinance_point_in_time_proxy,
OKE_2021-03-24,OKE,2022-03-22,2022-03-21,68.5199966430664,2022-03-19,446212992.0,30574512713.932617,yfinance_point_in_time_proxy,
OKE_2022-09-26,OKE,2023-04-03,2023-03-31,63.540000915527344,2023-04-01,454444992.0,28875435207.736816,yfinance_point_in_time_proxy,
OKE_2023-05-16,OKE,2024-04-05,2024-04-04,79.22000122070312,2024-03-27,583158976.0,46197854790.583984,yfinance_point_in_time_proxy,
OKTA_2020-09-16,OKTA,2021-07-08,2021-07-07,250.27000427246094,2021-07-03,151900992.0,38016261916.831055,yfinance_point_in_time_proxy,
OKTA_2022-05-18,OKTA,2022-07-20,2022-07-19,95.69000244140625,2022-06-08,157779008.0,15097873660.722656,yfinance_point_in_time_proxy,
OKTA_2022-11-04,OKTA,2023-07-24,2023-07-21,70.0,2023-07-20,162360000.0,11365200000.0,yfinance_point_in_time_proxy,
OKTA_2023-10-30,OKTA,2024-07-25,2024-07-24,92.69000244140625,2024-07-24,166422000.0,15425655586.30371,yfinance_point_in_time_proxy,
OKTA_2024-09-10,OKTA,2025-07-30,2025-07-29,98.98999786376953,2025-07-26,175072992.0,17330475104.08374,yfinance_point_in_time_proxy,
OLED_2022-02-23,OLED,2022-03-29,2022-03-28,169.72999572753906,2022-03-17,48496400.0,8231293764.801025,yfinance_point_in_time_proxy,
OLED_2022-11-03,OLED,2023-03-31,2023-03-30,152.69000244140625,2023-03-30,48489100.0,7403800797.381592,yfinance_point_in_time_proxy,
OLED_2023-05-03,OLED,2024-04-09,2024-04-08,164.25999450683594,2024-04-04,47453600.0,7794728075.32959,yfinance_point_in_time_proxy,
OLED_2025-04-08,OLED,2025-05-01,2025-04-30,125.62999725341797,2025-04-30,48477800.0,6090265880.851746,yfinance_point_in_time_proxy,
OLLI_2022-03-14,OLLI,2022-04-04,2022-04-01,42.849998474121094,2022-03-29,62694000.0,2686437804.336548,yfinance_point_in_time_proxy,
OLLI_2022-05-24,OLLI,2023-04-06,2023-04-05,57.77000045776367,2023-04-01,61947500.0,3578707103.357315,yfinance_point_in_time_proxy,
OLLI_2023-06-01,OLLI,2024-04-10,2024-04-09,72.9000015258789,2024-03-27,61592300.0,4490078763.982391,yfinance_point_in_time_proxy,
OLLI_2024-04-17,OLLI,2025-04-14,2025-04-11,114.41999816894531,2025-04-11,61251000.0,7008339307.846069,yfinance_point_in_time_proxy,
OLN_2021-03-24,OLN,2022-03-22,2022-03-21,53.16999816894531,2022-03-05,156084000.0,8298985994.20166,yfinance_point_in_time_proxy,
OLN_2022-09-29,OLN,2023-03-31,2023-03-30,54.400001525878906,2023-03-30,133543000.0,7264739403.770447,yfinance_point_in_time_proxy,
OLN_2023-10-27,OLN,2024-04-04,2024-04-03,59.43000030517578,2024-03-19,119641000.0,7110264666.511536,yfinance_point_in_time_proxy,
OLN_2025-04-08,OLN,2025-08-22,2025-08-21,21.030000686645508,2025-08-21,114642000.0,2410921338.7184143,yfinance_point_in_time_proxy,
OMC_2021-01-29,OMC,2022-01-07,2022-01-06,77.77999877929688,2021-10-27,212559008.0,16532839382.768555,yfinance_point_in_time_proxy,
OMC_2022-06-16,OMC,2023-01-11,2023-01-10,85.80000305175781,2022-11-02,203916000.0,17495993422.302246,yfinance_point_in_time_proxy,
OMC_2023-10-03,OMC,2024-03-11,2024-03-08,91.69000244140625,2024-03-08,197992992.0,18153977919.86133,yfinance_point_in_time_proxy,
ON_2021-07-19,ON,2022-03-24,2022-03-23,60.38999938964844,2022-02-16,432497984.0,26118552989.78418,yfinance_point_in_time_proxy,
ON_2022-07-01,ON,2023-03-28,2023-03-27,75.66999816894531,2023-02-08,431968000.0,32687017769.04297,yfinance_point_in_time_proxy,
ON_2025-04-08,ON,2025-05-02,2025-05-01,39.599998474121094,2025-05-01,422048992.0,16713139439.204346,yfinance_point_in_time_proxy,
ONB_2022-06-16,ONB,2022-10-17,2022-10-14,18.190000534057617,2022-10-07,292892992.0,5327723680.901733,yfinance_point_in_time_proxy,
ONB_2023-05-11,ONB,2023-12-01,2023-11-30,14.890000343322754,2023-11-09,292620992.0,4357126671.343445,yfinance_point_in_time_proxy,
ONB_2024-02-13,ONB,2024-12-04,2024-12-03,23.059999465942383,2024-11-29,340900992.0,7861176693.4592285,yfinance_point_in_time_proxy,
ONB_2025-04-08,ONB,2025-12-10,2025-12-09,22.200000762939453,2025-11-17,390773000.0,8675160898.136139,yfinance_point_in_time_proxy,
ONTO_2021-01-06,ONTO,2022-01-04,2022-01-03,103.61000061035156,2021-11-09,49278400.0,5105735054.077148,yfinance_point_in_time_proxy,
ONTO_2022-10-14,ONTO,2023-01-12,2023-01-11,76.5,2022-11-12,49516900.0,3788042850.0,yfinance_point_in_time_proxy,
ONTO_2023-01-19,ONTO,2024-01-17,2024-01-16,147.5399932861328,2024-01-13,49081000.0,7241410410.476685,yfinance_point_in_time_proxy,
ONTO_2024-02-06,ONTO,2025-01-21,2025-01-17,216.58999633789062,2025-01-18,49391300.0,10697661486.123657,yfinance_point_in_time_proxy,
OPCH_2021-06-02,OPCH,2022-05-20,2022-05-19,28.889999389648438,2022-05-04,180052000.0,5201702170.10498,yfinance_point_in_time_proxy,
OPCH_2023-05-15,OPCH,2023-08-14,2023-08-11,34.599998474121094,2023-06-12,179866000.0,6223363325.546265,yfinance_point_in_time_proxy,
OPCH_2024-11-18,OPCH,2025-01-14,2025-01-13,27.719999313354492,2025-01-11,170180992.0,4717416981.385986,yfinance_point_in_time_proxy,
ORA_2022-02-23,ORA,2022-03-29,2022-03-28,79.30999755859375,2022-03-25,56056400.0,4445832947.143555,yfinance_point_in_time_proxy,
ORA_2023-11-13,ORA,2023-12-26,2023-12-22,75.88999938964844,2023-12-22,60354100.0,4580272612.162781,yfinance_point_in_time_proxy,
ORA_2025-02-03,ORA,2025-06-18,2025-06-17,80.12000274658203,2025-06-14,60662600.0,4860287678.614807,yfinance_point_in_time_proxy,
ORCL_2022-09-30,ORCL,2022-11-15,2022-11-14,78.52999877929688,2022-11-04,2699399936.0,211983873678.91406,yfinance_point_in_time_proxy,
ORCL_2022-12-07,ORCL,2023-11-17,2023-11-16,114.66999816894531,2023-11-09,2739379968.0,314124695914.60547,yfinance_point_in_time_proxy,
ORCL_2023-12-14,ORCL,2024-11-20,2024-11-19,188.89999389648438,2024-11-16,2820979968.0,532883098737.3047,yfinance_point_in_time_proxy,
ORCL_2025-04-21,ORCL,2025-11-25,2025-11-24,200.27999877929688,2025-11-17,2850792605.0,570956739449.4286,yfinance_point_in_time_proxy,
ORI_2020-10-27,ORI,2021-10-22,2021-10-21,24.81999969482422,2021-08-05,305737984.0,7588416669.576172,yfinance_point_in_time_proxy,
ORI_2022-06-17,ORI,2023-01-26,2023-01-25,24.700000762939453,2022-11-09,304304000.0,7516309032.165527,yfinance_point_in_time_proxy,
ORI_2023-03-23,ORI,2024-03-20,2024-03-19,29.450000762939453,2024-03-19,278184000.0,8192519012.237549,yfinance_point_in_time_proxy,
ORI_2024-04-17,ORI,2025-03-25,2025-03-24,38.380001068115234,2025-03-22,248191008.0,9525571152.136597,yfinance_point_in_time_proxy,
ORLY_2021-01-29,ORLY,2021-12-06,2021-12-03,43.94533157348633,2021-11-10,67378400.0,2960966128.890991,yfinance_point_in_time_proxy,
ORLY_2022-05-20,ORLY,2022-12-07,2022-12-06,55.310665130615234,2022-11-11,62575900.0,3461114650.146866,yfinance_point_in_time_proxy,
ORLY_2023-01-27,ORLY,2024-01-18,2024-01-17,66.14399719238281,2024-01-16,59162200.0,3913224390.6951904,yfinance_point_in_time_proxy,
ORLY_2024-06-03,ORLY,2025-01-23,2025-01-22,82.75533294677734,2025-01-18,57730700.0,4777523299.750519,yfinance_point_in_time_proxy,
OSK_2020-11-13,OSK,2021-11-12,2021-11-11,115.31999969482422,2021-09-09,69301104.0,7991803292.130981,yfinance_point_in_time_proxy,
OSK_2022-09-30,OSK,2022-11-15,2022-11-14,92.69000244140625,2022-11-01,65393800.0,6061351481.652832,yfinance_point_in_time_proxy,
OSK_2023-05-16,OSK,2023-11-17,2023-11-16,95.56999969482422,2023-11-14,65413500.0,6251568175.037384,yfinance_point_in_time_proxy,
OSK_2025-04-08,OSK,2025-05-19,2025-05-16,102.16000366210938,2025-05-16,64373100.0,6576356131.741333,yfinance_point_in_time_proxy,
OTIS_2022-09-30,OTIS,2023-01-12,2023-01-11,81.9000015258789,2022-12-05,416585984.0,34118392725.259766,yfinance_point_in_time_proxy,
OTIS_2023-10-25,OTIS,2024-03-08,2024-03-07,96.94000244140625,2024-03-07,405455008.0,39304809465.40039,yfinance_point_in_time_proxy,
OVV_2021-08-19,OVV,2022-05-04,2022-05-03,55.189998626708984,2022-05-03,259248000.0,14307896763.97705,yfinance_point_in_time_proxy,
OVV_2023-05-16,OVV,2023-07-19,2023-07-18,40.86000061035156,2023-07-07,276302016.0,11289700542.401367,yfinance_point_in_time_proxy,
OVV_2025-04-08,OVV,2025-06-11,2025-06-10,39.369998931884766,2025-06-10,259815008.0,10228916587.447632,yfinance_point_in_time_proxy,
OXY_2021-08-20,OXY,2022-03-29,2022-03-28,56.63999938964844,2022-03-22,934064000.0,52905384389.89258,yfinance_point_in_time_proxy,
OXY_2025-04-08,OXY,2025-08-27,2025-08-26,46.040000915527344,2025-08-22,984440000.0,45323618501.28174,yfinance_point_in_time_proxy,
OZK_2022-06-16,OZK,2022-11-10,2022-11-09,43.9900016784668,2022-10-28,119537000.0,5258432830.6388855,yfinance_point_in_time_proxy,
OZK_2023-05-11,OZK,2023-11-14,2023-11-13,37.70000076293945,2023-11-11,113136000.0,4265227286.315918,yfinance_point_in_time_proxy,
OZK_2024-06-14,OZK,2024-11-15,2024-11-14,47.77000045776367,2024-11-09,115718000.0,5527848912.971497,yfinance_point_in_time_proxy,
OZK_2025-04-08,OZK,2025-12-10,2025-12-09,46.630001068115234,2025-11-17,111877850.0,5216864264.998436,yfinance_point_in_time_proxy,
PAG_2020-10-30,PAG,2021-10-29,2021-10-28,105.80000305175781,2021-08-02,80328704.0,8498777128.34375,yfinance_point_in_time_proxy,
PAG_2022-02-23,PAG,2022-11-10,2022-11-09,113.97000122070312,2022-11-02,71303504.0,8126460437.92041,yfinance_point_in_time_proxy,
PAG_2022-12-22,PAG,2023-11-14,2023-11-13,149.55999755859375,2023-11-09,67214096.0,10052540033.663086,yfinance_point_in_time_proxy,
PAG_2025-04-08,PAG,2025-07-02,2025-07-01,177.80999755859375,2025-07-01,66168400.0,11765403042.456055,yfinance_point_in_time_proxy,
PANW_2020-10-30,PANW,2021-10-15,2021-10-14,83.83000183105469,2021-09-17,97406096.0,8165553206.035889,yfinance_point_in_time_proxy,
PANW_2023-01-10,PANW,2023-02-15,2023-02-14,85.06999969482422,2022-12-07,302356992.0,25721509217.16797,yfinance_point_in_time_proxy,
PANW_2023-02-21,PANW,2024-02-20,2024-02-16,183.2050018310547,2024-01-05,319132000.0,58466578644.348145,yfinance_point_in_time_proxy,
PANW_2024-04-04,PANW,2025-02-24,2025-02-21,191.02999877929688,2025-02-18,662099968.0,126480956078.8125,yfinance_point_in_time_proxy,
PATH_2022-11-09,PATH,2023-06-29,2023-06-28,17.15999984741211,2023-06-11,561161984.0,9629539559.813477,yfinance_point_in_time_proxy,
PATH_2024-08-07,PATH,2024-11-22,2024-11-21,13.680000305175781,2024-11-21,549958016.0,7523425826.713867,yfinance_point_in_time_proxy,
PATH_2025-04-07,PATH,2025-11-28,2025-11-26,13.59000015258789,2025-11-17,535038853.0,7271178093.91045,yfinance_point_in_time_proxy,
PAYC_2020-09-11,PAYC,2021-07-01,2021-06-30,363.4700012207031,2021-05-11,60183300.0,21874824124.465942,yfinance_point_in_time_proxy,
PAYC_2022-06-16,PAYC,2022-08-03,2022-08-02,337.8599853515625,2022-06-05,60254000.0,20357415557.373047,yfinance_point_in_time_proxy,
PAYC_2023-11-01,PAYC,2023-12-13,2023-12-12,189.44000244140625,2023-12-12,57700800.0,10930839692.871094,yfinance_point_in_time_proxy,
PAYC_2024-07-09,PAYC,2024-12-16,2024-12-13,234.5,2024-12-14,57662000.0,13521739000.0,yfinance_point_in_time_proxy,
PAYX_2021-04-07,PAYX,2022-03-29,2022-03-28,129.8699951171875,2022-02-11,360756992.0,46851508789.53125,yfinance_point_in_time_proxy,
PAYX_2023-11-01,PAYX,2024-10-01,2024-09-30,134.19000244140625,2024-09-28,359742016.0,48273782005.31641,yfinance_point_in_time_proxy,
PB_2020-10-28,PB,2021-10-26,2021-10-25,75.36000061035156,2021-09-10,93436400.0,7041367161.029053,yfinance_point_in_time_proxy,
PB_2023-10-24,PB,2023-12-14,2023-12-13,64.88999938964844,2023-12-12,93715000.0,6081166292.800903,yfinance_point_in_time_proxy,
PB_2024-06-14,PB,2024-12-17,2024-12-16,79.98999786376953,2024-12-14,95264704.0,7620223469.452637,yfinance_point_in_time_proxy,
PBF_2020-11-12,PBF,2021-11-10,2021-11-09,15.699999809265137,2021-11-02,120246000.0,1887862177.0648956,yfinance_point_in_time_proxy,
PBF_2021-12-16,PBF,2022-11-11,2022-11-10,46.68000030517578,2022-10-27,122520000.0,5719233637.390137,yfinance_point_in_time_proxy,
PBF_2023-05-04,PBF,2023-11-15,2023-11-14,45.52000045776367,2023-11-11,122201000.0,5562589575.939178,yfinance_point_in_time_proxy,
PBF_2025-04-08,PBF,2025-05-06,2025-05-05,18.440000534057617,2025-05-03,115647000.0,2132530741.7621613,yfinance_point_in_time_proxy,
PCAR_2022-07-14,PCAR,2022-11-11,2022-11-10,67.94000244140625,2022-11-01,347768000.0,23627358769.04297,yfinance_point_in_time_proxy,
PCAR_2023-01-05,PCAR,2023-11-15,2023-11-14,90.66999816894531,2023-11-14,524860000.0,47589055238.95264,yfinance_point_in_time_proxy,
PCAR_2023-11-28,PCAR,2024-11-21,2024-11-20,109.98999786376953,2024-11-20,524300992.0,57667864990.052246,yfinance_point_in_time_proxy,
PCAR_2025-04-08,PCAR,2025-12-10,2025-12-09,108.91000366210938,2025-11-17,525204359.0,57200008662.04581,yfinance_point_in_time_proxy,
PCG_2021-08-05,PCG,2021-11-23,2021-11-22,12.239999771118164,2021-11-16,2227940096.0,27269986265.10498,yfinance_point_in_time_proxy,
PCG_2022-06-17,PCG,2022-11-25,2022-11-23,15.239999771118164,2022-10-30,1987699968.0,30292547057.371582,yfinance_point_in_time_proxy,
PCG_2023-10-04,PCG,2024-08-30,2024-08-29,19.600000381469727,2024-08-29,2615200000.0,51257920997.61963,yfinance_point_in_time_proxy,
PCTY_2022-06-16,PCTY,2022-07-28,2022-07-27,196.89999389648438,2022-05-10,55124800.0,10854072783.544922,yfinance_point_in_time_proxy,
PCTY_2023-05-12,PCTY,2023-08-01,2023-07-31,226.85000610351562,2023-07-20,55814500.0,12661519665.664673,yfinance_point_in_time_proxy,
PCTY_2024-06-28,PCTY,2024-10-16,2024-10-15,169.0399932861328,2024-10-15,55567200.0,9393079114.9292,yfinance_point_in_time_proxy,
PDD_2021-08-19,PDD,2021-10-13,2021-10-12,93.5199966430664,2021-09-15,1253289984.0,117207675096.46875,yfinance_point_in_time_proxy,
PDD_2022-03-14,PDD,2022-10-14,2022-10-13,55.369998931884766,2022-10-12,1322259968.0,73213533015.83398,yfinance_point_in_time_proxy,
PDD_2022-10-24,PDD,2023-10-18,2023-10-17,104.8499984741211,2023-09-10,1328589952.0,139302654439.93262,yfinance_point_in_time_proxy,
PDD_2024-08-28,PDD,2024-10-21,2024-10-18,124.62000274658203,2024-10-15,1388770048.0,173068527196.13086,yfinance_point_in_time_proxy,
PDD_2025-04-10,PDD,2025-10-24,2025-10-23,133.2899932861328,2025-10-15,1419646462.0,189224667388.6622,yfinance_point_in_time_proxy,
PEG_2023-10-02,PEG,2024-05-01,2024-04-30,69.08000183105469,2024-04-30,498587008.0,34442391425.58008,yfinance_point_in_time_proxy,
PEGA_2022-10-11,PEGA,2023-02-01,2023-01-31,19.440000534057617,2022-11-02,82191000.0,1597793083.8947296,yfinance_point_in_time_proxy,
PEGA_2023-02-10,PEGA,2024-02-06,2024-02-05,24.520000457763672,2024-02-01,83555904.0,2048790804.3288574,yfinance_point_in_time_proxy,
PEGA_2024-02-13,PEGA,2025-02-10,2025-02-07,52.73500061035156,2025-02-08,85753800.0,4522226695.339966,yfinance_point_in_time_proxy,
PEN_2020-12-16,PEN,2021-12-02,2021-12-01,243.50999450683594,2021-11-28,37358800.0,9097241182.781982,yfinance_point_in_time_proxy,
PEN_2022-06-16,PEN,2022-12-05,2022-12-02,210.85000610351562,2022-12-04,37978500.0,8007766956.802368,yfinance_point_in_time_proxy,
PEN_2023-11-10,PEN,2023-12-13,2023-12-12,229.3699951171875,2023-12-12,38596400.0,8852856079.541016,yfinance_point_in_time_proxy,
PEN_2024-08-07,PEN,2024-12-16,2024-12-13,245.5500030517578,2024-12-14,39646800.0,9735271860.992432,yfinance_point_in_time_proxy,
PEN_2025-11-05,PEN,2025-12-19,2025-12-18,315.3500061035156,2025-11-17,39162177.0,12349792755.97696,yfinance_point_in_time_proxy,
PEP_2021-03-03,PEP,2021-11-03,2021-11-02,162.74000549316406,2021-10-19,1388950016.0,226037733233.5703,yfinance_point_in_time_proxy,
PFE_2021-04-29,PFE,2022-04-27,2022-04-26,49.029998779296875,2022-04-02,5647770112.0,276910161697.1094,yfinance_point_in_time_proxy,
PFE_2025-04-10,PFE,2025-10-01,2025-09-30,25.479999542236328,2025-09-26,5803597947.0,147875673032.8837,yfinance_point_in_time_proxy,
PFG_2021-07-19,PFG,2022-04-19,2022-04-18,73.91999816894531,2022-04-06,252236000.0,18645284658.14209,yfinance_point_in_time_proxy,
PFG_2022-07-14,PFG,2023-07-11,2023-07-10,76.68000030517578,2023-07-07,242775008.0,18615987687.529053,yfinance_point_in_time_proxy,
PFG_2023-10-25,PFG,2024-07-12,2024-07-11,83.87999725341797,2024-07-11,234384000.0,19660129276.245117,yfinance_point_in_time_proxy,
PFG_2025-04-08,PFG,2025-12-09,2025-12-08,86.87999725341797,2025-11-17,222768442.0,19354121629.1082,yfinance_point_in_time_proxy,
PFGC_2021-12-01,PFGC,2022-02-09,2022-02-08,45.560001373291016,2021-12-04,156292000.0,7120663734.634399,yfinance_point_in_time_proxy,
PFGC_2022-05-24,PFGC,2023-02-13,2023-02-10,58.7400016784668,2023-02-10,156140000.0,9171663862.075806,yfinance_point_in_time_proxy,
PFGC_2023-10-12,PFGC,2024-02-15,2024-02-14,72.36000061035156,2024-02-14,155586000.0,11258203054.962158,yfinance_point_in_time_proxy,
PFGC_2024-07-09,PFGC,2025-02-20,2025-02-19,86.86000061035156,2025-02-19,156216000.0,13568921855.34668,yfinance_point_in_time_proxy,
PG_2021-03-04,PG,2021-12-13,2021-12-10,155.4600067138672,2021-11-27,2439480064.0,379241587127.78516,yfinance_point_in_time_proxy,
PG_2022-10-10,PG,2023-08-03,2023-08-02,156.58999633789062,2023-07-21,2356969984.0,369077921163.0781,yfinance_point_in_time_proxy,
PGR_2021-02-16,PGR,2022-01-07,2022-01-06,105.25,2021-12-21,584400000.0,61508100000.0,yfinance_point_in_time_proxy,
PGR_2022-02-24,PGR,2023-01-13,2023-01-12,132.94000244140625,2022-11-20,585000000.0,77769901428.22266,yfinance_point_in_time_proxy,
PGR_2023-07-13,PGR,2024-01-18,2024-01-17,169.88999938964844,2024-01-05,585299968.0,99436611206.28125,yfinance_point_in_time_proxy,
PH_2022-06-17,PH,2022-08-12,2022-08-11,302.260009765625,2022-05-10,128372000.0,38801721973.63281,yfinance_point_in_time_proxy,
PH_2022-09-27,PH,2023-08-16,2023-08-15,408.760009765625,2023-07-13,128296000.0,52442274212.890625,yfinance_point_in_time_proxy,
PH_2023-10-27,PH,2024-08-19,2024-08-16,583.4000244140625,2024-08-17,128541000.0,74990822538.20801,yfinance_point_in_time_proxy,
PH_2025-04-04,PH,2025-08-22,2025-08-21,733.0499877929688,2025-08-16,127778000.0,93667661340.20996,yfinance_point_in_time_proxy,
PHM_2020-11-09,PHM,2021-07-26,2021-07-23,54.06999969482422,2021-06-25,262966000.0,14218571539.749146,yfinance_point_in_time_proxy,
PHM_2022-06-17,PHM,2022-12-15,2022-12-14,46.33000183105469,2022-10-27,227820000.0,10554901017.150879,yfinance_point_in_time_proxy,
PHM_2022-12-20,PHM,2023-12-19,2023-12-18,102.0,2023-12-15,215595008.0,21990690816.0,yfinance_point_in_time_proxy,
PHM_2025-04-08,PHM,2025-07-22,2025-07-21,108.6500015258789,2025-07-19,200427008.0,21776394725.027344,yfinance_point_in_time_proxy,
PII_2022-10-20,PII,2023-02-15,2023-02-14,117.55000305175781,2023-02-14,57958500.0,6813021851.875305,yfinance_point_in_time_proxy,
PII_2025-04-08,PII,2025-06-04,2025-06-03,40.61000061035156,2025-05-31,56197800.0,2282192692.300415,yfinance_point_in_time_proxy,
PINS_2020-06-26,PINS,2021-06-25,2021-06-24,76.27999877929688,2021-05-19,636860992.0,48579755692.3418,yfinance_point_in_time_proxy,
PINS_2022-06-14,PINS,2022-08-03,2022-08-02,22.309999465942383,2022-07-30,663484992.0,14802349817.180786,yfinance_point_in_time_proxy,
PINS_2022-08-23,PINS,2023-08-07,2023-08-04,26.65999984741211,2023-07-15,683756992.0,18228961302.386963,yfinance_point_in_time_proxy,
PINS_2023-10-26,PINS,2024-08-19,2024-08-16,31.010000228881836,2024-08-17,678672000.0,21045618875.335693,yfinance_point_in_time_proxy,
PINS_2025-04-21,PINS,2025-08-22,2025-08-21,34.869998931884766,2025-08-21,679929984.0,23709157815.836426,yfinance_point_in_time_proxy,
PK_2022-12-21,PK,2023-01-26,2023-01-25,13.6899995803833,2023-01-05,224843008.0,3078100685.172119,yfinance_point_in_time_proxy,
PK_2023-03-23,PK,2024-01-30,2024-01-29,15.760000228881836,2024-01-27,209984000.0,3309347888.0615234,yfinance_point_in_time_proxy,
PK_2025-04-08,PK,2025-07-10,2025-07-09,10.829999923706055,2025-07-08,204418000.0,2213846924.4041443,yfinance_point_in_time_proxy,
PKG_2021-12-10,PKG,2022-05-04,2022-05-03,161.69000244140625,2022-03-29,93703800.0,15150967650.769043,yfinance_point_in_time_proxy,
PKG_2022-09-26,PKG,2023-07-25,2023-07-24,138.6699981689453,2023-07-13,89932200.0,12470898009.329224,yfinance_point_in_time_proxy,
PKG_2023-08-24,PKG,2024-07-26,2024-07-25,194.24000549316406,2024-07-25,89798000.0,17442364013.275146,yfinance_point_in_time_proxy,
PLD_2021-04-14,PLD,2022-04-11,2022-04-08,168.64999389648438,2022-03-31,742707008.0,125257532366.07617,yfinance_point_in_time_proxy,
PLD_2022-10-10,PLD,2023-05-05,2023-05-04,124.87999725341797,2023-05-03,923465984.0,115322429545.54492,yfinance_point_in_time_proxy,
PLD_2023-10-27,PLD,2024-07-19,2024-07-18,122.62000274658203,2024-06-21,933393024.0,114452655166.52051,yfinance_point_in_time_proxy,
PLD_2025-04-08,PLD,2025-09-18,2025-09-17,113.88999938964844,2025-09-17,928063000.0,105697094503.5553,yfinance_point_in_time_proxy,
PLNT_2020-10-28,PLNT,2021-10-20,2021-10-19,81.1500015258789,2021-10-07,83233400.0,6754390537.004089,yfinance_point_in_time_proxy,
PLNT_2022-09-23,PLNT,2022-11-15,2022-11-14,72.04000091552734,2022-11-12,89561400.0,6452003337.995911,yfinance_point_in_time_proxy,
PLNT_2023-09-26,PLNT,2023-11-17,2023-11-16,63.66999816894531,2023-11-11,88146896.0,5612312706.918213,yfinance_point_in_time_proxy,
PLNT_2024-03-19,PLNT,2024-11-20,2024-11-19,97.87000274658203,2024-11-19,84180600.0,8238755553.208923,yfinance_point_in_time_proxy,
PLTR_2022-12-27,PLTR,2023-02-01,2023-01-31,7.78000020980835,2022-11-16,2080189952.0,16183878263.00122,yfinance_point_in_time_proxy,
PLTR_2023-03-10,PLTR,2024-02-05,2024-02-02,17.020000457763672,2024-02-02,2144009984.0,36491050909.12988,yfinance_point_in_time_proxy,
PLTR_2024-04-19,PLTR,2025-02-07,2025-02-06,111.27999877929688,2025-02-04,2278020096.0,253498073502.09375,yfinance_point_in_time_proxy,
PM_2020-10-28,PM,2021-07-27,2021-07-26,99.04000091552734,2021-07-13,1558540032.0,154357806196.16602,yfinance_point_in_time_proxy,
PM_2023-10-27,PM,2024-07-23,2024-07-22,107.22000122070312,2024-07-20,1554560000.0,166679925097.65625,yfinance_point_in_time_proxy,
PNC_2020-09-23,PNC,2021-07-16,2021-07-15,189.5,2021-05-10,424857984.0,80510587968.0,yfinance_point_in_time_proxy,
PNC_2023-05-12,PNC,2023-12-13,2023-12-12,140.85000610351562,2023-12-12,398340992.0,56106331154.48047,yfinance_point_in_time_proxy,
PNC_2024-02-26,PNC,2024-12-16,2024-12-13,201.5,2024-12-14,396783008.0,79951776112.0,yfinance_point_in_time_proxy,
PNC_2025-04-08,PNC,2025-12-19,2025-12-18,209.5,2025-11-17,392936988.0,82320298986.0,yfinance_point_in_time_proxy,
PNFP_2023-05-04,PNFP,2023-07-12,2023-07-11,59.43000030517578,2023-07-08,76743400.0,4560860285.420227,yfinance_point_in_time_proxy,
PNFP_2024-08-05,PNFP,2025-07-18,2025-07-17,118.87999725341797,2025-07-16,77556096.0,9219868479.46582,yfinance_point_in_time_proxy,
PNR_2020-12-14,PNR,2021-12-10,2021-12-09,73.4000015258789,2021-11-18,165478000.0,12146085452.49939,yfinance_point_in_time_proxy,
PNR_2022-10-20,PNR,2023-01-25,2023-01-24,50.380001068115234,2022-11-04,164498000.0,8287409415.70282,yfinance_point_in_time_proxy,
PNR_2023-01-30,PNR,2024-01-29,2024-01-26,72.44000244140625,2024-01-27,165299008.0,11974260543.082031,yfinance_point_in_time_proxy,
PNR_2024-02-05,PNR,2025-01-31,2025-01-30,103.45999908447266,2025-01-30,165231008.0,17094799936.406494,yfinance_point_in_time_proxy,
PNW_2021-11-09,PNW,2022-04-06,2022-04-05,78.5,2022-03-22,112932000.0,8865162000.0,yfinance_point_in_time_proxy,
PNW_2022-10-12,PNW,2023-04-11,2023-04-10,80.41999816894531,2023-04-08,113251000.0,9107645212.631226,yfinance_point_in_time_proxy,
PNW_2024-02-08,PNW,2024-07-30,2024-07-29,85.19000244140625,2024-07-25,113559000.0,9674091487.243652,yfinance_point_in_time_proxy,
PODD_2020-09-08,PODD,2021-08-16,2021-08-13,287.57000732421875,2021-08-10,68873904.0,19806069077.72754,yfinance_point_in_time_proxy,
PODD_2022-05-11,PODD,2022-08-17,2022-08-16,268.6099853515625,2022-08-09,69403600.0,18642499979.345703,yfinance_point_in_time_proxy,
PODD_2023-10-12,PODD,2023-11-14,2023-11-13,163.7100067138672,2023-11-11,69827600.0,11431476864.813232,yfinance_point_in_time_proxy,
PODD_2024-05-13,PODD,2024-11-15,2024-11-14,261.1600036621094,2024-11-14,70144800.0,18319016224.87793,yfinance_point_in_time_proxy,
PODD_2025-03-10,PODD,2025-11-20,2025-11-19,346.3599853515625,2025-11-17,70392535.0,24381157391.45935,yfinance_point_in_time_proxy,
POOL_2022-10-20,POOL,2023-01-27,2023-01-26,364.4100036621094,2023-01-25,39050600.0,14230429289.007568,yfinance_point_in_time_proxy,
POOL_2023-10-27,POOL,2024-03-01,2024-02-29,398.1199951171875,2024-02-22,38679200.0,15398962915.136719,yfinance_point_in_time_proxy,
POR_2021-03-02,POR,2022-01-18,2022-01-14,53.20000076293945,2021-11-06,89409600.0,4756590788.214111,yfinance_point_in_time_proxy,
POR_2023-10-02,POR,2024-09-04,2024-09-03,48.5099983215332,2024-08-30,103067000.0,4999779997.005463,yfinance_point_in_time_proxy,
POST_2021-12-01,POST,2022-05-06,2022-05-05,75.5,2022-03-31,61859600.0,4670399800.0,yfinance_point_in_time_proxy,
POST_2023-10-12,POST,2024-02-05,2024-02-02,101.01000213623047,2024-02-03,60681200.0,6129408141.629028,yfinance_point_in_time_proxy,
PPC_2021-07-19,PPC,2022-02-01,2022-01-31,27.969999313354492,2021-11-07,243676000.0,6815617552.680969,yfinance_point_in_time_proxy,
PPC_2023-06-27,PPC,2023-11-14,2023-11-13,26.1299991607666,2023-11-10,236790000.0,6187322501.277924,yfinance_point_in_time_proxy,
PPC_2023-11-29,PPC,2024-11-15,2024-11-14,50.33000183105469,2024-11-14,237123008.0,11934401426.825195,yfinance_point_in_time_proxy,
PPG_2020-10-28,PPG,2021-10-21,2021-10-20,160.42999267578125,2021-09-11,239730000.0,38459882144.16504,yfinance_point_in_time_proxy,
PPG_2022-06-16,PPG,2023-04-03,2023-03-31,133.5800018310547,2023-04-01,242156000.0,32347198923.40088,yfinance_point_in_time_proxy,
PPG_2025-04-08,PPG,2025-07-02,2025-07-01,116.41000366210938,2025-06-18,226975008.0,26422161512.487305,yfinance_point_in_time_proxy,
PPL_2023-10-02,PPL,2024-05-09,2024-05-08,28.520000457763672,2024-05-08,737740992.0,21040373429.551025,yfinance_point_in_time_proxy,
PPL_2024-07-01,PPL,2025-05-16,2025-05-15,34.41999816894531,2025-05-14,739264000.0,25445465526.367188,yfinance_point_in_time_proxy,
PR_2020-10-28,PR,2021-09-17,2021-09-16,5.619999885559082,,,,yfinance_point_in_time_proxy,missing_shares_outstanding_on_or_before_entry
PR_2022-07-14,PR,2022-09-20,2022-09-19,7.519999980926514,2022-09-15,557304000.0,4190926069.37027,yfinance_point_in_time_proxy,
PR_2022-09-26,PR,2023-09-22,2023-09-21,13.289999961853027,2023-09-21,568124032.0,7550368363.607788,yfinance_point_in_time_proxy,
PR_2023-12-06,PR,2024-11-21,2024-11-20,15.460000038146973,2024-11-20,803363968.0,12420006975.925903,yfinance_point_in_time_proxy,
PR_2025-04-08,PR,2025-11-26,2025-11-25,14.109999656677246,2025-11-17,842621604.0,11889390543.14883,yfinance_point_in_time_proxy,
PRI_2022-06-16,PRI,2022-10-31,2022-10-28,143.02999877929688,2022-10-22,37453100.0,5356916847.280884,yfinance_point_in_time_proxy,
PRI_2022-12-19,PRI,2023-11-02,2023-11-01,194.3800048828125,2023-10-31,35766800.0,6952350758.642578,yfinance_point_in_time_proxy,
PRI_2023-11-07,PRI,2024-11-05,2024-11-04,274.8900146484375,2024-11-01,33827500.0,9298841970.52002,yfinance_point_in_time_proxy,
PRU_2021-04-22,PRU,2022-04-20,2022-04-19,119.41999816894531,2022-03-28,376425984.0,44952790320.02344,yfinance_point_in_time_proxy,
PRU_2023-03-23,PRU,2023-09-14,2023-09-13,96.58000183105469,2023-09-07,363500000.0,35106830665.58838,yfinance_point_in_time_proxy,
PRU_2023-10-27,PRU,2024-09-17,2024-09-16,117.7300033569336,2024-09-11,357840992.0,42128621189.40845,yfinance_point_in_time_proxy,
PSA_2020-08-27,PSA,2021-08-26,2021-08-25,316.3800048828125,2021-08-24,176892000.0,55965091823.73047,yfinance_point_in_time_proxy,
PSA_2023-10-25,PSA,2023-12-28,2023-12-27,305.2799987792969,2023-12-26,176323008.0,53827887667.00195,yfinance_point_in_time_proxy,
PSKY_2022-02-22,PSKY,2022-03-25,2022-03-24,37.88999938964844,,,,yfinance_point_in_time_proxy,missing_shares_outstanding_on_or_before_entry
PSKY_2022-11-09,PSKY,2023-03-29,2023-03-28,21.40999984741211,,,,yfinance_point_in_time_proxy,missing_shares_outstanding_on_or_before_entry
PSKY_2024-03-05,PSKY,2024-04-03,2024-04-02,11.760000228881836,,,,yfinance_point_in_time_proxy,missing_shares_outstanding_on_or_before_entry
PSN_2020-10-28,PSN,2021-07-21,2021-07-20,39.16999816894531,2021-07-14,102409000.0,4011360342.4835205,yfinance_point_in_time_proxy,
PSN_2022-01-28,PSN,2022-07-22,2022-07-21,41.5,2022-05-13,103730000.0,4304795000.0,yfinance_point_in_time_proxy,
PSN_2022-09-27,PSN,2023-08-02,2023-08-01,49.5099983215332,2023-07-20,104857000.0,5191469894.001007,yfinance_point_in_time_proxy,
PSN_2025-03-03,PSN,2025-08-08,2025-08-07,76.87000274658203,2025-08-07,106794000.0,8209255073.318481,yfinance_point_in_time_proxy,
PSTG_2021-05-12,PSTG,2022-02-15,2022-02-14,26.18000030517578,2022-02-11,289947008.0,7590812757.924805,yfinance_point_in_time_proxy,
PSTG_2022-05-24,PSTG,2023-02-17,2023-02-16,31.59000015258789,2022-12-19,302585984.0,9558691280.730957,yfinance_point_in_time_proxy,
PSTG_2023-05-04,PSTG,2024-02-22,2024-02-21,39.22999954223633,2024-02-16,315972992.0,12395620331.519043,yfinance_point_in_time_proxy,
PSTG_2024-02-27,PSTG,2025-02-26,2025-02-25,61.29999923706055,2025-02-25,326236992.0,19998327360.700928,yfinance_point_in_time_proxy,
PSX_2020-10-28,PSX,2021-07-15,2021-07-14,78.54000091552734,2021-05-04,437867008.0,34390075209.19922,yfinance_point_in_time_proxy,
PSX_2021-09-20,PSX,2022-07-18,2022-07-15,81.63999938964844,2022-07-09,481100000.0,39277003706.35986,yfinance_point_in_time_proxy,
PSX_2022-09-26,PSX,2023-07-20,2023-07-19,102.45999908447266,2023-07-13,458862016.0,47015001739.25928,yfinance_point_in_time_proxy,
PSX_2023-07-24,PSX,2024-07-23,2024-07-22,140.11000061035156,2024-07-20,423952000.0,59399914978.759766,yfinance_point_in_time_proxy,
PSX_2025-04-08,PSX,2025-07-28,2025-07-25,124.97000122070312,2025-07-12,407436992.0,50917401387.59961,yfinance_point_in_time_proxy,
PTC_2022-04-27,PTC,2022-11-10,2022-11-09,125.83000183105469,2022-11-02,117466000.0,14780746995.08667,yfinance_point_in_time_proxy,
PTC_2023-03-13,PTC,2023-11-14,2023-11-13,152.13999938964844,2023-11-11,118833000.0,18079252547.470093,yfinance_point_in_time_proxy,
PTC_2025-04-08,PTC,2025-07-08,2025-07-07,174.82000732421875,2025-07-04,119948000.0,20969310238.52539,yfinance_point_in_time_proxy,
PVH_2020-10-30,PVH,2021-09-13,2021-09-10,109.12999725341797,2021-06-22,71359696.0,7787483428.484741,yfinance_point_in_time_proxy,
PVH_2022-09-30,PVH,2022-11-11,2022-11-10,56.25,2022-10-22,65221200.0,3668692500.0,yfinance_point_in_time_proxy,
PVH_2022-11-21,PVH,2023-11-15,2023-11-14,81.3499984741211,2023-11-14,60424900.0,4915565522.79892,yfinance_point_in_time_proxy,
PVH_2025-04-08,PVH,2025-05-12,2025-05-09,74.44999694824219,2025-05-10,52636900.0,3918817044.364929,yfinance_point_in_time_proxy,
PWR_2021-07-19,PWR,2022-03-29,2022-03-28,135.5399932861328,2022-03-18,142690000.0,19340201641.99829,yfinance_point_in_time_proxy,
PWR_2022-05-11,PWR,2023-03-31,2023-03-30,166.52000427246094,2023-03-30,145923008.0,24299099915.61035,yfinance_point_in_time_proxy,
PWR_2023-04-06,PWR,2024-04-04,2024-04-03,262.2900085449219,2024-03-28,145748992.0,38228504357.09375,yfinance_point_in_time_proxy,
PWR_2025-03-10,PWR,2025-05-01,2025-04-30,292.69000244140625,2025-04-30,148264000.0,43395390521.97266,yfinance_point_in_time_proxy,
PYPL_2020-09-18,PYPL,2021-09-17,2021-09-16,282.9700012207031,2021-08-02,1175030016.0,332498245061.8828,yfinance_point_in_time_proxy,
PYPL_2022-07-14,PYPL,2022-09-20,2022-09-19,95.02999877929688,2022-09-17,1156480000.0,109900292988.28125,yfinance_point_in_time_proxy,
PYPL_2023-10-27,PYPL,2024-01-19,2024-01-18,62.09000015258789,2024-01-18,1078140032.0,66941714751.39111,yfinance_point_in_time_proxy,
PYPL_2024-02-08,PYPL,2025-01-23,2025-01-22,89.8499984741211,2025-01-22,1025320000.0,92125000435.48584,yfinance_point_in_time_proxy,
QCOM_2022-11-03,QCOM,2023-02-01,2023-01-31,133.2100067138672,2023-01-21,1117190016.0,148820889532.0254,yfinance_point_in_time_proxy,
QCOM_2023-05-24,QCOM,2024-02-05,2024-02-02,141.69000244140625,2024-02-02,1116000000.0,158126042724.60938,yfinance_point_in_time_proxy,
QCOM_2025-04-08,QCOM,2025-07-02,2025-07-01,159.39999389648438,2025-06-19,1098000000.0,175021193298.33984,yfinance_point_in_time_proxy,
QLYS_2020-10-30,QLYS,2021-08-25,2021-08-24,112.02999877929688,2021-08-21,38969800.0,4365786646.429443,yfinance_point_in_time_proxy,
QLYS_2021-10-04,QLYS,2022-08-26,2022-08-25,158.17999267578125,2022-08-13,38363600.0,6068353967.016602,yfinance_point_in_time_proxy,
QLYS_2023-01-05,QLYS,2023-08-30,2023-08-29,153.1199951171875,2023-08-21,36712100.0,5621356572.741699,yfinance_point_in_time_proxy,
QLYS_2024-10-31,QLYS,2024-11-06,2024-11-05,128.22999572753906,2024-11-05,36811000.0,4720274372.72644,yfinance_point_in_time_proxy,
QLYS_2025-04-08,QLYS,2025-11-11,2025-11-10,151.99000549316406,2025-11-06,35858308.0,5450104429.895569,yfinance_point_in_time_proxy,
R_2022-04-11,R,2022-05-13,2022-05-12,71.4800033569336,2022-05-02,51136700.0,3655251487.662506,yfinance_point_in_time_proxy,
R_2022-09-26,R,2023-06-30,2023-06-29,84.08999633789062,2023-05-17,46492200.0,3909528927.7404785,yfinance_point_in_time_proxy,
R_2023-07-06,R,2024-07-03,2024-07-02,123.69999694824219,2024-07-02,43828800.0,5421622426.245117,yfinance_point_in_time_proxy,
R_2024-07-09,R,2025-07-09,2025-07-08,170.1999969482422,2025-07-08,41905000.0,7132230872.116089,yfinance_point_in_time_proxy,
RBA_2021-03-04,RBA,2021-10-22,2021-10-21,67.29000091552734,2021-10-20,110371000.0,7426864691.047668,yfinance_point_in_time_proxy,
RBA_2022-02-23,RBA,2022-10-28,2022-10-27,63.72999954223633,2022-10-22,110810000.0,7061921249.2752075,yfinance_point_in_time_proxy,
RBA_2022-11-08,RBA,2023-11-01,2023-10-31,65.4000015258789,2023-10-31,182140992.0,11912021154.725098,yfinance_point_in_time_proxy,
RBA_2023-11-15,RBA,2024-11-04,2024-11-01,85.0999984741211,2024-11-02,184254000.0,15680015118.850708,yfinance_point_in_time_proxy,
RBC_2020-09-23,RBC,2021-06-23,2021-06-22,196.6999969482422,2021-05-14,40629900.0,7991901206.007385,yfinance_point_in_time_proxy,
RBC_2022-05-11,RBC,2022-07-14,2022-07-13,201.0500030517578,2021-10-06,43866500.0,8819359958.869934,yfinance_point_in_time_proxy,
RBC_2023-05-31,RBC,2023-12-01,2023-11-30,257.739990234375,2023-11-28,29085000.0,7496367615.966797,yfinance_point_in_time_proxy,
RBC_2024-04-18,RBC,2024-12-04,2024-12-03,341.0299987792969,2024-12-03,31409400.0,10711547643.658447,yfinance_point_in_time_proxy,
RBC_2025-01-10,RBC,2025-12-09,2025-12-08,443.510009765625,2025-11-17,31611442.0,14019990950.125488,yfinance_point_in_time_proxy,
RCL_2022-03-07,RCL,2022-03-31,2022-03-30,81.4800033569336,2022-03-03,254820000.0,20762734455.41382,yfinance_point_in_time_proxy,
RCL_2022-07-14,RCL,2023-04-04,2023-04-03,64.25,2023-04-01,255351008.0,16406302264.0,yfinance_point_in_time_proxy,
RCL_2023-04-26,RCL,2024-04-08,2024-04-05,136.02000427246094,2024-04-05,256650000.0,34909534096.5271,yfinance_point_in_time_proxy,
RCL_2024-04-16,RCL,2025-04-10,2025-04-09,209.50999450683594,2025-04-09,269128992.0,56385213635.55029,yfinance_point_in_time_proxy,
REG_2022-09-27,REG,2023-08-07,2023-08-04,66.25,2023-07-13,171739008.0,11377709280.0,yfinance_point_in_time_proxy,
REG_2023-10-03,REG,2024-08-30,2024-08-29,71.66999816894531,2024-08-29,181602000.0,13015415007.476807,yfinance_point_in_time_proxy,
REGN_2021-03-03,REGN,2021-11-26,2021-11-24,648.1799926757812,2021-11-16,107543000.0,69707220952.33154,yfinance_point_in_time_proxy,
REGN_2022-06-14,REGN,2022-11-29,2022-11-28,741.47998046875,2022-11-09,108902000.0,80748652833.00781,yfinance_point_in_time_proxy,
REGN_2023-01-09,REGN,2024-01-02,2023-12-29,878.2899780273438,2023-12-26,108947000.0,95687058236.14502,yfinance_point_in_time_proxy,
REGN_2025-06-05,REGN,2025-10-28,2025-10-27,585.3099975585938,2025-10-27,104654699.0,61255441616.18536,yfinance_point_in_time_proxy,
REXR_2021-03-04,REXR,2022-02-02,2022-02-01,72.37000274658203,2022-01-13,151487008.0,10963115185.031494,yfinance_point_in_time_proxy,
REXR_2023-10-25,REXR,2023-12-13,2023-12-12,53.33000183105469,2023-12-06,220700000.0,11769931404.11377,yfinance_point_in_time_proxy,
REXR_2025-04-08,REXR,2025-08-27,2025-08-26,40.0099983215332,2025-08-26,244854000.0,9796608129.02069,yfinance_point_in_time_proxy,
RF_2020-08-04,RF,2021-07-29,2021-07-28,19.40999984741211,2021-07-27,955000000.0,18536549854.278564,yfinance_point_in_time_proxy,
RF_2022-07-14,RF,2023-01-27,2023-01-26,23.200000762939453,2023-01-05,934446016.0,21679148284.125732,yfinance_point_in_time_proxy,
RF_2023-10-27,RF,2024-01-31,2024-01-30,19.479999542236328,2024-01-30,924000000.0,17999519577.026367,yfinance_point_in_time_proxy,
RF_2024-02-07,RF,2025-02-04,2025-02-03,24.049999237060547,2025-02-01,908864000.0,21858178506.591797,yfinance_point_in_time_proxy,
RGA_2021-12-01,RGA,2022-05-17,2022-05-16,119.06999969482422,2022-05-10,66989900.0,7976487372.556305,yfinance_point_in_time_proxy,
RGA_2022-06-16,RGA,2023-05-19,2023-05-18,150.07000732421875,2023-05-12,66542200.0,9985988441.369629,yfinance_point_in_time_proxy,
RGA_2023-08-22,RGA,2024-05-22,2024-05-21,209.69000244140625,2024-05-18,65792000.0,13795924640.625,yfinance_point_in_time_proxy,
RGEN_2022-06-13,RGEN,2022-07-21,2022-07-20,176.6999969482422,2022-06-15,55433200.0,9795046270.831299,yfinance_point_in_time_proxy,
RGEN_2023-10-30,RGEN,2023-11-03,2023-11-02,136.5399932861328,2023-11-02,55832000.0,7623300905.151367,yfinance_point_in_time_proxy,
RGEN_2024-07-08,RGEN,2024-12-12,2024-12-11,155.25,2024-12-11,56026700.0,8698145175.0,yfinance_point_in_time_proxy,
RGEN_2025-04-08,RGEN,2025-12-17,2025-12-16,158.08999633789062,2025-11-17,56290749.0,8899004303.26712,yfinance_point_in_time_proxy,
RGLD_2021-10-11,RGLD,2022-02-18,2022-02-17,118.79000091552734,2022-02-11,65637300.0,7797054927.092743,yfinance_point_in_time_proxy,
RGLD_2022-09-26,RGLD,2023-02-23,2023-02-22,119.37000274658203,2023-02-19,65644100.0,7835936397.2969055,yfinance_point_in_time_proxy,
RGLD_2024-02-28,RGLD,2024-05-17,2024-05-16,129.63999938964844,2024-05-16,65733100.0,8521639043.8797,yfinance_point_in_time_proxy,
RGLD_2024-06-13,RGLD,2025-05-22,2025-05-21,179.6999969482422,2025-05-20,65816500.0,11827224849.143982,yfinance_point_in_time_proxy,
RH_2020-09-08,RH,2021-08-30,2021-08-27,706.5399780273438,2021-08-19,21162900.0,14952434900.994873,yfinance_point_in_time_proxy,
RH_2022-06-30,RH,2022-09-12,2022-09-09,273.55999755859375,2022-08-07,24681200.0,6751789011.743164,yfinance_point_in_time_proxy,
RH_2022-10-20,RH,2023-09-14,2023-09-13,310.5899963378906,2023-09-09,18400200.0,5714918050.616455,yfinance_point_in_time_proxy,
RH_2023-10-27,RH,2024-09-17,2024-09-16,329.8699951171875,2024-09-14,18482700.0,6096888158.752441,yfinance_point_in_time_proxy,
RH_2025-04-04,RH,2025-09-22,2025-09-19,224.6999969482422,2025-09-20,18745070.0,4212017171.794586,yfinance_point_in_time_proxy,
RHHBY_2020-10-30,RHHBY,2021-08-16,2021-08-13,50.16999816894531,2021-08-14,6918960128.0,347124216952.7656,yfinance_point_in_time_proxy,
RHHBY_2024-05-02,RHHBY,2024-07-17,2024-07-16,36.27000045776367,2024-07-16,6440860160.0,233610000951.5918,yfinance_point_in_time_proxy,
RHHBY_2024-12-19,RHHBY,2025-10-01,2025-09-30,41.810001373291016,2025-09-30,6338332679.0,265005698013.36533,yfinance_point_in_time_proxy,
RJF_2020-11-12,RJF,2021-11-11,2021-11-10,99.54000091552734,2021-11-07,205784992.0,20483838292.081787,yfinance_point_in_time_proxy,
RJF_2022-06-13,RJF,2022-11-14,2022-11-11,123.4000015258789,2022-10-30,215100000.0,26543340328.216553,yfinance_point_in_time_proxy,
RJF_2023-05-04,RJF,2023-12-01,2023-11-30,105.1500015258789,2023-11-29,208607008.0,21935027209.509033,yfinance_point_in_time_proxy,
RJF_2023-12-06,RJF,2024-12-04,2024-12-03,165.4499969482422,2024-12-03,204044992.0,33759243303.7041,yfinance_point_in_time_proxy,
RJF_2025-04-04,RJF,2025-12-09,2025-12-08,164.19000244140625,2025-11-27,199383976.0,32736855506.217285,yfinance_point_in_time_proxy,
RL_2020-11-23,RL,2021-11-22,2021-11-19,121.80999755859375,2021-11-05,73617000.0,8967286590.270996,yfinance_point_in_time_proxy,
RL_2022-09-26,RL,2022-11-25,2022-11-23,107.0999984741211,2022-11-12,65972500.0,7065654649.333954,yfinance_point_in_time_proxy,
RL_2022-12-20,RL,2023-11-29,2023-11-28,126.62999725341797,2023-11-25,64633100.0,8184489275.479889,yfinance_point_in_time_proxy,
RL_2023-12-05,RL,2024-12-02,2024-11-29,231.39999389648438,2024-11-30,59755600.0,13827445475.280762,yfinance_point_in_time_proxy,
RL_2025-04-08,RL,2025-12-05,2025-12-04,356.9700012207031,2025-11-17,60640658.0,21646895760.28424,yfinance_point_in_time_proxy,
RLI_2020-09-23,RLI,2021-07-26,2021-07-23,53.06999969482422,2021-07-24,45225900.0,2400138499.1981506,yfinance_point_in_time_proxy,
RLI_2022-02-17,RLI,2022-10-28,2022-10-27,63.18000030517578,2022-10-23,45378200.0,2866994689.8483276,yfinance_point_in_time_proxy,
RLI_2023-12-15,RLI,2024-10-17,2024-10-16,80.83499908447266,2024-10-15,45746100.0,3697885951.6181946,yfinance_point_in_time_proxy,
RMBS_2021-05-12,RMBS,2022-02-08,2022-02-07,25.15999984741211,2021-11-09,109365000.0,2751623383.3122253,yfinance_point_in_time_proxy,
RMBS_2022-07-01,RMBS,2023-02-10,2023-02-09,45.81999969482422,2022-11-09,107482000.0,4924825207.199097,yfinance_point_in_time_proxy,
RMBS_2023-03-13,RMBS,2024-02-14,2024-02-13,55.220001220703125,2024-02-01,107509000.0,5936647111.236572,yfinance_point_in_time_proxy,
RMBS_2024-09-06,RMBS,2025-02-19,2025-02-18,68.58999633789062,2025-02-14,106575000.0,7309978859.710693,yfinance_point_in_time_proxy,
RMD_2020-10-02,RMD,2021-07-02,2021-07-01,247.8800048828125,2021-05-04,145518000.0,36071002550.53711,yfinance_point_in_time_proxy,
RMD_2023-10-27,RMD,2023-12-21,2023-12-20,173.97000122070312,2023-12-20,147092000.0,25589595419.555664,yfinance_point_in_time_proxy,
RMD_2024-01-03,RMD,2024-12-24,2024-12-23,231.1699981689453,2024-12-21,146796000.0,33934831051.208496,yfinance_point_in_time_proxy,
RNR_2022-08-02,RNR,2022-11-02,2022-11-01,154.2899932861328,2022-10-23,43705400.0,6743305872.567749,yfinance_point_in_time_proxy,
RNR_2023-08-22,RNR,2024-02-07,2024-02-06,227.6699981689453,2024-02-02,54027900.0,12300531894.07196,yfinance_point_in_time_proxy,
ROIV_2022-05-12,ROIV,2023-02-16,2023-02-15,8.899999618530273,2023-02-14,758427008.0,6750000081.883057,yfinance_point_in_time_proxy,
ROIV_2023-03-24,ROIV,2024-02-21,2024-02-20,11.539999961853027,2024-02-20,805846016.0,9299462993.899414,yfinance_point_in_time_proxy,
ROIV_2025-04-08,ROIV,2025-08-13,2025-08-12,11.569999694824219,2025-08-12,682518976.0,7896744344.031738,yfinance_point_in_time_proxy,
ROK_2022-06-17,ROK,2022-07-29,2022-07-28,247.22999572753906,2022-07-28,116262000.0,28743453763.275146,yfinance_point_in_time_proxy,
ROK_2022-09-27,ROK,2023-08-02,2023-08-01,310.9100036621094,2023-07-13,114875000.0,35715786670.684814,yfinance_point_in_time_proxy,
ROK_2025-04-08,ROK,2025-05-08,2025-05-07,283.1700134277344,2025-05-07,113073000.0,32018882928.31421,yfinance_point_in_time_proxy,
ROL_2022-01-27,ROL,2022-07-28,2022-07-27,35.36000061035156,2022-05-05,492460992.0,17413420977.694336,yfinance_point_in_time_proxy,
ROL_2023-10-19,ROL,2023-12-13,2023-12-12,42.04999923706055,2023-12-08,484038016.0,20353798203.5083,yfinance_point_in_time_proxy,
ROL_2024-04-18,ROL,2025-04-02,2025-04-01,54.36000061035156,2025-04-01,485076000.0,26368731656.066895,yfinance_point_in_time_proxy,
ROP_2022-09-30,ROP,2023-06-27,2023-06-26,460.20001220703125,2023-05-13,106592000.0,49053639701.171875,yfinance_point_in_time_proxy,
ROST_2022-06-30,ROST,2022-08-16,2022-08-15,90.16000366210938,2022-06-29,367043008.0,33092598945.43164,yfinance_point_in_time_proxy,
ROST_2022-10-14,ROST,2023-08-18,2023-08-17,113.05999755859375,2023-07-13,340656000.0,38514566528.32031,yfinance_point_in_time_proxy,
ROST_2023-09-27,ROST,2024-08-21,2024-08-20,147.6999969482422,2024-08-17,333575008.0,49269027663.60986,yfinance_point_in_time_proxy,
ROST_2025-03-13,ROST,2025-10-27,2025-10-24,156.75,2025-10-25,325226266.0,50979217195.5,yfinance_point_in_time_proxy,
RPM_2021-09-30,RPM,2021-12-29,2021-12-28,100.04000091552734,2021-10-26,130616000.0,13066824759.58252,yfinance_point_in_time_proxy,
RPM_2022-06-17,RPM,2022-12-30,2022-12-29,98.13999938964844,2022-10-23,129099000.0,12669775781.204224,yfinance_point_in_time_proxy,
RPM_2023-05-16,RPM,2024-01-04,2024-01-03,107.13999938964844,2024-01-03,128828000.0,13802631841.369629,yfinance_point_in_time_proxy,
RPM_2025-04-08,RPM,2025-08-13,2025-08-12,121.83000183105469,2025-08-08,128376000.0,15640048315.063477,yfinance_point_in_time_proxy,
RRC_2020-11-04,RRC,2021-09-10,2021-09-09,17.290000915527344,2021-09-01,249774000.0,4318592688.674927,yfinance_point_in_time_proxy,
RRC_2022-01-21,RRC,2022-09-13,2022-09-12,32.0,2022-08-06,262886000.0,8412352000.0,yfinance_point_in_time_proxy,
RRC_2023-03-17,RRC,2023-09-15,2023-09-14,33.2599983215332,2023-08-21,241352000.0,8027367114.898682,yfinance_point_in_time_proxy,
RRC_2024-02-07,RRC,2024-11-26,2024-11-25,35.83000183105469,2024-11-20,241310000.0,8646137741.851807,yfinance_point_in_time_proxy,
RRX_2022-06-17,RRX,2022-08-11,2022-08-10,142.35000610351562,2022-08-10,66477500.0,9463072530.74646,yfinance_point_in_time_proxy,
RRX_2022-11-03,RRX,2023-08-15,2023-08-14,156.8800048828125,2023-06-12,66278700.0,10397802779.626465,yfinance_point_in_time_proxy,
RRX_2023-11-02,RRX,2024-08-16,2024-08-15,157.7899932861328,2024-08-15,66541100.0,10499519722.251892,yfinance_point_in_time_proxy,
RRX_2025-04-08,RRX,2025-08-21,2025-08-20,144.8699951171875,2025-08-20,66374200.0,9615630029.907227,yfinance_point_in_time_proxy,
RS_2021-03-04,RS,2022-02-28,2022-02-25,183.4199981689453,2022-02-22,61806000.0,11336456406.829834,yfinance_point_in_time_proxy,
RS_2022-06-23,RS,2023-03-02,2023-03-01,252.9199981689453,2023-02-22,58787000.0,14868407932.357788,yfinance_point_in_time_proxy,
RS_2023-05-30,RS,2024-03-05,2024-03-04,321.7699890136719,2024-02-29,57271000.0,18428089040.802002,yfinance_point_in_time_proxy,
RS_2025-04-08,RS,2025-07-22,2025-07-21,339.0400085449219,2025-07-19,52588100.0,17829469873.361206,yfinance_point_in_time_proxy,
RSG_2023-01-19,RSG,2023-11-10,2023-11-09,156.35000610351562,2023-11-09,314636992.0,49193495619.5918,yfinance_point_in_time_proxy,
RSG_2023-11-15,RSG,2024-11-13,2024-11-12,212.24000549316406,2024-11-12,313152000.0,66463382200.19531,yfinance_point_in_time_proxy,
RTX_2021-04-20,RTX,2022-04-11,2022-04-08,100.4000015258789,2022-04-05,1490269952.0,149623105454.77148,yfinance_point_in_time_proxy,
RTX_2022-09-27,RTX,2023-04-18,2023-04-17,103.11000061035156,2023-04-07,1463209984.0,150871582343.3125,yfinance_point_in_time_proxy,
RTX_2023-10-05,RTX,2024-04-19,2024-04-18,100.70999908447266,2024-04-18,1329639936.0,133908036737.23828,yfinance_point_in_time_proxy,
RTX_2024-07-01,RTX,2025-05-01,2025-04-30,126.12999725341797,2025-04-26,1335949952.0,168503363776.46387,yfinance_point_in_time_proxy,
RVTY_2021-03-10,RVTY,2021-12-01,2021-11-30,182.16000366210938,,,,yfinance_point_in_time_proxy,missing_shares_outstanding_on_or_before_entry
RVTY_2023-10-30,RVTY,2023-12-22,2023-12-21,105.76000213623047,2023-12-15,123407000.0,13051524583.625793,yfinance_point_in_time_proxy,
RYAN_2022-11-14,RYAN,2023-09-29,2023-09-28,48.9900016784668,2023-08-21,260216992.0,12748030874.845581,yfinance_point_in_time_proxy,
RYAN_2023-12-20,RYAN,2024-10-02,2024-10-01,68.19999694824219,2024-09-28,261448000.0,17830752802.124023,yfinance_point_in_time_proxy,
RYN_2021-06-18,RYN,2022-04-12,2022-04-11,43.369998931884766,2022-04-08,149048992.0,6464254623.838501,yfinance_point_in_time_proxy,
RYN_2023-10-25,RYN,2023-12-13,2023-12-12,31.780000686645508,2023-12-06,150740992.0,4790548829.265625,yfinance_point_in_time_proxy,
SAIA_2021-07-19,SAIA,2022-02-17,2022-02-16,274.75,2022-02-15,26336600.0,7235980850.0,yfinance_point_in_time_proxy,
SAIA_2022-06-22,SAIA,2023-02-22,2023-02-21,272.70001220703125,2022-11-05,26462500.0,7216324073.028564,yfinance_point_in_time_proxy,
SAIA_2023-04-26,SAIA,2024-02-26,2024-02-23,563.5900268554688,2024-02-25,26547900.0,14962131673.956299,yfinance_point_in_time_proxy,
SAIA_2025-04-29,SAIA,2025-07-23,2025-07-22,304.4200134277344,2025-07-22,26634000.0,8107922637.634277,yfinance_point_in_time_proxy,
SAIC_2022-02-23,SAIC,2022-10-27,2022-10-26,101.43000030517578,2022-10-14,55128100.0,5591643199.823761,yfinance_point_in_time_proxy,
SAIC_2023-05-25,SAIC,2023-12-04,2023-12-01,119.91999816894531,2023-12-02,52935400.0,6348013071.072388,yfinance_point_in_time_proxy,
SAM_2022-06-16,SAM,2022-07-28,2022-07-27,372.0400085449219,2022-07-25,12293600.0,4573711049.047852,yfinance_point_in_time_proxy,
SAM_2023-07-13,SAM,2023-10-02,2023-09-29,389.5299987792969,2023-08-30,12108400.0,4716585037.219238,yfinance_point_in_time_proxy,
SAN_2022-07-14,SAN,2022-11-30,2022-11-29,2.9100000858306885,2022-11-26,16960900096.0,49356220735.12573,yfinance_point_in_time_proxy,
SAN_2022-12-15,SAN,2023-12-04,2023-12-01,4.139999866485596,2023-12-02,16256400384.0,67301495419.29639,yfinance_point_in_time_proxy,
SAN_2024-01-29,SAN,2024-12-05,2024-12-04,4.690000057220459,2024-12-04,15248300032.0,71514528022.59473,yfinance_point_in_time_proxy,
SAN_2025-01-02,SAN,2025-12-10,2025-12-09,11.010000228881836,2025-12-09,14718376626.0,162049330021.02905,yfinance_point_in_time_proxy,
SAP_2022-09-27,SAP,2022-11-10,2022-11-09,97.55000305175781,2022-11-05,1169600000.0,114094483569.33594,yfinance_point_in_time_proxy,
SAP_2022-12-28,SAP,2023-11-14,2023-11-13,145.02999877929688,2023-10-31,1169699968.0,169641584931.1836,yfinance_point_in_time_proxy,
SAP_2024-01-04,SAP,2024-11-15,2024-11-14,231.39999389648438,2024-11-14,1191590016.0,275733922429.5117,yfinance_point_in_time_proxy,
SATS_2022-09-23,SATS,2023-02-24,2023-02-23,20.100000381469727,2022-11-26,83130896.0,1670931041.3119202,yfinance_point_in_time_proxy,
SATS_2023-11-16,SATS,2024-02-28,2024-02-27,13.0600004196167,2024-02-22,271412000.0,3544640833.8890076,yfinance_point_in_time_proxy,
SATS_2024-03-18,SATS,2025-03-04,2025-03-03,31.06999969482422,2025-03-03,286718016.0,8908328669.620605,yfinance_point_in_time_proxy,
SBAC_2023-10-19,SBAC,2023-11-30,2023-11-29,245.1999969482422,2023-11-29,107887000.0,26453892070.755005,yfinance_point_in_time_proxy,
SBAC_2024-04-30,SBAC,2025-04-29,2025-04-28,223.27999877929688,2025-04-26,108393000.0,24201988907.684326,yfinance_point_in_time_proxy,
SBRA_2020-06-24,SBRA,2021-06-22,2021-06-21,17.809999465942383,2021-04-29,213804992.0,3807866793.3358154,yfinance_point_in_time_proxy,
SBRA_2022-05-02,SBRA,2022-07-25,2022-07-22,14.739999771118164,2022-07-09,230955008.0,3404276765.0585938,yfinance_point_in_time_proxy,
SBRA_2023-03-23,SBRA,2023-07-27,2023-07-26,13.130000114440918,2023-07-15,231195008.0,3035590481.498169,yfinance_point_in_time_proxy,
SBRA_2023-08-17,SBRA,2024-07-30,2024-07-29,16.479999542236328,2024-07-26,231496000.0,3815053974.029541,yfinance_point_in_time_proxy,
SBUX_2022-05-11,SBUX,2022-09-14,2022-09-13,87.83999633789062,2022-09-03,1181430016.0,103776808278.91406,yfinance_point_in_time_proxy,
SBUX_2024-05-07,SBUX,2024-08-13,2024-08-12,77.02999877929688,2024-08-01,1133200000.0,87290394616.69922,yfinance_point_in_time_proxy,
SCHW_2020-11-30,SCHW,2021-11-24,2021-11-23,82.94000244140625,2021-11-10,1890599936.0,156806363307.5625,yfinance_point_in_time_proxy,
SCHW_2022-06-17,SCHW,2022-11-28,2022-11-25,81.61000061035156,2022-11-10,1866739968.0,152344649927.84766,yfinance_point_in_time_proxy,
SCHW_2023-05-04,SCHW,2023-11-30,2023-11-29,59.61000061035156,2023-11-28,1822579968.0,108643993004.89453,yfinance_point_in_time_proxy,
SCHW_2024-02-06,SCHW,2024-12-03,2024-12-02,81.38999938964844,2024-11-30,1827020032.0,148701159289.35547,yfinance_point_in_time_proxy,
SCHW_2025-04-04,SCHW,2025-12-08,2025-12-05,93.81999969482422,2025-11-17,1815219300.0,170303874172.03903,yfinance_point_in_time_proxy,
SCI_2020-10-19,SCI,2021-10-11,2021-10-08,62.560001373291016,2021-09-11,168063008.0,10514022011.279419,yfinance_point_in_time_proxy,
SCI_2022-09-27,SCI,2023-01-31,2023-01-30,72.22000122070312,2023-01-25,153806000.0,11107869507.751465,yfinance_point_in_time_proxy,
SCI_2023-11-01,SCI,2024-02-13,2024-02-12,68.13999938964844,2024-02-10,147744992.0,10067343664.703613,yfinance_point_in_time_proxy,
SE_2022-01-27,SE,2022-02-09,2022-02-08,162.50999450683594,2022-01-05,557737984.0,90637996716.09375,yfinance_point_in_time_proxy,
SE_2022-11-09,SE,2023-02-13,2023-02-10,64.0,2022-12-07,561737984.0,35951230976.0,yfinance_point_in_time_proxy,
SE_2024-01-17,SE,2024-02-26,2024-02-23,45.02000045776367,2024-02-14,568758976.0,25605529359.877197,yfinance_point_in_time_proxy,
SEIC_2022-10-20,SEIC,2022-11-11,2022-11-10,59.90999984741211,2022-11-01,134828000.0,8077545459.42688,yfinance_point_in_time_proxy,
SEIC_2023-10-26,SEIC,2024-03-06,2024-03-05,68.2699966430664,2024-02-29,131352000.0,8967400599.060059,yfinance_point_in_time_proxy,
SEIC_2024-08-05,SEIC,2025-05-12,2025-05-09,81.54000091552734,2025-05-10,124487000.0,10150670093.971252,yfinance_point_in_time_proxy,
SF_2022-10-20,SF,2023-01-26,2023-01-25,43.85333251953125,2023-01-20,106281000.0,4660776033.508301,yfinance_point_in_time_proxy,
SF_2023-03-17,SF,2024-01-30,2024-01-29,49.65999984741211,2024-01-27,101996000.0,5065121344.4366455,yfinance_point_in_time_proxy,
SFM_2021-10-27,SFM,2022-03-18,2022-03-17,31.25,2022-03-02,110906000.0,3465812500.0,yfinance_point_in_time_proxy,
SFM_2022-05-18,SFM,2023-03-22,2023-03-21,33.27000045776367,2023-03-21,105073000.0,3495778758.0986023,yfinance_point_in_time_proxy,
SFM_2023-06-05,SFM,2024-03-25,2024-03-22,63.59000015258789,2024-03-22,101212000.0,6436071095.443726,yfinance_point_in_time_proxy,
SFM_2024-04-16,SFM,2025-03-28,2025-03-27,148.30999755859375,2025-03-27,98585400.0,14621200433.312988,yfinance_point_in_time_proxy,
SGI_2020-09-04,SGI,2021-08-12,2021-08-11,43.7400016784668,2016-09-12,36519900.0,1597380487.2974396,yfinance_point_in_time_proxy,
SGI_2022-06-16,SGI,2022-08-15,2022-08-12,28.889999389648438,2016-09-12,36519900.0,1055059888.710022,yfinance_point_in_time_proxy,
SGI_2022-09-30,SGI,2023-08-17,2023-08-16,44.209999084472656,2016-09-12,36519900.0,1614544745.565033,yfinance_point_in_time_proxy,
SGI_2023-11-09,SGI,2024-08-20,2024-08-19,50.7400016784668,2016-09-12,36519900.0,1853019787.2974396,yfinance_point_in_time_proxy,
SGI_2024-10-25,SGI,2025-08-25,2025-08-22,83.79000091552734,2025-08-12,209888000.0,17586515712.158203,yfinance_point_in_time_proxy,
SHC_2022-11-17,SHC,2023-02-01,2023-01-31,17.239999771118164,2022-11-05,282113984.0,4863645019.589233,yfinance_point_in_time_proxy,
SHC_2023-10-27,SHC,2024-02-09,2024-02-08,15.989999771118164,2024-02-08,282623008.0,4519141833.232727,yfinance_point_in_time_proxy,
SHC_2025-04-08,SHC,2025-05-05,2025-05-02,12.380000114440918,2025-05-01,283855008.0,3514125031.5246277,yfinance_point_in_time_proxy,
SHEL_2021-07-19,SHEL,2022-03-25,2022-03-24,55.02000045776367,2022-03-24,3793819904.0,208735972854.75293,yfinance_point_in_time_proxy,
SHEL_2022-07-14,SHEL,2023-04-03,2023-03-31,57.540000915527344,2023-04-01,3429680128.0,197343797705.08594,yfinance_point_in_time_proxy,
SHEL_2023-05-31,SHEL,2024-04-05,2024-04-04,70.25,2024-03-30,3216859904.0,225984408256.0,yfinance_point_in_time_proxy,
SHEL_2025-04-08,SHEL,2025-11-10,2025-11-07,75.58999633789062,2025-11-08,2870776114.0,217001955944.16388,yfinance_point_in_time_proxy,
SHW_2020-06-11,SHW,2021-06-10,2021-06-09,276.9599914550781,2021-05-03,265950000.0,73657509727.47803,yfinance_point_in_time_proxy,
SHW_2022-10-20,SHW,2023-06-29,2023-06-28,256.0199890136719,2023-06-24,257890000.0,66024994966.73584,yfinance_point_in_time_proxy,
SHW_2023-10-24,SHW,2024-07-10,2024-07-09,298.9100036621094,2024-07-06,253548992.0,75788330127.24414,yfinance_point_in_time_proxy,
SIGI_2021-12-01,SIGI,2022-10-28,2022-10-27,94.5,2022-10-23,60329600.0,5701147200.0,yfinance_point_in_time_proxy,
SJM_2022-06-17,SJM,2022-12-21,2022-12-20,155.30999755859375,2022-11-25,106639000.0,16562102829.650879,yfinance_point_in_time_proxy,
SLAB_2022-11-03,SLAB,2023-01-09,2023-01-06,142.4600067138672,2022-10-30,33282900.0,4741482157.45697,yfinance_point_in_time_proxy,
SLAB_2023-11-01,SLAB,2024-01-11,2024-01-10,124.12000274658203,2024-01-10,31779300.0,3944446803.2844543,yfinance_point_in_time_proxy,
SLAB_2024-08-07,SLAB,2025-01-15,2025-01-14,133.19000244140625,2025-01-14,32448000.0,4321749199.21875,yfinance_point_in_time_proxy,
SLB_2021-04-20,SLB,2022-04-07,2022-04-06,40.779998779296875,2022-03-31,1413129984.0,57627439022.50781,yfinance_point_in_time_proxy,
SLB_2022-07-14,SLB,2023-04-12,2023-04-11,51.13999938964844,2023-03-31,1427600000.0,73007463128.66211,yfinance_point_in_time_proxy,
SLGN_2021-10-01,SLGN,2022-09-12,2022-09-09,47.65999984741211,2022-09-10,109152000.0,5202184303.344727,yfinance_point_in_time_proxy,
SLGN_2023-10-25,SLGN,2024-07-31,2024-07-30,48.7400016784668,2024-07-27,106775000.0,5204213679.218292,yfinance_point_in_time_proxy,
SLM_2021-02-01,SLM,2022-01-28,2022-01-27,17.520000457763672,2021-12-05,293176992.0,5136461034.045776,yfinance_point_in_time_proxy,
SLM_2023-03-24,SLM,2023-04-19,2023-04-18,14.5,2023-04-01,241188992.0,3497240384.0,yfinance_point_in_time_proxy,
SLM_2023-10-27,SLM,2024-04-22,2024-04-19,21.09000015258789,2024-04-16,220350000.0,4647181533.622742,yfinance_point_in_time_proxy,
SLM_2024-08-06,SLM,2025-04-25,2025-04-24,28.139999389648438,2025-04-24,210423008.0,5921303316.687988,yfinance_point_in_time_proxy,
SMCI_2021-07-13,SMCI,2022-05-12,2022-05-11,4.934999942779541,2022-05-10,51906900.0,256160548.52986336,yfinance_point_in_time_proxy,
SMCI_2022-07-05,SMCI,2023-05-16,2023-05-15,13.784000396728516,2023-05-09,52488500.0,723501504.8236847,yfinance_point_in_time_proxy,
SMCI_2023-05-23,SMCI,2024-05-17,2024-05-16,90.44000244140625,2024-05-16,58556500.0,5295850002.960205,yfinance_point_in_time_proxy,
SMCI_2024-11-14,SMCI,2025-05-22,2025-05-21,41.650001525878906,2025-05-20,596817984.0,24857469944.271973,yfinance_point_in_time_proxy,
SMG_2022-10-11,SMG,2022-11-08,2022-11-07,51.709999084472656,2022-10-23,55405600.0,2865023525.274658,yfinance_point_in_time_proxy,
SMG_2023-10-23,SMG,2023-11-15,2023-11-14,54.720001220703125,2023-11-09,56156200.0,3072867332.550049,yfinance_point_in_time_proxy,
SMG_2024-02-05,SMG,2024-11-18,2024-11-15,74.41000366210938,2024-11-16,56821100.0,4228058259.085083,yfinance_point_in_time_proxy,
SNA_2022-06-16,SNA,2023-01-11,2023-01-10,244.4199981689453,2022-10-23,53154600.0,12992047234.67102,yfinance_point_in_time_proxy,
SNA_2023-04-06,SNA,2024-01-29,2024-01-26,289.6600036621094,2024-01-27,52780000.0,15288254993.286133,yfinance_point_in_time_proxy,
SNA_2024-07-05,SNA,2025-01-31,2025-01-30,358.6199951171875,2025-01-11,52489800.0,18823891819.70215,yfinance_point_in_time_proxy,
SNPS_2020-09-23,SNPS,2021-08-31,2021-08-30,334.2799987792969,2021-08-24,152503008.0,50978705328.0791,yfinance_point_in_time_proxy,
SNPS_2022-05-11,SNPS,2022-09-09,2022-09-08,333.760009765625,2022-09-02,152911008.0,51035579523.35156,yfinance_point_in_time_proxy,
SNPS_2022-10-12,SNPS,2023-09-13,2023-09-12,454.3599853515625,2023-09-08,152084000.0,69100884012.20703,yfinance_point_in_time_proxy,
SNPS_2025-04-07,SNPS,2025-05-12,2025-05-09,482.8999938964844,2025-05-10,155132000.0,74913241853.14941,yfinance_point_in_time_proxy,
SNX_2021-01-29,SNX,2022-01-14,2022-01-13,109.12000274658203,2021-11-06,96008200.0,10476415047.694397,yfinance_point_in_time_proxy,
SNX_2022-09-30,SNX,2023-01-19,2023-01-18,107.88999938964844,2023-01-13,94647000.0,10211464772.232056,yfinance_point_in_time_proxy,
SNX_2023-04-26,SNX,2024-03-26,2024-03-25,105.44000244140625,2024-03-15,87719104.0,9249102539.917969,yfinance_point_in_time_proxy,
SNX_2025-04-04,SNX,2025-05-13,2025-05-12,123.16999816894531,2025-05-10,83921400.0,10336598684.335327,yfinance_point_in_time_proxy,
SNY_2022-09-27,SNY,2022-12-06,2022-12-05,44.93000030517578,2022-12-04,2566850048.0,115328573439.98047,yfinance_point_in_time_proxy,
SNY_2023-10-27,SNY,2024-08-15,2024-08-14,53.529998779296875,2024-08-14,2506550016.0,134175619296.72656,yfinance_point_in_time_proxy,
SO_2021-06-29,SO,2022-05-31,2022-05-27,76.06999969482422,2022-05-29,1062520000.0,80825896075.74463,yfinance_point_in_time_proxy,
SO_2023-10-02,SO,2024-05-17,2024-05-16,79.37999725341797,2024-05-15,1093430016.0,86796471666.88477,yfinance_point_in_time_proxy,
SONY_2020-10-16,SONY,2021-09-15,2021-09-14,22.256000518798828,2021-09-14,1241289984.0,27626150527.88379,yfinance_point_in_time_proxy,
SONY_2022-10-12,SONY,2022-11-11,2022-11-10,16.100000381469727,2022-11-10,1263260032.0,20338486997.09546,yfinance_point_in_time_proxy,
SONY_2024-05-10,SONY,2024-09-26,2024-09-25,19.20199966430664,2024-09-25,1212189952.0,23276471051.379883,yfinance_point_in_time_proxy,
SONY_2024-10-23,SONY,2025-10-01,2025-09-30,28.790000915527344,2025-09-30,6042958095.0,173976769087.54337,yfinance_point_in_time_proxy,
SPG_2022-09-26,SPG,2022-11-01,2022-10-31,108.9800033569336,2022-10-25,369731008.0,40293286493.00244,yfinance_point_in_time_proxy,
SPG_2023-05-25,SPG,2023-12-01,2023-11-30,124.88999938964844,2023-11-09,375180000.0,46856229971.0083,yfinance_point_in_time_proxy,
SPG_2023-12-05,SPG,2024-12-04,2024-12-03,180.6300048828125,2024-12-03,375472992.0,67821688378.32422,yfinance_point_in_time_proxy,
SPG_2025-04-08,SPG,2025-12-09,2025-12-08,180.07000732421875,2025-11-17,377207003.0,67923667792.956604,yfinance_point_in_time_proxy,
SPGI_2022-10-14,SPGI,2023-01-27,2023-01-26,367.3800048828125,2023-01-19,325800000.0,119692405590.82031,yfinance_point_in_time_proxy,
SPGI_2023-03-13,SPGI,2024-01-31,2024-01-30,454.55999755859375,2024-01-05,316940000.0,144068245626.2207,yfinance_point_in_time_proxy,
SPGI_2024-04-16,SPGI,2025-02-11,2025-02-10,515.2999877929688,2025-02-08,310300000.0,159897586212.1582,yfinance_point_in_time_proxy,
SPXC_2022-04-29,SPXC,2022-07-20,2022-07-19,54.380001068115234,2022-07-17,45718100.0,2486150326.832199,yfinance_point_in_time_proxy,
SPXC_2022-09-26,SPXC,2023-07-24,2023-07-21,81.70999908447266,2023-05-16,45501800.0,3717952036.341858,yfinance_point_in_time_proxy,
SPXC_2023-09-05,SPXC,2024-07-25,2024-07-24,147.9600067138672,2024-07-18,49643900.0,7345311777.302551,yfinance_point_in_time_proxy,
SPXC_2025-04-08,SPXC,2025-07-30,2025-07-29,180.24000549316406,2025-07-29,46706400.0,8418361792.565918,yfinance_point_in_time_proxy,
SR_2021-12-01,SR,2022-04-18,2022-04-14,75.48999786376953,2022-03-23,51750200.0,3906622487.449646,yfinance_point_in_time_proxy,
SR_2024-01-31,SR,2024-11-22,2024-11-21,70.66000366210938,2024-11-21,57757300.0,4081131029.51355,yfinance_point_in_time_proxy,
SR_2024-12-18,SR,2025-11-28,2025-11-26,88.16000366210938,2025-11-18,59038129.0,5204801668.844086,yfinance_point_in_time_proxy,
SRE_2020-06-26,SRE,2021-06-14,2021-06-11,71.12000274658203,2021-04-28,302760992.0,21532362582.5979,yfinance_point_in_time_proxy,
SRE_2021-12-01,SRE,2022-07-01,2022-06-30,75.13500213623047,2022-05-29,314304992.0,23615306245.3479,yfinance_point_in_time_proxy,
SRE_2023-10-02,SRE,2024-09-04,2024-09-03,82.62999725341797,2024-08-31,633145984.0,52316850918.93262,yfinance_point_in_time_proxy,
SRE_2025-04-08,SRE,2025-09-11,2025-09-10,82.01000213623047,2025-09-10,652472000.0,53509230113.83057,yfinance_point_in_time_proxy,
SSB_2021-09-20,SSB,2022-06-07,2022-06-06,81.01000213623047,2022-06-03,76627000.0,6207553433.692932,yfinance_point_in_time_proxy,
SSB_2023-05-16,SSB,2023-08-07,2023-08-04,78.3499984741211,2023-07-20,75922896.0,5948558785.7508545,yfinance_point_in_time_proxy,
SSB_2023-10-25,SSB,2024-08-08,2024-08-07,88.25,2024-08-03,76246704.0,6728771628.0,yfinance_point_in_time_proxy,
SSB_2025-04-08,SSB,2025-09-04,2025-09-03,101.4000015258789,2025-09-03,101209000.0,10262592754.432678,yfinance_point_in_time_proxy,
SSD_2022-10-20,SSD,2023-01-13,2023-01-12,98.5,2022-11-10,43166200.0,4251870700.0,yfinance_point_in_time_proxy,
SSD_2023-01-19,SSD,2024-01-18,2024-01-17,181.1300048828125,2024-01-11,42672900.0,7729342585.36377,yfinance_point_in_time_proxy,
SSD_2025-04-08,SSD,2025-07-29,2025-07-28,166.00999450683594,2025-07-25,41974400.0,6968169913.427734,yfinance_point_in_time_proxy,
ST_2022-09-30,ST,2023-01-31,2023-01-30,45.880001068115234,2022-11-06,152962000.0,7017896723.3810425,yfinance_point_in_time_proxy,
ST_2023-11-09,ST,2024-05-03,2024-05-02,39.400001525878906,2024-05-02,150739008.0,5939117145.209473,yfinance_point_in_time_proxy,
ST_2025-04-08,ST,2025-05-09,2025-05-08,22.459999084472656,2025-05-07,148656992.0,3338835904.220459,yfinance_point_in_time_proxy,
STAG_2020-09-24,STAG,2021-09-01,2021-08-31,42.25,2021-07-29,162038000.0,6846105500.0,yfinance_point_in_time_proxy,
STAG_2022-10-10,STAG,2023-01-11,2023-01-10,33.16999816894531,2023-01-05,183140992.0,6074786369.298828,yfinance_point_in_time_proxy,
STAG_2023-10-25,STAG,2024-07-22,2024-07-19,39.13999938964844,2024-07-18,185976000.0,7279100526.489258,yfinance_point_in_time_proxy,
STAG_2025-04-08,STAG,2025-10-20,2025-10-17,38.18000030517578,2025-10-18,190696045.0,7280775056.2958145,yfinance_point_in_time_proxy,
STE_2020-06-26,STE,2021-06-24,2021-06-23,205.5800018310547,2021-06-10,99676800.0,20491556726.51367,yfinance_point_in_time_proxy,
STE_2022-09-27,STE,2023-02-01,2023-01-31,206.50999450683594,2022-12-21,99823000.0,20614447181.655884,yfinance_point_in_time_proxy,
STE_2023-03-15,STE,2024-02-15,2024-02-14,227.61000061035156,2024-02-14,98814000.0,22491054600.31128,yfinance_point_in_time_proxy,
STE_2025-01-02,STE,2025-11-07,2025-11-06,260.05999755859375,2025-11-05,98490606.0,25613466755.90442,yfinance_point_in_time_proxy,
STLA_2020-11-06,STLA,2021-11-05,2021-11-04,20.3700008392334,2021-09-14,3132570112.0,63810455810.39746,yfinance_point_in_time_proxy,
STLA_2022-07-06,STLA,2022-11-22,2022-11-21,14.90999984741211,2022-09-22,3213179904.0,47908511878.34766,yfinance_point_in_time_proxy,
STLA_2022-12-28,STLA,2023-11-27,2023-11-24,20.459999084472656,2023-11-09,3068999936.0,62791735880.80664,yfinance_point_in_time_proxy,
STLA_2025-04-08,STLA,2025-05-12,2025-05-09,9.829999923706055,2025-05-10,2885760000.0,28367020579.833984,yfinance_point_in_time_proxy,
STLD_2020-07-31,STLD,2021-07-29,2021-07-28,61.2599983215332,2021-07-28,204114000.0,12504023297.401428,yfinance_point_in_time_proxy,
STLD_2022-01-21,STLD,2022-08-01,2022-07-29,77.87999725341797,2022-07-30,188690000.0,14695176681.747437,yfinance_point_in_time_proxy,
STLD_2022-09-26,STLD,2023-08-03,2023-08-02,105.36000061035156,2023-07-13,169034000.0,17809422343.170166,yfinance_point_in_time_proxy,
STLD_2023-10-23,STLD,2024-10-01,2024-09-30,126.08000183105469,2024-09-27,154303008.0,19454523531.177246,yfinance_point_in_time_proxy,
STLD_2025-04-04,STLD,2025-10-06,2025-10-03,145.08999633789062,2025-10-03,147204589.0,21357913278.930695,yfinance_point_in_time_proxy,
STRL_2022-09-27,STRL,2022-10-28,2022-10-27,26.780000686645508,2022-10-26,30300400.0,811444732.8056335,yfinance_point_in_time_proxy,
STRL_2022-11-02,STRL,2023-11-01,2023-10-31,72.8499984741211,2023-10-26,30818100.0,2245098537.9753113,yfinance_point_in_time_proxy,
STRL_2023-11-29,STRL,2024-11-04,2024-11-01,153.66000366210938,2024-11-02,30733000.0,4722432892.547607,yfinance_point_in_time_proxy,
STRL_2025-04-04,STRL,2025-11-07,2025-11-06,388.67999267578125,2025-11-06,30719373.0,11940005672.644592,yfinance_point_in_time_proxy,
STT_2020-10-28,STT,2021-10-21,2021-10-20,99.37000274658203,2021-10-06,365627008.0,36332356789.18457,yfinance_point_in_time_proxy,
STT_2022-07-14,STT,2022-11-10,2022-11-09,75.22000122070312,2022-10-27,366940000.0,27601227247.924805,yfinance_point_in_time_proxy,
STT_2023-10-27,STT,2024-07-16,2024-07-15,78.94000244140625,2024-07-13,301259008.0,23781386827.015625,yfinance_point_in_time_proxy,
STT_2024-08-07,STT,2025-07-21,2025-07-18,108.51000213623047,2025-07-18,285561984.0,30986331493.86621,yfinance_point_in_time_proxy,
STWD_2020-10-28,STWD,2021-08-10,2021-08-09,25.440000534057617,2021-08-09,288278016.0,7333792880.99707,yfinance_point_in_time_proxy,
STWD_2023-03-23,STWD,2023-07-11,2023-07-10,20.299999237060547,2023-07-08,321889984.0,6534366429.617432,yfinance_point_in_time_proxy,
STWD_2023-10-27,STWD,2024-09-19,2024-09-18,20.790000915527344,2024-09-18,346615008.0,7206126333.655518,yfinance_point_in_time_proxy,
STX_2022-11-03,STX,2023-01-23,2023-01-20,59.34000015258789,2023-01-05,206454000.0,12250980391.50238,yfinance_point_in_time_proxy,
STX_2023-05-04,STX,2024-01-25,2024-01-24,89.16999816894531,2024-01-23,209184000.0,18652936896.972656,yfinance_point_in_time_proxy,
STX_2025-04-08,STX,2025-04-30,2025-04-29,81.5999984741211,2025-04-29,211707008.0,17275291529.760742,yfinance_point_in_time_proxy,
STZ_2023-01-05,STZ,2023-07-21,2023-07-20,269.20001220703125,2023-07-19,183232000.0,49326056636.71875,yfinance_point_in_time_proxy,
SW_2020-07-15,SW,2021-07-14,2021-07-13,56.45000076293945,,,,yfinance_point_in_time_proxy,missing_shares_outstanding_on_or_before_entry
SW_2022-10-07,SW,2022-11-10,2022-11-09,32.72999954223633,,,,yfinance_point_in_time_proxy,missing_shares_outstanding_on_or_before_entry
SW_2023-10-25,SW,2023-12-27,2023-12-26,38.650001525878906,,,,yfinance_point_in_time_proxy,missing_shares_outstanding_on_or_before_entry
SW_2024-02-02,SW,2024-12-30,2024-12-27,54.349998474121094,2024-12-28,520156000.0,28270477806.30493,yfinance_point_in_time_proxy,
SWK_2022-11-03,SWK,2023-02-02,2023-02-01,91.16000366210938,2022-10-29,147942000.0,13486393261.779785,yfinance_point_in_time_proxy,
SWK_2023-03-24,SWK,2024-03-21,2024-03-20,92.55000305175781,2024-03-20,153804000.0,14234560669.372559,yfinance_point_in_time_proxy,
SWK_2025-04-08,SWK,2025-05-13,2025-05-12,72.52999877929688,2025-05-10,154712992.0,11221333120.901367,yfinance_point_in_time_proxy,
SWKS_2022-10-12,SWKS,2023-01-17,2023-01-13,101.61000061035156,2023-01-13,160160992.0,16273958494.874512,yfinance_point_in_time_proxy,
SWKS_2023-10-30,SWKS,2024-07-10,2024-07-09,106.41000366210938,2024-07-09,160447008.0,17073166708.854492,yfinance_point_in_time_proxy,
SWKS_2025-04-08,SWKS,2025-07-15,2025-07-14,74.43000030517578,2025-07-12,150128992.0,11174100920.375732,yfinance_point_in_time_proxy,
SWX_2021-06-18,SWX,2022-04-04,2022-04-01,80.04000091552734,2022-04-02,66849200.0,5350610029.2022705,yfinance_point_in_time_proxy,
SWX_2023-05-04,SWX,2024-02-29,2024-02-28,67.06999969482422,2024-02-28,71521104.0,4796920423.453491,yfinance_point_in_time_proxy,
SYF_2022-06-30,SYF,2022-08-10,2022-08-09,33.900001525878906,2022-08-07,481759008.0,16331631106.305908,yfinance_point_in_time_proxy,
SYF_2023-05-04,SYF,2023-12-06,2023-12-05,33.97999954223633,2023-12-05,413804000.0,14061059730.575562,yfinance_point_in_time_proxy,
SYF_2025-04-04,SYF,2025-12-12,2025-12-11,85.66000366210938,2025-11-17,372057548.0,31870450924.195435,yfinance_point_in_time_proxy,
SYK_2022-07-18,SYK,2022-12-08,2022-12-07,242.0800018310547,2022-11-04,378430016.0,91610338966.20605,yfinance_point_in_time_proxy,
SYK_2023-01-31,SYK,2024-01-31,2024-01-30,316.6400146484375,2024-01-26,379937984.0,120303568819.25781,yfinance_point_in_time_proxy,
SYNA_2020-11-02,SYNA,2021-08-20,2021-08-19,166.05999755859375,2021-08-18,38838400.0,6449504609.1796875,yfinance_point_in_time_proxy,
SYNA_2022-11-03,SYNA,2023-01-11,2023-01-10,105.80999755859375,2023-01-05,39871000.0,4218750412.6586914,yfinance_point_in_time_proxy,
SYNA_2023-05-12,SYNA,2024-01-16,2024-01-12,104.4800033569336,2024-01-13,39199900.0,4095605683.591461,yfinance_point_in_time_proxy,
SYNA_2025-04-08,SYNA,2025-04-24,2025-04-23,53.02000045776367,2025-04-23,39186600.0,2077673549.938202,yfinance_point_in_time_proxy,
SYY_2020-10-28,SYY,2021-09-10,2021-09-09,77.97000122070312,2021-09-09,516974016.0,40308464658.5918,yfinance_point_in_time_proxy,
SYY_2021-12-01,SYY,2022-10-31,2022-10-28,85.9800033569336,2022-10-23,506758016.0,43571055916.83301,yfinance_point_in_time_proxy,
SYY_2023-10-12,SYY,2024-02-01,2024-01-31,80.93000030517578,2024-01-31,503702016.0,40764604308.59766,yfinance_point_in_time_proxy,
T_2021-12-15,T,2022-05-24,2022-05-23,20.739999771118164,2022-04-25,7159000064.0,148477659688.79492,yfinance_point_in_time_proxy,
T_2023-07-18,T,2023-12-05,2023-12-04,16.65999984741211,2023-12-02,7150020096.0,119119333708.35352,yfinance_point_in_time_proxy,
T_2023-12-20,T,2024-12-06,2024-12-05,23.829999923706055,2024-12-04,7175289856.0,170987156721.04883,yfinance_point_in_time_proxy,
TAP_2021-10-26,TAP,2022-04-19,2022-04-18,55.630001068115234,2022-04-15,211958000.0,11791223766.395569,yfinance_point_in_time_proxy,
TAP_2022-10-07,TAP,2023-05-01,2023-04-28,59.47999954223633,2023-04-30,216247008.0,12862371936.849976,yfinance_point_in_time_proxy,
TAP_2024-06-14,TAP,2024-11-13,2024-11-12,61.88999938964844,2024-11-12,205992000.0,12748844754.27246,yfinance_point_in_time_proxy,
TCBI_2022-06-16,TCBI,2022-08-16,2022-08-15,64.2699966430664,2022-07-25,49884500.0,3206076647.541046,yfinance_point_in_time_proxy,
TCBI_2023-05-11,TCBI,2023-08-18,2023-08-17,60.189998626708984,2023-07-26,48000800.0,2889168086.0809326,yfinance_point_in_time_proxy,
TCBI_2023-11-21,TCBI,2024-09-13,2024-09-12,68.20999908447266,2024-09-12,46442100.0,3167815598.4809875,yfinance_point_in_time_proxy,
TCBI_2025-04-10,TCBI,2025-09-18,2025-09-17,85.2699966430664,2025-09-17,45755147.0,3901541231.09301,yfinance_point_in_time_proxy,
TDG_2020-07-09,TDG,2021-06-16,2021-06-15,676.5,2021-06-15,54892100.0,37134505650.0,yfinance_point_in_time_proxy,
TDG_2022-06-16,TDG,2022-08-12,2022-08-11,661.5,2022-08-10,54605600.0,36121604400.0,yfinance_point_in_time_proxy,
TDG_2022-10-12,TDG,2023-08-16,2023-08-15,860.5499877929688,2023-07-15,54928300.0,47268547894.488525,yfinance_point_in_time_proxy,
TDG_2023-10-03,TDG,2024-08-19,2024-08-16,1280.0799560546875,2024-08-17,56111400.0,71827078446.16699,yfinance_point_in_time_proxy,
TDY_2020-07-09,TDY,2021-06-15,2021-06-14,424.80999755859375,2021-05-19,46540400.0,19770827210.375977,yfinance_point_in_time_proxy,
TDY_2022-10-14,TDY,2023-02-02,2023-02-01,429.6700134277344,2023-01-31,47258300.0,20305474395.5719,yfinance_point_in_time_proxy,
TDY_2024-04-24,TDY,2024-10-24,2024-10-23,470.0899963378906,2024-10-22,46784200.0,21992784406.671143,yfinance_point_in_time_proxy,
TECH_2020-11-27,TECH,2021-11-08,2021-11-05,124.33000183105469,2021-11-03,40932300.0,5089112933.94928,yfinance_point_in_time_proxy,
TECH_2023-11-01,TECH,2023-12-11,2023-12-08,68.30999755859375,2023-12-09,158150000.0,10803226113.891602,yfinance_point_in_time_proxy,
TECH_2025-05-21,TECH,2025-10-02,2025-10-01,59.91999816894531,2025-09-30,155693441.0,9329150699.636795,yfinance_point_in_time_proxy,
TEL_2022-10-14,TEL,2023-06-29,2023-06-28,137.0800018310547,2023-05-16,315115008.0,43195965873.63281,yfinance_point_in_time_proxy,
TEL_2023-10-27,TEL,2024-07-02,2024-07-01,148.47000122070312,2024-06-29,306228000.0,45465671533.81348,yfinance_point_in_time_proxy,
TEL_2025-04-04,TEL,2025-07-08,2025-07-07,171.13999938964844,2025-07-07,302004992.0,51685134146.55078,yfinance_point_in_time_proxy,
TER_2022-10-14,TER,2022-11-10,2022-11-09,84.37000274658203,2022-11-09,155756000.0,13141134147.79663,yfinance_point_in_time_proxy,
TER_2023-11-01,TER,2023-12-22,2023-12-21,106.58999633789062,2023-12-21,152879008.0,16295372902.860352,yfinance_point_in_time_proxy,
TER_2024-02-01,TER,2024-12-26,2024-12-24,129.9600067138672,2024-12-25,162860992.0,21165415613.74707,yfinance_point_in_time_proxy,
TER_2025-04-08,TER,2025-12-31,2025-12-30,196.6699981689453,2025-11-17,159073532.0,31284991247.167664,yfinance_point_in_time_proxy,
TEX_2022-06-30,TEX,2022-08-10,2022-08-09,34.45000076293945,2022-08-06,67800000.0,2335710051.727295,yfinance_point_in_time_proxy,
TEX_2022-09-27,TEX,2023-08-14,2023-08-11,60.68000030517578,2023-07-15,67800000.0,4114104020.690918,yfinance_point_in_time_proxy,
TEX_2023-10-27,TEX,2024-08-26,2024-08-23,55.540000915527344,2024-08-24,66900000.0,3715626061.2487793,yfinance_point_in_time_proxy,
TEX_2025-04-08,TEX,2025-08-29,2025-08-28,52.130001068115234,2025-08-09,65600000.0,3419728070.0683594,yfinance_point_in_time_proxy,
TFC_2020-09-23,TFC,2021-09-15,2021-09-14,54.630001068115234,2021-09-11,1334829952.0,72921761703.5122,yfinance_point_in_time_proxy,
TFC_2023-05-04,TFC,2023-06-07,2023-06-06,33.04999923706055,2023-05-17,1331920000.0,44019954983.82568,yfinance_point_in_time_proxy,
TFC_2023-10-23,TFC,2024-06-10,2024-06-07,36.16999816894531,2024-06-07,1338099968.0,48399073392.42578,yfinance_point_in_time_proxy,
TFC_2025-04-04,TFC,2025-07-02,2025-07-01,44.20000076293945,2025-06-28,1309539968.0,57881667584.69971,yfinance_point_in_time_proxy,
TGT_2022-02-23,TGT,2022-04-20,2022-04-19,246.0500030517578,2022-03-12,462417984.0,113777946374.3877,yfinance_point_in_time_proxy,
TGT_2023-10-06,TGT,2023-12-07,2023-12-06,133.3800048828125,2023-12-06,464544992.0,61961013301.24609,yfinance_point_in_time_proxy,
THC_2020-09-23,THC,2021-07-29,2021-07-28,71.52999877929688,2021-05-05,106790000.0,7638688569.641113,yfinance_point_in_time_proxy,
THC_2022-07-06,THC,2022-08-03,2022-08-02,64.91999816894531,2022-08-02,107889000.0,7004153682.449341,yfinance_point_in_time_proxy,
THC_2022-10-21,THC,2023-08-07,2023-08-04,74.4800033569336,2023-07-26,101935000.0,7592119142.189026,yfinance_point_in_time_proxy,
THC_2023-11-09,THC,2024-08-08,2024-08-07,145.49000549316406,2024-08-01,95822000.0,13941143306.365967,yfinance_point_in_time_proxy,
THC_2025-04-21,THC,2025-08-13,2025-08-12,170.47999572753906,2025-07-31,88351000.0,15062078102.523804,yfinance_point_in_time_proxy,
THG_2023-08-22,THG,2024-02-12,2024-02-09,131.88999938964844,2024-02-02,35800000.0,4721661978.149414,yfinance_point_in_time_proxy,
THG_2024-06-14,THG,2025-02-14,2025-02-13,163.89999389648438,2025-02-13,35900000.0,5884009780.883789,yfinance_point_in_time_proxy,
THO_2022-05-24,THO,2022-08-11,2022-08-10,88.19999694824219,2022-08-10,54531100.0,4809642853.58429,yfinance_point_in_time_proxy,
THO_2022-09-26,THO,2023-08-15,2023-08-14,108.11000061035156,2023-07-13,53308200.0,5763149534.536743,yfinance_point_in_time_proxy,
THO_2023-10-27,THO,2024-09-24,2024-09-23,103.19000244140625,2024-09-21,53197800.0,5489481111.877441,yfinance_point_in_time_proxy,
THO_2025-04-08,THO,2025-09-29,2025-09-26,106.33000183105469,2025-09-26,52633210.0,5596489315.674286,yfinance_point_in_time_proxy,
TJX_2022-05-11,TJX,2022-10-27,2022-10-26,70.91000366210938,2022-10-23,1161049984.0,82330058617.33203,yfinance_point_in_time_proxy,
TJX_2022-11-09,TJX,2023-11-03,2023-11-02,89.91999816894531,2023-11-02,1144080000.0,102875671505.12695,yfinance_point_in_time_proxy,
TJX_2023-12-05,TJX,2024-11-06,2024-11-05,113.75,2024-11-05,1127869952.0,128295207040.0,yfinance_point_in_time_proxy,
TJX_2025-03-13,TJX,2025-11-11,2025-11-10,146.72000122070312,2025-11-07,1112938750.0,163290374758.5678,yfinance_point_in_time_proxy,
TKO_2021-08-19,TKO,2022-04-21,2022-04-20,60.779998779296875,,,,yfinance_point_in_time_proxy,missing_shares_outstanding_on_or_before_entry
TKO_2022-05-09,TKO,2023-04-25,2023-04-24,109.16999816894531,,,,yfinance_point_in_time_proxy,missing_shares_outstanding_on_or_before_entry
TKO_2023-12-07,TKO,2024-04-26,2024-04-25,96.19999694824219,2024-04-16,80662896.0,7759770349.036377,yfinance_point_in_time_proxy,
TKR_2022-06-23,TKR,2022-08-11,2022-08-10,66.75,2022-08-10,73447504.0,4902620892.0,yfinance_point_in_time_proxy,
TKR_2022-09-29,TKR,2023-08-15,2023-08-14,78.16000366210938,2023-06-15,72395200.0,5658409097.119141,yfinance_point_in_time_proxy,
TKR_2025-04-08,TKR,2025-07-01,2025-06-30,72.55000305175781,2025-06-28,69963000.0,5075815863.510132,yfinance_point_in_time_proxy,
TM_2020-11-30,TM,2021-11-11,2021-11-10,177.36000061035156,2021-11-02,1385670016.0,245762434883.50586,yfinance_point_in_time_proxy,
TM_2022-09-30,TM,2023-06-15,2023-06-14,165.57000732421875,2023-06-14,1411789952.0,233750072692.89844,yfinance_point_in_time_proxy,
TM_2025-04-04,TM,2025-10-27,2025-10-24,205.3699951171875,2025-10-24,1305084859.0,268025271120.34534,yfinance_point_in_time_proxy,
TMHC_2021-07-19,TMHC,2022-02-15,2022-02-14,29.690000534057617,2022-02-11,122891000.0,3648633855.6308746,yfinance_point_in_time_proxy,
TMHC_2022-06-17,TMHC,2023-02-17,2023-02-16,36.22999954223633,2022-10-28,108347000.0,3925411760.4026794,yfinance_point_in_time_proxy,
TMHC_2023-03-13,TMHC,2024-02-22,2024-02-21,55.54999923706055,2024-02-21,107449000.0,5968791868.022919,yfinance_point_in_time_proxy,
TMHC_2025-04-08,TMHC,2025-09-05,2025-09-04,70.0999984741211,2025-09-04,98843200.0,6928908169.177246,yfinance_point_in_time_proxy,
TMO_2020-09-08,TMO,2021-07-30,2021-07-29,533.77001953125,2021-07-15,395736000.0,211232012449.21875,yfinance_point_in_time_proxy,
TMO_2023-10-27,TMO,2024-01-30,2024-01-29,557.77001953125,2024-01-27,386372000.0,215506717986.32812,yfinance_point_in_time_proxy,
TMO_2025-06-17,TMO,2025-10-01,2025-09-30,485.0199890136719,2025-09-30,379410118.0,184021491264.03595,yfinance_point_in_time_proxy,
TMUS_2022-01-21,TMUS,2022-04-04,2022-04-01,130.75999450683594,2022-03-05,1249289984.0,163357151445.28516,yfinance_point_in_time_proxy,
TMUS_2023-06-07,TMUS,2024-01-17,2024-01-16,163.0800018310547,2024-01-13,1156480000.0,188598760517.57812,yfinance_point_in_time_proxy,
TMUS_2024-02-16,TMUS,2025-01-21,2025-01-17,218.97000122070312,2025-01-18,1160489984.0,254112493213.09375,yfinance_point_in_time_proxy,
TNL_2022-09-30,TNL,2023-02-02,2023-02-01,42.900001525878906,2023-01-05,81280600.0,3486937864.024353,yfinance_point_in_time_proxy,
TNL_2023-10-27,TNL,2024-02-12,2024-02-09,40.9900016784668,2024-02-08,72420304.0,2968508382.5150757,yfinance_point_in_time_proxy,
TOL_2022-10-20,TOL,2023-01-06,2023-01-05,52.13999938964844,2022-12-21,110727000.0,5773305712.417603,yfinance_point_in_time_proxy,
TOL_2023-01-10,TOL,2024-01-10,2024-01-09,101.5999984741211,2024-01-06,105206000.0,10688929439.468384,yfinance_point_in_time_proxy,
TOL_2024-01-24,TOL,2025-01-14,2025-01-13,126.1500015258789,2025-01-11,102863000.0,12976167606.956482,yfinance_point_in_time_proxy,
TPL_2022-02-22,TPL,2022-04-05,2022-04-04,164.36666870117188,2022-03-23,7745380.0,1273082308.4246826,yfinance_point_in_time_proxy,
TPL_2022-05-11,TPL,2023-04-10,2023-04-06,192.5044403076172,2023-04-01,7723560.0,1486819594.9822998,yfinance_point_in_time_proxy,
TPL_2023-06-23,TPL,2024-04-11,2024-04-10,198.07333374023438,2024-03-28,23005300.0,4556736464.694214,yfinance_point_in_time_proxy,
TPL_2024-05-02,TPL,2025-04-15,2025-04-14,415.84332275390625,2025-04-14,22984800.0,9558075604.833984,yfinance_point_in_time_proxy,
TPR_2020-09-29,TPR,2021-09-13,2021-09-10,40.470001220703125,2021-08-24,279575008.0,11314400915.038086,yfinance_point_in_time_proxy,
TPR_2022-05-11,TPR,2022-11-11,2022-11-10,32.540000915527344,2022-11-09,242050000.0,7876307221.603394,yfinance_point_in_time_proxy,
TPR_2023-11-01,TPR,2023-12-13,2023-12-12,33.560001373291016,2023-12-12,229186000.0,7691482474.739075,yfinance_point_in_time_proxy,
TPR_2024-01-18,TPR,2024-12-16,2024-12-13,63.20000076293945,2024-12-14,233036000.0,14727875377.792358,yfinance_point_in_time_proxy,
TPR_2025-04-08,TPR,2025-12-19,2025-12-18,125.4000015258789,2025-11-17,207005509.0,25958491144.46534,yfinance_point_in_time_proxy,
TREX_2022-06-16,TREX,2022-08-01,2022-07-29,64.5199966430664,2022-07-27,113199000.0,7303599099.998474,yfinance_point_in_time_proxy,
TREX_2022-11-03,TREX,2023-08-03,2023-08-02,75.43000030517578,2023-07-15,108804000.0,8207085753.204346,yfinance_point_in_time_proxy,
TREX_2023-10-27,TREX,2024-08-06,2024-08-05,75.44999694824219,2024-07-27,108693000.0,8200886518.295288,yfinance_point_in_time_proxy,
TREX_2025-04-08,TREX,2025-08-13,2025-08-12,61.119998931884766,2025-08-12,107234000.0,6554141965.461731,yfinance_point_in_time_proxy,
TRGP_2021-04-09,TRGP,2022-03-22,2022-03-21,71.62999725341797,2022-03-20,228783008.0,16387726234.668701,yfinance_point_in_time_proxy,
TRGP_2022-07-06,TRGP,2023-03-31,2023-03-30,71.61000061035156,2023-03-30,229543008.0,16437574942.981934,yfinance_point_in_time_proxy,
TRGP_2023-05-31,TRGP,2024-04-04,2024-04-03,116.0,2024-03-27,222535008.0,25814060928.0,yfinance_point_in_time_proxy,
TRGP_2024-04-18,TRGP,2025-04-08,2025-04-07,165.27999877929688,2025-04-01,217584992.0,35962447212.15332,yfinance_point_in_time_proxy,
TRMB_2023-11-13,TRMB,2023-12-26,2023-12-22,52.439998626708984,2023-12-22,248768000.0,13045393578.36914,yfinance_point_in_time_proxy,
TRMB_2024-01-17,TRMB,2024-12-27,2024-12-26,72.30000305175781,2024-12-11,245822000.0,17772931350.18921,yfinance_point_in_time_proxy,
TROW_2020-09-23,TROW,2021-07-27,2021-07-26,206.22999572753906,2021-07-20,233715008.0,48199045101.30176,yfinance_point_in_time_proxy,
TROW_2022-10-12,TROW,2022-11-11,2022-11-10,124.6500015258789,2022-11-01,223464992.0,27854911593.780518,yfinance_point_in_time_proxy,
TROW_2023-10-27,TROW,2024-03-04,2024-03-01,113.4800033569336,2024-03-01,223656992.0,25380596202.96167,yfinance_point_in_time_proxy,
TROW_2025-04-08,TROW,2025-07-10,2025-07-09,101.44999694824219,2025-07-08,220316000.0,22351057527.648926,yfinance_point_in_time_proxy,
TRU_2020-10-29,TRU,2021-09-09,2021-09-08,124.72000122070312,2021-07-29,191500000.0,23883880233.76465,yfinance_point_in_time_proxy,
TRU_2022-11-03,TRU,2023-01-11,2023-01-10,64.0999984741211,2022-12-05,192700000.0,12352069705.963135,yfinance_point_in_time_proxy,
TRU_2023-10-30,TRU,2024-01-16,2024-01-12,68.5,2024-01-10,193700000.0,13268450000.0,yfinance_point_in_time_proxy,
TRU_2024-04-19,TRU,2025-01-17,2025-01-16,94.77999877929688,2025-01-11,202562000.0,19198826112.731934,yfinance_point_in_time_proxy,
TRV_2021-12-01,TRV,2022-11-21,2022-11-18,184.55999755859375,2022-10-22,234348000.0,43251266307.86133,yfinance_point_in_time_proxy,
TRV_2023-10-24,TRV,2024-01-19,2024-01-18,198.35000610351562,2024-01-18,228399008.0,45302944630.836914,yfinance_point_in_time_proxy,
TRV_2024-07-05,TRV,2025-03-03,2025-02-28,258.489990234375,2025-03-01,226727008.0,58606662083.78906,yfinance_point_in_time_proxy,
TSCO_2021-06-18,TSCO,2022-04-07,2022-04-06,44.98400115966797,2022-03-31,112146000.0,5044775794.052124,yfinance_point_in_time_proxy,
TSCO_2022-05-24,TSCO,2023-04-12,2023-04-11,48.0,2023-04-07,109895000.0,5274960000.0,yfinance_point_in_time_proxy,
TSCO_2023-10-27,TSCO,2024-04-15,2024-04-12,48.97800064086914,2024-04-12,107932000.0,5286293565.170288,yfinance_point_in_time_proxy,
TSCO_2025-04-08,TSCO,2025-08-19,2025-08-18,61.099998474121094,2025-08-18,529952000.0,32380066391.35742,yfinance_point_in_time_proxy,
TSLA_2020-11-16,TSLA,2021-11-02,2021-11-01,402.86334228515625,2021-10-27,1004259968.0,404579527231.66406,yfinance_point_in_time_proxy,
TSLA_2023-01-03,TSLA,2023-01-23,2023-01-20,133.4199981689453,2023-01-06,3157750016.0,421307001352.70703,yfinance_point_in_time_proxy,
TSLA_2023-04-26,TSLA,2024-02-15,2024-02-14,188.7100067138672,2024-02-14,3184790016.0,601001745301.6172,yfinance_point_in_time_proxy,
TSLA_2024-04-22,TSLA,2025-02-20,2025-02-19,360.55999755859375,2025-02-15,3216519936.0,1159748420271.3281,yfinance_point_in_time_proxy,
TSM_2022-11-03,TSM,2022-11-15,2022-11-14,72.80000305175781,2022-11-11,5186079744.0,377546621189.8594,yfinance_point_in_time_proxy,
TSM_2022-12-28,TSM,2023-11-17,2023-11-16,98.54000091552734,2023-10-23,5186409984.0,511068844571.66016,yfinance_point_in_time_proxy,
TSM_2023-12-05,TSM,2024-11-20,2024-11-19,189.6699981689453,2024-11-19,5186549760.0,983732883482.3438,yfinance_point_in_time_proxy,
TSM_2025-04-08,TSM,2025-11-25,2025-11-24,284.6400146484375,2025-11-17,5186523104.0,1476292012297.0195,yfinance_point_in_time_proxy,
TSN_2021-08-05,TSN,2022-04-01,2022-03-31,89.62999725341797,2022-03-28,359964000.0,32263572331.329346,yfinance_point_in_time_proxy,
TSN_2023-10-23,TSN,2024-03-20,2024-03-19,57.16999816894531,2024-03-16,357008992.0,20410203418.93701,yfinance_point_in_time_proxy,
TT_2020-09-29,TT,2021-09-28,2021-09-27,179.3800048828125,2021-08-14,238392000.0,42762758124.02344,yfinance_point_in_time_proxy,
TT_2022-06-17,TT,2022-10-28,2022-10-27,156.33999633789062,2022-09-17,231716992.0,36226633680.70703,yfinance_point_in_time_proxy,
TT_2022-11-01,TT,2023-11-01,2023-10-31,190.30999755859375,2023-10-28,228398000.0,43466422822.387695,yfinance_point_in_time_proxy,
TT_2023-11-06,TT,2024-11-04,2024-11-01,376.1499938964844,2024-11-01,225024000.0,84642776226.5625,yfinance_point_in_time_proxy,
TT_2025-04-08,TT,2025-11-07,2025-11-06,435.6000061035156,2025-11-05,221739004.0,96589511495.78748,yfinance_point_in_time_proxy,
TTC_2022-06-21,TTC,2022-10-18,2022-10-17,94.44000244140625,2022-09-14,104203000.0,9840931574.401855,yfinance_point_in_time_proxy,
TTC_2025-04-08,TTC,2025-08-25,2025-08-22,79.11000061035156,2025-08-21,98685296.0,7806993826.792725,yfinance_point_in_time_proxy,
TTD_2021-05-10,TTD,2021-12-03,2021-12-02,95.88999938964844,2021-12-02,522024000.0,50056881041.381836,yfinance_point_in_time_proxy,
TTD_2022-11-09,TTD,2022-12-13,2022-12-12,49.220001220703125,2022-11-27,489511008.0,24093732411.307617,yfinance_point_in_time_proxy,
TTD_2023-01-06,TTD,2023-12-15,2023-12-14,76.08000183105469,2023-12-14,490296992.0,37301796049.120605,yfinance_point_in_time_proxy,
TTD_2024-01-16,TTD,2024-12-18,2024-12-17,135.02000427246094,2024-12-17,492718016.0,66526788625.43848,yfinance_point_in_time_proxy,
TTE_2021-07-20,TTE,2022-03-25,2022-03-24,51.59000015258789,2022-03-23,2588900096.0,133561356347.6748,yfinance_point_in_time_proxy,
TTE_2022-09-26,TTE,2023-03-29,2023-03-28,57.86000061035156,2023-03-28,2456940032.0,142158551751.1172,yfinance_point_in_time_proxy,
TTE_2023-07-06,TTE,2024-04-02,2024-04-01,69.73999786376953,2024-03-28,2322350080.0,161960689618.125,yfinance_point_in_time_proxy,
TTE_2024-12-19,TTE,2025-11-28,2025-11-26,65.5199966430664,2025-11-26,2155607783.0,141235414705.92783,yfinance_point_in_time_proxy,
TTEK_2022-06-16,TTEK,2022-11-10,2022-11-09,27.75200080871582,2022-10-23,53318700.0,1479700605.5196762,yfinance_point_in_time_proxy,
TTEK_2023-05-25,TTEK,2024-02-07,2024-02-06,34.04399871826172,2024-02-04,53466400.0,1820210053.0700684,yfinance_point_in_time_proxy,
TTEK_2025-04-08,TTEK,2025-07-02,2025-07-01,36.099998474121094,2025-06-28,263503008.0,9512458186.726318,yfinance_point_in_time_proxy,
TTMI_2022-02-10,TTMI,2022-08-04,2022-08-03,13.510000228881836,2022-07-30,101012000.0,1364672143.119812,yfinance_point_in_time_proxy,
TTMI_2023-05-03,TTMI,2023-08-08,2023-08-07,14.970000267028809,2023-07-26,102586000.0,1535712447.3934174,yfinance_point_in_time_proxy,
TTMI_2023-10-25,TTMI,2024-08-09,2024-08-08,17.739999771118164,2024-08-08,101951000.0,1808610716.665268,yfinance_point_in_time_proxy,
TTMI_2024-09-09,TTMI,2025-08-14,2025-08-13,44.959999084472656,2025-08-09,103313000.0,4644952385.414124,yfinance_point_in_time_proxy,
TTWO_2020-06-12,TTWO,2021-06-09,2021-06-08,184.8300018310547,2021-06-04,116171000.0,21471886142.715454,yfinance_point_in_time_proxy,
TTWO_2022-05-10,TTWO,2022-08-16,2022-08-15,127.38999938964844,2022-08-10,166691008.0,21234767407.379883,yfinance_point_in_time_proxy,
TTWO_2022-11-08,TTWO,2023-08-18,2023-08-17,138.0800018310547,2023-07-26,169334000.0,23381639030.059814,yfinance_point_in_time_proxy,
TTWO_2024-08-07,TTWO,2024-11-07,2024-11-06,166.6199951171875,2024-11-06,175283008.0,29205653937.085938,yfinance_point_in_time_proxy,
TTWO_2024-11-15,TTWO,2025-11-12,2025-11-11,240.6999969482422,2025-11-11,184778832.0,44476264298.499756,yfinance_point_in_time_proxy,
TWLO_2020-09-17,TWLO,2021-09-07,2021-09-03,367.2300109863281,2021-08-24,172994000.0,63528588520.56885,yfinance_point_in_time_proxy,
TWLO_2022-11-04,TWLO,2023-01-23,2023-01-20,54.2599983215332,2023-01-05,184340000.0,10002288090.59143,yfinance_point_in_time_proxy,
TWLO_2023-05-12,TWLO,2024-01-25,2024-01-24,72.80000305175781,2024-01-24,181043008.0,13179931534.899414,yfinance_point_in_time_proxy,
TWLO_2024-06-18,TWLO,2025-01-29,2025-01-28,146.97000122070312,2025-01-25,153384000.0,22542846667.23633,yfinance_point_in_time_proxy,
TXN_2023-10-30,TXN,2024-05-06,2024-05-03,178.91000366210938,2024-05-04,910481984.0,162894335091.7246,yfinance_point_in_time_proxy,
TXN_2025-04-21,TXN,2025-05-13,2025-05-12,187.27999877929688,2025-05-10,908472000.0,170138635051.0254,yfinance_point_in_time_proxy,
TXNM_2024-02-05,TXNM,2024-10-23,2024-10-22,43.470001220703125,2024-10-18,90462400.0,3932400638.4277344,yfinance_point_in_time_proxy,
TXNM_2024-11-01,TXNM,2025-10-28,2025-10-27,56.77000045776367,2025-10-25,105378979.0,5982364686.068668,yfinance_point_in_time_proxy,
TXRH_2022-05-24,TXRH,2022-08-10,2022-08-09,89.19999694824219,2022-07-30,68168000.0,6080585391.967773,yfinance_point_in_time_proxy,
TXRH_2022-12-30,TXRH,2023-12-13,2023-12-12,115.2300033569336,2023-12-09,66783100.0,7695416837.186432,yfinance_point_in_time_proxy,
TXT_2021-03-31,TXT,2022-03-29,2022-03-28,74.7300033569336,2022-03-08,216328992.0,16166266298.36206,yfinance_point_in_time_proxy,
TXT_2022-09-30,TXT,2023-07-27,2023-07-26,68.4000015258789,2023-07-13,204732992.0,14003736965.197754,yfinance_point_in_time_proxy,
TXT_2025-04-04,TXT,2025-06-25,2025-06-24,78.76000213623047,2025-06-24,180539008.0,14219252655.75293,yfinance_point_in_time_proxy,
TYL_2022-06-16,TYL,2022-07-28,2022-07-27,374.3399963378906,2022-05-10,41473700.0,15525264706.118774,yfinance_point_in_time_proxy,
TYL_2022-11-04,TYL,2023-08-01,2023-07-31,396.6300048828125,2023-05-16,41925300.0,16628831943.713379,yfinance_point_in_time_proxy,
TYL_2023-10-27,TYL,2024-08-02,2024-08-01,569.7100219726562,2024-08-01,42672700.0,24311064854.63257,yfinance_point_in_time_proxy,
UAL_2020-07-09,UAL,2021-07-07,2021-07-06,51.439998626708984,2021-07-03,325512000.0,16744336832.977295,yfinance_point_in_time_proxy,
UAL_2022-03-07,UAL,2022-07-19,2022-07-18,39.34000015258789,2022-07-02,326731008.0,12853597904.575195,yfinance_point_in_time_proxy,
UAL_2022-09-26,UAL,2023-07-21,2023-07-20,56.56999969482422,2023-07-15,327968992.0,18553205777.351807,yfinance_point_in_time_proxy,
UAL_2023-10-27,UAL,2024-07-24,2024-07-23,48.220001220703125,2024-07-20,328833984.0,15856375109.888672,yfinance_point_in_time_proxy,
UAL_2024-08-05,UAL,2025-07-29,2025-07-28,92.43000030517578,2025-07-26,323732000.0,29922548858.795166,yfinance_point_in_time_proxy,
UBER_2020-08-19,UBER,2021-07-19,2021-07-16,46.189998626708984,2021-06-16,1877980032.0,86743895099.0669,yfinance_point_in_time_proxy,
UBER_2022-06-30,UBER,2022-08-02,2022-08-01,24.600000381469727,2022-07-24,1963660032.0,48306037536.276855,yfinance_point_in_time_proxy,
UBER_2022-12-27,UBER,2023-08-04,2023-08-03,45.90999984741211,2023-07-21,2023830016.0,92914035725.74805,yfinance_point_in_time_proxy,
UBER_2023-10-26,UBER,2024-08-07,2024-08-06,64.87000274658203,2024-08-03,2089520000.0,135547168139.03809,yfinance_point_in_time_proxy,
UBER_2024-12-13,UBER,2025-08-12,2025-08-11,90.58000183105469,2025-08-08,2085420032.0,188897350317.07812,yfinance_point_in_time_proxy,
UBSI_2021-09-21,UBSI,2022-08-16,2022-08-15,39.9900016784668,2022-08-12,134592000.0,5382334305.908203,yfinance_point_in_time_proxy,
UBSI_2023-10-24,UBSI,2023-11-20,2023-11-17,33.75,2023-11-15,134932992.0,4553988480.0,yfinance_point_in_time_proxy,
UBSI_2024-06-11,UBSI,2024-11-21,2024-11-20,41.400001525878906,2024-11-20,135220000.0,5598108206.329346,yfinance_point_in_time_proxy,
UBSI_2025-04-08,UBSI,2025-12-17,2025-12-16,39.5,2025-11-25,140416593.0,5546455423.5,yfinance_point_in_time_proxy,
UDR_2021-04-14,UDR,2022-04-11,2022-04-08,58.7400016784668,2022-03-31,537753024.0,31587613532.360596,yfinance_point_in_time_proxy,
UDR_2023-11-01,UDR,2024-06-14,2024-06-13,39.90999984741211,2024-06-13,374480992.0,14945536333.578735,yfinance_point_in_time_proxy,
UFPI_2022-06-17,UFPI,2022-07-25,2022-07-22,84.08000183105469,2022-06-18,62734200.0,5274691650.869751,yfinance_point_in_time_proxy,
UFPI_2022-10-24,UFPI,2023-07-27,2023-07-26,101.70999908447266,2023-07-26,62095600.0,6315743419.14978,yfinance_point_in_time_proxy,
UFPI_2023-10-25,UFPI,2024-07-30,2024-07-29,127.05999755859375,2024-07-26,61753900.0,7846450383.233643,yfinance_point_in_time_proxy,
UGI_2022-03-11,UGI,2022-05-27,2022-05-26,42.310001373291016,2022-05-13,211047008.0,8929399198.30896,yfinance_point_in_time_proxy,
UGI_2023-10-23,UGI,2024-04-19,2024-04-18,23.790000915527344,2024-04-18,209551008.0,4985218672.169678,yfinance_point_in_time_proxy,
UGI_2024-06-18,UGI,2025-04-24,2025-04-23,32.75,2025-04-23,214812992.0,7035125488.0,yfinance_point_in_time_proxy,
UHS_2020-09-23,UHS,2021-07-29,2021-07-28,157.89999389648438,2021-07-14,85229400.0,13457721739.801025,yfinance_point_in_time_proxy,
UHS_2022-09-27,UHS,2022-10-28,2022-10-27,112.45999908447266,2022-10-27,72969000.0,8206093673.194885,yfinance_point_in_time_proxy,
UHS_2023-03-13,UHS,2023-12-14,2023-12-13,149.30999755859375,2023-12-06,68245600.0,10189750369.384766,yfinance_point_in_time_proxy,
UHS_2025-07-28,UHS,2025-09-30,2025-09-29,201.07000732421875,2025-09-26,63638690.0,12795831864.403687,yfinance_point_in_time_proxy,
UL_2022-05-19,UL,2023-04-21,2023-04-20,61.12612533569336,2023-04-20,2526020096.0,154405820988.57617,yfinance_point_in_time_proxy,
UL_2023-10-27,UL,2024-07-25,2024-07-24,63.67116928100586,2024-07-24,2532930048.0,161274617863.1543,yfinance_point_in_time_proxy,
ULTA_2021-05-12,ULTA,2022-05-04,2022-05-03,401.2300109863281,2022-05-03,52227100.0,20955079906.784058,yfinance_point_in_time_proxy,
ULTA_2022-05-24,ULTA,2023-05-08,2023-05-05,520.0499877929688,2023-05-06,50088600.0,26048575818.566895,yfinance_point_in_time_proxy,
ULTA_2024-08-12,ULTA,2024-12-06,2024-12-05,392.8699951171875,2024-12-05,47114700.0,18509951958.947754,yfinance_point_in_time_proxy,
ULTA_2025-03-13,ULTA,2025-12-11,2025-12-10,600.6500244140625,2025-12-09,44838365.0,26932165031.936646,yfinance_point_in_time_proxy,
UMBF_2023-05-04,UMBF,2023-07-19,2023-07-18,67.22000122070312,2023-07-15,48508900.0,3260768317.214966,yfinance_point_in_time_proxy,
UMBF_2023-10-03,UMBF,2024-07-22,2024-07-19,94.70999908447266,2024-07-18,48870000.0,4628477655.258179,yfinance_point_in_time_proxy,
UMBF_2025-04-11,UMBF,2025-08-12,2025-08-11,109.80000305175781,2025-08-09,75928304.0,8336928010.914795,yfinance_point_in_time_proxy,
UNH_2021-02-08,UNH,2021-11-29,2021-11-26,439.9100036621094,2021-11-06,941851008.0,414329680378.4414,yfinance_point_in_time_proxy,
UNH_2024-04-12,UNH,2024-07-17,2024-07-16,548.8699951171875,2024-07-16,920385024.0,505171723628.8125,yfinance_point_in_time_proxy,
UNH_2025-08-01,UNH,2025-08-29,2025-08-28,302.2900085449219,2025-08-28,905673984.0,273776196362.27344,yfinance_point_in_time_proxy,
UNM_2021-12-01,UNM,2022-03-28,2022-03-25,31.799999237060547,2022-03-03,202564000.0,6441535045.455933,yfinance_point_in_time_proxy,
UNM_2022-04-04,UNM,2023-03-30,2023-03-29,39.310001373291016,2023-03-22,197294000.0,7755627410.942078,yfinance_point_in_time_proxy,
UNM_2023-04-06,UNM,2024-04-03,2024-04-02,54.099998474121094,2024-04-02,191518000.0,10361123507.766724,yfinance_point_in_time_proxy,
UNM_2024-06-14,UNM,2025-04-07,2025-04-04,71.16999816894531,2025-04-04,176778000.0,12581289936.309814,yfinance_point_in_time_proxy,
UNP_2022-10-20,UNP,2023-07-26,2023-07-25,215.5500030517578,2023-07-13,609694976.0,131419753937.4414,yfinance_point_in_time_proxy,
UNP_2023-10-05,UNP,2024-08-30,2024-08-29,253.1999969482422,2024-08-29,609198016.0,154248935792.0752,yfinance_point_in_time_proxy,
UPS_2020-07-29,UPS,2021-07-28,2021-07-27,195.19000244140625,2021-06-25,870532992.0,169919336833.8047,yfinance_point_in_time_proxy,
URI_2021-02-03,URI,2022-02-01,2022-01-31,320.1199951171875,2022-01-28,72421904.0,23183699554.85742,yfinance_point_in_time_proxy,
URI_2022-06-23,URI,2023-02-03,2023-02-02,456.20001220703125,2023-01-27,69359600.0,31641850366.674805,yfinance_point_in_time_proxy,
URI_2023-05-16,URI,2024-02-07,2024-02-06,654.5399780273438,2024-02-03,67191600.0,43979588387.62207,yfinance_point_in_time_proxy,
URI_2025-04-08,URI,2025-05-13,2025-05-12,711.8300170898438,2025-05-08,64999000.0,46268239280.822754,yfinance_point_in_time_proxy,
USB_2020-09-23,USB,2021-07-26,2021-07-23,55.720001220703125,2021-07-20,1483000064.0,82632765376.38281,yfinance_point_in_time_proxy,
USB_2023-05-16,USB,2023-07-19,2023-07-18,36.54999923706055,2023-07-13,1532920064.0,56028227169.674805,yfinance_point_in_time_proxy,
USB_2023-10-27,USB,2024-07-22,2024-07-19,44.7599983215332,2024-07-20,1560460032.0,69846188413.13965,yfinance_point_in_time_proxy,
USB_2025-04-08,USB,2025-08-14,2025-08-13,46.61000061035156,2025-08-09,1556189952.0,72534014612.54297,yfinance_point_in_time_proxy,
USFD_2020-10-30,USFD,2021-08-19,2021-08-18,32.65999984741211,2021-08-11,221912000.0,7247645886.138916,yfinance_point_in_time_proxy,
USFD_2022-10-12,USFD,2022-11-16,2022-11-15,34.209999084472656,2022-11-12,224891008.0,7693521177.786133,yfinance_point_in_time_proxy,
USFD_2022-12-30,USFD,2023-12-05,2023-12-04,44.209999084472656,2023-12-02,245852000.0,10869116694.915771,yfinance_point_in_time_proxy,
USFD_2023-12-15,USFD,2024-12-06,2024-12-05,72.33000183105469,2024-12-04,232939008.0,16848478875.164062,yfinance_point_in_time_proxy,
UTHR_2022-03-01,UTHR,2022-05-24,2022-05-23,210.13999938964844,2022-05-06,45299500.0,9519236902.35138,yfinance_point_in_time_proxy,
UTHR_2023-05-30,UTHR,2024-05-14,2024-05-13,264.3399963378906,2024-05-11,44366500.0,11727840447.525024,yfinance_point_in_time_proxy,
UTHR_2025-07-31,UTHR,2025-09-02,2025-08-29,304.760009765625,2025-08-30,45226300.0,13783167629.663086,yfinance_point_in_time_proxy,
V_2020-10-28,V,2021-06-11,2021-06-10,233.9499969482422,2021-05-03,2200369920.0,514776536069.0039,yfinance_point_in_time_proxy,
V_2022-09-30,V,2023-01-27,2023-01-26,224.7100067138672,2022-12-05,2117619968.0,475850397226.6992,yfinance_point_in_time_proxy,
V_2023-03-13,V,2024-02-02,2024-02-01,277.04998779296875,2024-02-01,2054070016.0,569080072858.7031,yfinance_point_in_time_proxy,
V_2024-07-25,V,2025-02-06,2025-02-05,349.44000244140625,2025-02-01,1937750016.0,677127370321.875,yfinance_point_in_time_proxy,
VAL_2022-07-14,VAL,2023-07-12,2023-07-11,70.16000366210938,2023-06-15,75181200.0,5274713267.321777,yfinance_point_in_time_proxy,
VAL_2024-02-05,VAL,2024-07-15,2024-07-12,76.76000213623047,2024-07-13,72410800.0,5558253162.686157,yfinance_point_in_time_proxy,
VAL_2025-04-08,VAL,2025-07-18,2025-07-17,47.380001068115234,2025-07-17,71069000.0,3367249295.9098816,yfinance_point_in_time_proxy,
VALE_2021-11-18,VALE,2022-01-07,2022-01-06,14.010000228881836,2022-01-06,4844760064.0,67875089605.51758,yfinance_point_in_time_proxy,
VALE_2022-07-20,VALE,2023-01-11,2023-01-10,17.959999084472656,2023-01-06,4664059904.0,83766511605.76562,yfinance_point_in_time_proxy,
VALE_2025-01-08,VALE,2025-08-29,2025-08-28,10.25,2025-08-22,4268780032.0,43754995328.0,yfinance_point_in_time_proxy,
VC_2022-04-26,VC,2022-07-21,2022-07-20,115.72000122070312,2022-07-02,28111200.0,3253028098.3154297,yfinance_point_in_time_proxy,
VC_2022-09-30,VC,2023-07-25,2023-07-24,154.85000610351562,2023-07-20,28349500.0,4389920248.031616,yfinance_point_in_time_proxy,
VC_2025-04-10,VC,2025-05-12,2025-05-09,84.45999908447266,2025-05-09,27258200.0,2302227547.0443726,yfinance_point_in_time_proxy,
VFC_2020-08-06,VFC,2021-08-05,2021-08-04,79.2699966430664,2021-06-29,405619008.0,32153417402.523926,yfinance_point_in_time_proxy,
VFC_2023-11-01,VFC,2023-11-15,2023-11-14,15.569999694824219,2023-11-10,388883008.0,6054908315.882324,yfinance_point_in_time_proxy,
VFC_2024-05-23,VFC,2024-11-18,2024-11-15,20.15999984741211,2024-11-16,389319008.0,7848671141.874634,yfinance_point_in_time_proxy,
VFC_2025-04-08,VFC,2025-11-21,2025-11-20,14.630000114440918,2025-11-17,390724758.0,5716303254.2549,yfinance_point_in_time_proxy,
VICI_2021-12-01,VICI,2022-07-27,2022-07-26,32.880001068115234,2022-06-24,966302016.0,31772011318.201904,yfinance_point_in_time_proxy,
VICI_2023-10-30,VICI,2024-09-10,2024-09-09,33.86000061035156,2024-09-07,1050929984.0,35584489899.67676,yfinance_point_in_time_proxy,
VLO_2021-08-20,VLO,2022-04-14,2022-04-13,103.94000244140625,2022-03-21,409416992.0,42554803148.0332,yfinance_point_in_time_proxy,
VLO_2022-09-26,VLO,2023-07-24,2023-07-21,122.98999786376953,2023-07-15,361516992.0,44462974073.79639,yfinance_point_in_time_proxy,
VLO_2023-11-09,VLO,2024-07-25,2024-07-24,148.82000732421875,2024-07-24,329454016.0,49029349074.11328,yfinance_point_in_time_proxy,
VLO_2025-04-04,VLO,2025-07-30,2025-07-29,144.72999572753906,2025-07-29,310652000.0,44960662632.751465,yfinance_point_in_time_proxy,
VLY_2020-09-23,VLY,2021-08-11,2021-08-10,13.479999542236328,2021-08-10,406608992.0,5481089026.029175,yfinance_point_in_time_proxy,
VLY_2023-05-12,VLY,2023-06-07,2023-06-06,8.520000457763672,2023-06-03,507875008.0,4327095300.6467285,yfinance_point_in_time_proxy,
VLY_2024-06-14,VLY,2024-08-23,2024-08-22,8.210000038146973,2024-08-22,509222016.0,4180712770.7852783,yfinance_point_in_time_proxy,
VLY_2024-09-11,VLY,2025-08-28,2025-08-27,10.489999771118164,2025-08-23,559721024.0,5871473413.650024,yfinance_point_in_time_proxy,
VMC_2022-06-23,VMC,2022-11-25,2022-11-23,182.27999877929688,2022-11-09,132907000.0,24226287797.76001,yfinance_point_in_time_proxy,
VMC_2023-03-17,VMC,2023-11-29,2023-11-28,211.16000366210938,2023-11-28,132873000.0,28057463166.59546,yfinance_point_in_time_proxy,
VMC_2023-12-06,VMC,2024-12-02,2024-11-29,288.1300048828125,2024-11-28,132061000.0,38050736574.8291,yfinance_point_in_time_proxy,
VMC_2025-03-07,VMC,2025-12-05,2025-12-04,293.6499938964844,2025-11-17,132130905.0,38800239446.78696,yfinance_point_in_time_proxy,
VMI_2022-01-27,VMI,2022-07-29,2022-07-28,269.010009765625,2022-06-04,21311400.0,5732979922.119141,yfinance_point_in_time_proxy,
VMI_2023-10-27,VMI,2024-05-02,2024-05-01,207.6999969482422,2024-04-30,20184500.0,4192320588.4017944,yfinance_point_in_time_proxy,
VMI_2024-06-04,VMI,2025-05-12,2025-05-09,309.17999267578125,2025-05-10,20071000.0,6205551632.995605,yfinance_point_in_time_proxy,
VNO_2022-10-12,VNO,2023-02-02,2023-02-01,24.530000686645508,2023-01-05,206104000.0,5055731261.520386,yfinance_point_in_time_proxy,
VNO_2023-05-16,VNO,2024-02-06,2024-02-05,25.6200008392334,2024-01-30,207248992.0,5309719348.970276,yfinance_point_in_time_proxy,
VNO_2024-05-29,VNO,2025-02-10,2025-02-07,42.959999084472656,2025-02-08,208872992.0,8973183545.091064,yfinance_point_in_time_proxy,
VNOM_2020-10-28,VNOM,2021-09-10,2021-09-09,18.959999084472656,2021-08-24,150115008.0,2846180414.2456055,yfinance_point_in_time_proxy,
VNOM_2021-09-14,VNOM,2022-09-13,2022-09-12,31.440000534057617,2022-08-26,165918000.0,5216462008.609772,yfinance_point_in_time_proxy,
VNOM_2023-06-16,VNOM,2023-12-18,2023-12-15,30.540000915527344,2023-11-10,177854000.0,5431661322.8302,yfinance_point_in_time_proxy,
VNOM_2024-01-18,VNOM,2024-12-19,2024-12-18,48.2599983215332,2024-12-14,188408992.0,9092617637.681763,yfinance_point_in_time_proxy,
VNT_2022-09-30,VNT,2023-01-12,2023-01-11,21.600000381469727,2022-11-12,162494000.0,3509870461.9865417,yfinance_point_in_time_proxy,
VNT_2023-01-19,VNT,2024-01-17,2024-01-16,34.11000061035156,2024-01-13,154328000.0,5264128174.194336,yfinance_point_in_time_proxy,
VNT_2025-04-08,VNT,2025-05-12,2025-05-09,34.849998474121094,2025-05-03,147900000.0,5154314774.32251,yfinance_point_in_time_proxy,
VOYA_2021-02-12,VOYA,2022-02-09,2022-02-08,70.91999816894531,2021-12-05,110995000.0,7871765196.762085,yfinance_point_in_time_proxy,
VOYA_2022-07-14,VOYA,2023-02-13,2023-02-10,74.08000183105469,2022-11-09,97172896.0,7198568313.608887,yfinance_point_in_time_proxy,
VOYA_2023-10-25,VOYA,2024-10-17,2024-10-16,82.66000366210938,2024-10-15,98323000.0,8127379540.06958,yfinance_point_in_time_proxy,
VOYA_2025-04-08,VOYA,2025-10-22,2025-10-21,74.5199966430664,2025-10-16,96417788.0,7185053238.091888,yfinance_point_in_time_proxy,
VRSK_2021-06-07,VRSK,2022-03-30,2022-03-29,214.8000030517578,2022-02-24,161283008.0,34643590610.59668,yfinance_point_in_time_proxy,
VRSK_2022-06-14,VRSK,2023-05-04,2023-05-03,203.97000122070312,2023-04-22,144456992.0,29464892834.5791,yfinance_point_in_time_proxy,
VRSK_2024-04-30,VRSK,2024-07-29,2024-07-26,279.9700012207031,2024-07-27,142675008.0,39944722163.92383,yfinance_point_in_time_proxy,
VRSN_2021-03-12,VRSN,2021-11-19,2021-11-18,241.02000427246094,2021-11-18,111078000.0,26772020034.576416,yfinance_point_in_time_proxy,
VRSN_2022-06-16,VRSN,2022-12-01,2022-11-30,199.80999755859375,2022-10-30,106016000.0,21183056701.171875,yfinance_point_in_time_proxy,
VRSN_2024-05-03,VRSN,2025-02-05,2025-02-04,218.5,2025-02-04,96100000.0,20997850000.0,yfinance_point_in_time_proxy,
VRTX_2021-10-05,VRTX,2022-01-14,2022-01-13,226.5800018310547,2021-12-04,254252000.0,57608418625.54932,yfinance_point_in_time_proxy,
VRTX_2022-01-26,VRTX,2023-01-19,2023-01-18,309.8599853515625,2022-11-27,256691008.0,79538271978.75781,yfinance_point_in_time_proxy,
VRTX_2023-03-08,VRTX,2024-01-23,2024-01-22,440.1099853515625,2024-01-19,257683008.0,113408864876.22656,yfinance_point_in_time_proxy,
VRTX_2024-04-30,VRTX,2025-03-17,2025-03-14,504.7699890136719,2025-03-14,256790000.0,129619885478.8208,yfinance_point_in_time_proxy,
VST_2021-05-17,VST,2021-11-05,2021-11-04,19.209999084472656,2021-08-09,482519008.0,9269189701.920654,yfinance_point_in_time_proxy,
VST_2022-09-30,VST,2023-07-05,2023-07-03,26.09000015258789,2023-05-16,373027008.0,9732274695.639404,yfinance_point_in_time_proxy,
VST_2023-07-17,VST,2024-07-08,2024-07-05,89.36000061035156,2024-07-06,347460000.0,31049025812.072754,yfinance_point_in_time_proxy,
VST_2024-07-30,VST,2025-07-11,2025-07-10,195.77999877929688,2025-07-10,339332000.0,66434418545.77637,yfinance_point_in_time_proxy,
VTR_2021-12-01,VTR,2022-03-24,2022-03-23,60.13999938964844,2022-03-18,399496000.0,24025689196.166992,yfinance_point_in_time_proxy,
VTR_2022-10-14,VTR,2023-04-25,2023-04-24,45.58000183105469,2023-04-14,405084000.0,18463729461.730957,yfinance_point_in_time_proxy,
VTR_2023-10-06,VTR,2024-06-24,2024-06-21,50.41999816894531,2024-06-21,404774016.0,20408705145.55664,yfinance_point_in_time_proxy,
VTRS_2022-09-27,VTRS,2022-11-08,2022-11-07,10.970000267028809,2022-11-01,1212669952.0,13302989697.257812,yfinance_point_in_time_proxy,
VTRS_2023-10-27,VTRS,2024-01-02,2023-12-29,10.829999923706055,2023-12-23,1199670016.0,12992426181.752441,yfinance_point_in_time_proxy,
VTRS_2025-04-10,VTRS,2025-07-02,2025-07-01,9.180000305175781,2025-07-01,1173680000.0,10774382758.17871,yfinance_point_in_time_proxy,
VVV_2020-10-28,VVV,2021-08-11,2021-08-10,30.309999465942383,2021-08-10,180760992.0,5478865570.983215,yfinance_point_in_time_proxy,
VVV_2022-10-12,VVV,2022-11-15,2022-11-14,32.15999984741211,2022-10-22,177020000.0,5692963172.988892,yfinance_point_in_time_proxy,
VVV_2023-10-30,VVV,2023-12-26,2023-12-22,37.86000061035156,2023-12-23,130262000.0,4931719399.505615,yfinance_point_in_time_proxy,
VWAGY_2020-10-28,VWAGY,2021-10-20,2021-10-19,30.934999465942383,2021-06-16,5012950016.0,155075606067.75586,yfinance_point_in_time_proxy,
VWAGY_2022-10-12,VWAGY,2023-02-02,2023-02-01,17.8799991607666,2022-10-19,5012950016.0,89631542079.04492,yfinance_point_in_time_proxy,
VWAGY_2023-10-27,VWAGY,2024-02-12,2024-02-09,14.449999809265137,2024-01-19,5012950016.0,72437126775.05566,yfinance_point_in_time_proxy,
VWAGY_2024-11-26,VWAGY,2025-02-25,2025-02-24,10.850000381469727,2025-02-22,4978449920.0,54016183531.12793,yfinance_point_in_time_proxy,
VZ_2023-10-13,VZ,2024-01-05,2024-01-04,39.369998931884766,2024-01-04,4204100096.0,165515416289.05664,yfinance_point_in_time_proxy,
WAB_2021-02-18,WAB,2022-01-04,2022-01-03,92.29000091552734,2021-12-05,186820992.0,17241709522.719727,yfinance_point_in_time_proxy,
WAB_2022-07-14,WAB,2023-01-24,2023-01-23,103.83000183105469,2023-01-05,181868000.0,18883354773.010254,yfinance_point_in_time_proxy,
WAB_2023-05-31,WAB,2024-01-26,2024-01-25,129.82000732421875,2024-01-25,179159008.0,23258423730.759766,yfinance_point_in_time_proxy,
WAB_2024-01-31,WAB,2025-01-30,2025-01-29,206.80999755859375,2025-01-11,171890000.0,35548570480.34668,yfinance_point_in_time_proxy,
WAL_2022-12-19,WAL,2023-01-27,2023-01-26,71.93000030517578,2023-01-05,108912000.0,7834040193.237305,yfinance_point_in_time_proxy,
WAL_2023-05-04,WAL,2024-01-31,2024-01-30,68.3499984741211,2024-01-25,109474000.0,7482547732.955933,yfinance_point_in_time_proxy,
WAL_2024-03-04,WAL,2025-02-04,2025-02-03,84.38999938964844,2025-02-01,110069000.0,9288722842.819214,yfinance_point_in_time_proxy,
WAT_2020-09-24,WAT,2021-07-16,2021-07-15,372.260009765625,2021-05-11,61700500.0,22968628732.543945,yfinance_point_in_time_proxy,
WAT_2023-10-30,WAT,2023-12-13,2023-12-12,297.7900085449219,2023-12-12,59127000.0,17607429835.235596,yfinance_point_in_time_proxy,
WAT_2024-07-01,WAT,2024-12-16,2024-12-13,378.260009765625,2024-12-14,59376200.0,22459641991.845703,yfinance_point_in_time_proxy,
WAT_2025-08-06,WAT,2025-12-19,2025-12-18,376.30999755859375,2025-11-17,59534740.0,22403517864.051514,yfinance_point_in_time_proxy,
WBD_2022-06-29,WBD,2022-08-04,2022-08-03,16.709999084472656,2022-07-30,2426840064.0,40552495247.60156,yfinance_point_in_time_proxy,
WBD_2022-12-28,WBD,2023-08-08,2023-08-07,14.470000267028809,2023-07-20,2436110080.0,35250513508.11157,yfinance_point_in_time_proxy,
WBD_2024-08-12,WBD,2024-11-07,2024-11-06,8.380000114440918,2024-11-06,2451909888.0,20547005142.03882,yfinance_point_in_time_proxy,
WBD_2025-04-08,WBD,2025-11-12,2025-11-11,23.049999237060547,2025-11-11,2477974509.0,57117310541.90549,yfinance_point_in_time_proxy,
WBS_2022-07-14,WBS,2022-10-28,2022-10-27,53.06999969482422,2022-09-17,179636000.0,9533282465.179443,yfinance_point_in_time_proxy,
WBS_2023-05-04,WBS,2023-11-03,2023-11-02,39.619998931884766,2023-10-25,175254000.0,6943563292.808533,yfinance_point_in_time_proxy,
WBS_2023-11-09,WBS,2024-11-06,2024-11-05,50.849998474121094,2024-11-02,175078000.0,8902716032.852173,yfinance_point_in_time_proxy,
WBS_2025-04-04,WBS,2025-11-11,2025-11-10,57.29999923706055,2025-10-24,165112318.0,9460935695.429298,yfinance_point_in_time_proxy,
WCC_2021-05-03,WCC,2022-04-27,2022-04-26,120.16999816894531,2022-04-14,50709700.0,6093784556.147766,yfinance_point_in_time_proxy,
WCC_2022-07-06,WCC,2023-05-01,2023-04-28,144.0,2023-04-22,51252400.0,7380345600.0,yfinance_point_in_time_proxy,
WCC_2023-05-04,WCC,2024-05-02,2024-05-01,154.39999389648438,2024-04-16,50821100.0,7846777529.812622,yfinance_point_in_time_proxy,
WCC_2025-04-08,WCC,2025-05-13,2025-05-12,171.6999969482422,2025-05-10,48803700.0,8379595141.062927,yfinance_point_in_time_proxy,
WDAY_2022-06-22,WDAY,2022-08-15,2022-08-12,176.22999572753906,2022-07-02,254000000.0,44762418914.79492,yfinance_point_in_time_proxy,
WDAY_2022-11-04,WDAY,2023-08-17,2023-08-16,230.41000366210938,2023-07-26,261000000.0,60137010955.81055,yfinance_point_in_time_proxy,
WDAY_2024-06-13,WDAY,2024-11-12,2024-11-11,264.1499938964844,2024-11-08,258652000.0,68322924221.31348,yfinance_point_in_time_proxy,
WDC_2022-03-14,WDC,2022-05-03,2022-05-02,40.755859375,2022-03-30,312918016.0,12753242656.0,yfinance_point_in_time_proxy,
WDC_2022-12-28,WDC,2023-05-26,2023-05-25,28.609220504760742,2023-05-16,319936992.0,9153147951.757874,yfinance_point_in_time_proxy,
WDC_2023-07-06,WDC,2024-05-30,2024-05-29,58.52607727050781,2024-05-25,326524992.0,19110226912.543945,yfinance_point_in_time_proxy,
WDC_2025-04-04,WDC,2025-06-04,2025-06-03,53.77000045776367,2025-06-03,348878016.0,18759171080.02368,yfinance_point_in_time_proxy,
WEC_2023-10-02,WEC,2024-10-01,2024-09-30,96.18000030517578,2024-09-28,316079008.0,30400479085.89966,yfinance_point_in_time_proxy,
WEC_2025-01-06,WEC,2025-10-15,2025-10-14,116.48999786376953,2025-10-11,321866395.0,37494215665.9692,yfinance_point_in_time_proxy,
WELL_2020-07-20,WELL,2021-07-13,2021-07-12,87.52999877929688,2021-05-04,417520992.0,36545611920.09082,yfinance_point_in_time_proxy,
WELL_2022-10-10,WELL,2023-01-23,2023-01-20,72.83000183105469,2022-11-11,472520992.0,34413704712.57178,yfinance_point_in_time_proxy,
WELL_2023-03-23,WELL,2024-01-25,2024-01-24,87.12999725341797,2024-01-24,559000000.0,48705668464.660645,yfinance_point_in_time_proxy,
WELL_2024-01-31,WELL,2025-01-29,2025-01-28,137.14999389648438,2025-01-25,622689984.0,85401927505.00195,yfinance_point_in_time_proxy,
WEX_2020-10-29,WEX,2021-06-11,2021-06-10,201.82000732421875,2021-05-11,44741300.0,9029689493.695068,yfinance_point_in_time_proxy,
WEX_2021-12-01,WEX,2022-06-15,2022-06-14,159.5500030517578,2022-06-04,45685500.0,7289121664.421082,yfinance_point_in_time_proxy,
WEX_2022-09-27,WEX,2023-06-20,2023-06-16,176.52999877929688,2023-05-16,42840700.0,7562668718.704224,yfinance_point_in_time_proxy,
WEX_2023-10-27,WEX,2024-10-11,2024-10-10,210.47000122070312,2024-10-05,41084000.0,8646949530.151367,yfinance_point_in_time_proxy,
WEX_2025-04-08,WEX,2025-10-16,2025-10-15,149.9600067138672,2025-10-15,34264311.0,5138276307.606033,yfinance_point_in_time_proxy,
WFC_2022-06-14,WFC,2023-02-07,2023-02-06,47.68000030517578,2023-01-19,3833799936.0,182795582118.4629,yfinance_point_in_time_proxy,
WFC_2023-03-24,WFC,2024-02-09,2024-02-08,48.349998474121094,2024-02-08,3598860032.0,174004877055.7754,yfinance_point_in_time_proxy,
WFRD_2022-07-14,WFRD,2023-03-14,2023-03-13,56.650001525878906,2023-03-02,70890304.0,4015935829.7700195,yfinance_point_in_time_proxy,
WFRD_2023-03-17,WFRD,2024-03-15,2024-03-14,112.72000122070312,2024-03-14,72319200.0,8151820312.280273,yfinance_point_in_time_proxy,
WFRD_2025-04-08,WFRD,2025-06-10,2025-06-09,49.27000045776367,2025-06-07,72556200.0,3574844007.2135925,yfinance_point_in_time_proxy,
WH_2020-08-03,WH,2021-07-30,2021-07-29,73.41999816894531,2021-07-14,93398800.0,6857339724.981689,yfinance_point_in_time_proxy,
WH_2022-09-26,WH,2023-01-25,2023-01-24,76.27999877929688,2023-01-05,88324200.0,6737369868.182373,yfinance_point_in_time_proxy,
WH_2024-05-29,WH,2024-10-24,2024-10-23,81.41999816894531,2024-10-18,78979904.0,6430543639.063477,yfinance_point_in_time_proxy,
WHR_2024-05-29,WHR,2024-07-15,2024-07-12,109.8499984741211,2024-07-10,54635700.0,6001731561.632538,yfinance_point_in_time_proxy,
WHR_2025-05-01,WHR,2025-07-22,2025-07-21,92.22000122070312,2025-07-19,55610100.0,5128363489.883423,yfinance_point_in_time_proxy,
WING_2020-10-30,WING,2021-08-26,2021-08-25,168.6699981689453,2021-08-13,29745500.0,5017173430.534363,yfinance_point_in_time_proxy,
WING_2022-05-24,WING,2022-08-29,2022-08-26,115.73999786376953,2022-08-18,29914400.0,3462292592.0959473,yfinance_point_in_time_proxy,
WING_2022-10-14,WING,2023-08-31,2023-08-30,162.97000122070312,2023-08-21,29977600.0,4885449508.59375,yfinance_point_in_time_proxy,
WING_2023-09-05,WING,2024-09-04,2024-09-03,372.8900146484375,2024-08-30,29304400.0,10927318145.263672,yfinance_point_in_time_proxy,
WING_2025-03-18,WING,2025-09-09,2025-09-08,304.7799987792969,2025-09-06,27923800.0,8510615729.91333,yfinance_point_in_time_proxy,
WIT_2023-04-14,WIT,2024-01-12,2024-01-11,2.684999942779541,2024-01-11,5294049792.0,14214523388.592041,yfinance_point_in_time_proxy,
WIT_2024-05-30,WIT,2025-01-17,2025-01-16,3.299999952316284,2025-01-09,10457900032.0,34511069606.92847,yfinance_point_in_time_proxy,
WLK_2020-11-12,WLK,2021-11-08,2021-11-05,99.16999816894531,2021-11-06,127822000.0,12676107505.950928,yfinance_point_in_time_proxy,
WLK_2022-09-26,WLK,2022-11-11,2022-11-10,106.1500015258789,2022-11-09,127538000.0,13538158894.607544,yfinance_point_in_time_proxy,
WLK_2023-01-03,WLK,2023-11-15,2023-11-14,129.75999450683594,2023-11-14,128141000.0,16627575456.100464,yfinance_point_in_time_proxy,
WLK_2025-06-02,WLK,2025-08-22,2025-08-21,82.73999786376953,2025-08-20,128246000.0,10611073766.036987,yfinance_point_in_time_proxy,
WM_2020-10-28,WM,2021-08-27,2021-08-26,153.60000610351562,2021-08-24,421099008.0,64680810198.984375,yfinance_point_in_time_proxy,
WM_2023-03-01,WM,2024-02-13,2024-02-12,188.25999450683594,2024-02-10,404119008.0,76079442226.18799,yfinance_point_in_time_proxy,
WMB_2021-04-22,WMB,2022-03-25,2022-03-24,32.93000030517578,2022-03-23,1217309952.0,40086017090.853516,yfinance_point_in_time_proxy,
WMB_2023-03-17,WMB,2023-10-17,2023-10-16,35.72999954223633,2023-10-14,1216419968.0,43462684899.80713,yfinance_point_in_time_proxy,
WMB_2024-02-14,WMB,2024-10-18,2024-10-17,51.540000915527344,2024-10-15,1218930048.0,62823655789.88379,yfinance_point_in_time_proxy,
WMG_2022-10-10,WMG,2022-11-22,2022-11-21,26.979999542236328,2022-10-23,514848992.0,13890625568.480835,yfinance_point_in_time_proxy,
WMG_2023-06-05,WMG,2023-11-27,2023-11-24,33.31999969482422,2023-11-23,515992992.0,17192886335.971436,yfinance_point_in_time_proxy,
WMG_2024-08-12,WMG,2025-02-14,2025-02-13,35.11000061035156,2025-02-13,505652000.0,17753442028.62549,yfinance_point_in_time_proxy,
WMS_2022-06-17,WMS,2022-07-26,2022-07-25,105.55000305175781,2022-06-30,84896704.0,8960847366.28418,yfinance_point_in_time_proxy,
WMS_2023-03-20,WMS,2023-07-28,2023-07-27,121.11000061035156,2023-07-20,78967800.0,9563790306.19812,yfinance_point_in_time_proxy,
WMS_2023-10-26,WMS,2024-07-31,2024-07-30,173.47000122070312,2024-07-30,77508200.0,13445347548.614502,yfinance_point_in_time_proxy,
WMS_2025-04-08,WMS,2025-08-07,2025-08-06,113.91000366210938,2025-08-06,77640704.0,8844052876.96875,yfinance_point_in_time_proxy,
WMT_2022-06-17,WMT,2022-11-28,2022-11-25,51.02333450317383,2022-09-17,2719940096.0,138780413346.80273,yfinance_point_in_time_proxy,
WMT_2023-03-10,WMT,2024-02-20,2024-02-16,56.78666687011719,2024-02-17,2692229888.0,152882761787.6289,yfinance_point_in_time_proxy,
WPC_2023-10-04,WPC,2023-12-28,2023-12-27,65.54000091552734,2023-12-27,218672000.0,14331763080.200195,yfinance_point_in_time_proxy,
WPC_2024-12-19,WPC,2025-08-20,2025-08-19,65.56999969482422,2025-08-19,218991008.0,14359240327.729248,yfinance_point_in_time_proxy,
WRB_2021-09-14,WRB,2022-05-25,2022-05-24,45.84000015258789,2022-05-20,265192992.0,12156446793.74524,yfinance_point_in_time_proxy,
WRB_2023-05-31,WRB,2023-11-24,2023-11-22,47.380001068115234,2023-11-23,257872000.0,12217975635.437012,yfinance_point_in_time_proxy,
WRB_2023-12-20,WRB,2024-11-26,2024-11-25,63.04999923706055,2024-11-23,381068992.0,24026399654.86743,yfinance_point_in_time_proxy,
WSM_2022-05-24,WSM,2022-07-19,2022-07-18,66.00499725341797,2022-06-06,68763000.0,4538701626.13678,yfinance_point_in_time_proxy,
WSM_2022-12-06,WSM,2023-08-29,2023-08-28,70.93000030517578,2023-08-26,64145000.0,4549804869.5755005,yfinance_point_in_time_proxy,
WSM_2023-09-12,WSM,2024-08-30,2024-08-29,132.86000061035156,2024-08-29,126339000.0,16785399617.111206,yfinance_point_in_time_proxy,
WSM_2024-09-05,WSM,2025-09-05,2025-09-04,202.91000366210938,2025-09-04,121790000.0,24712409346.0083,yfinance_point_in_time_proxy,
WSO_2020-12-10,WSO,2021-09-08,2021-09-07,282.2300109863281,2021-09-04,38456500.0,10853578417.495728,yfinance_point_in_time_proxy,
WSO_2022-06-22,WSO,2023-01-31,2023-01-30,275.5,2023-01-29,38602800.0,10635071400.0,yfinance_point_in_time_proxy,
WSO_2023-03-10,WSO,2024-02-02,2024-02-01,394.8999938964844,2024-02-01,39392400.0,15556058519.567871,yfinance_point_in_time_proxy,
WSO_2024-02-20,WSO,2025-02-14,2025-02-13,476.5,2025-02-13,40359500.0,19231301750.0,yfinance_point_in_time_proxy,
WST_2021-03-04,WST,2021-08-02,2021-07-30,411.7300109863281,2021-05-05,73823696.0,30395431165.131348,yfinance_point_in_time_proxy,
WST_2022-11-03,WST,2023-02-02,2023-02-01,271.5899963378906,2022-11-04,74033000.0,20106622198.883057,yfinance_point_in_time_proxy,
WST_2023-02-08,WST,2024-02-06,2024-02-05,397.6199951171875,2024-01-26,73989696.0,29419782562.242188,yfinance_point_in_time_proxy,
WST_2025-04-08,WST,2025-07-24,2025-07-23,227.30999755859375,2025-07-23,71845400.0,16331177698.596191,yfinance_point_in_time_proxy,
WTFC_2021-07-22,WTFC,2022-03-28,2022-03-25,96.7300033569336,2022-03-23,57237600.0,5536593240.142822,yfinance_point_in_time_proxy,
WTFC_2023-05-11,WTFC,2023-07-18,2023-07-17,77.54000091552734,2023-07-13,61192800.0,4744889768.023682,yfinance_point_in_time_proxy,
WTFC_2023-10-03,WTFC,2024-07-19,2024-07-18,106.26000213623047,2024-07-18,61760100.0,6562628357.933807,yfinance_point_in_time_proxy,
WTFC_2025-04-08,WTFC,2025-07-24,2025-07-23,135.47000122070312,2025-07-23,66937700.0,9068050300.71106,yfinance_point_in_time_proxy,
WTRG_2020-09-23,WTRG,2021-07-27,2021-07-26,48.779998779296875,2021-05-12,245643008.0,11982465630.382812,yfinance_point_in_time_proxy,
WTRG_2023-10-03,WTRG,2024-07-17,2024-07-16,40.31999969482422,2024-07-12,273524000.0,11028487596.5271,yfinance_point_in_time_proxy,
WTS_2021-02-26,WTS,2022-02-17,2022-02-16,147.0,2022-02-11,33608800.0,4940493600.0,yfinance_point_in_time_proxy,
WTS_2022-06-16,WTS,2023-02-22,2023-02-21,175.91000366210938,2023-02-19,33273000.0,5853053551.849365,yfinance_point_in_time_proxy,
WTS_2023-04-06,WTS,2024-02-29,2024-02-28,199.50999450683594,2024-02-23,33305100.0,6644700318.049622,yfinance_point_in_time_proxy,
WTS_2024-07-09,WTS,2025-05-08,2025-05-07,211.5800018310547,2025-05-07,33347700.0,7055706427.061462,yfinance_point_in_time_proxy,
WTW_2022-06-16,WTW,2022-11-30,2022-11-29,238.5,2022-10-30,108238000.0,25814763000.0,yfinance_point_in_time_proxy,
WTW_2023-08-17,WTW,2024-02-06,2024-02-05,250.4600067138672,2024-02-03,103260000.0,25862500293.273926,yfinance_point_in_time_proxy,
WTW_2024-05-29,WTW,2025-02-10,2025-02-07,325.7900085449219,2025-02-08,99805800.0,32515732434.832764,yfinance_point_in_time_proxy,
WWD_2022-09-30,WWD,2023-01-12,2023-01-11,103.30999755859375,2022-12-13,59739100.0,6171646275.152588,yfinance_point_in_time_proxy,
WWD_2023-03-17,WWD,2024-01-17,2024-01-16,136.25,2024-01-12,60058100.0,8182916125.0,yfinance_point_in_time_proxy,
WWD_2024-01-24,WWD,2025-01-21,2025-01-17,189.1199951171875,2025-01-18,59402500.0,11234200509.94873,yfinance_point_in_time_proxy,
WY_2021-07-19,WY,2022-04-19,2022-04-18,39.81999969482422,2022-04-04,747097024.0,29749403267.684082,yfinance_point_in_time_proxy,
WY_2022-09-29,WY,2023-07-18,2023-07-17,34.33000183105469,2023-06-24,732296000.0,25139723020.874023,yfinance_point_in_time_proxy,
WYNN_2022-06-23,WYNN,2022-08-12,2022-08-11,67.56999969482422,2022-05-17,115965000.0,7835755014.610291,yfinance_point_in_time_proxy,
WYNN_2022-10-19,WYNN,2023-08-16,2023-08-15,95.48999786376953,2023-07-15,113798000.0,10866570776.901245,yfinance_point_in_time_proxy,
WYNN_2024-08-05,WYNN,2024-09-27,2024-09-26,91.02999877929688,2024-09-26,110992000.0,10103601624.511719,yfinance_point_in_time_proxy,
WYNN_2025-04-08,WYNN,2025-10-02,2025-10-01,132.02999877929688,2025-10-01,104543956.0,13802938383.062866,yfinance_point_in_time_proxy,
XEL_2024-03-06,XEL,2024-09-03,2024-08-30,61.22999954223633,2024-08-31,557500992.0,34135785484.9563,yfinance_point_in_time_proxy,
XEL_2024-10-10,XEL,2025-09-26,2025-09-25,77.25,2025-09-25,591426177.0,45687672173.25,yfinance_point_in_time_proxy,
XOM_2021-08-19,XOM,2022-04-08,2022-04-07,85.05000305175781,2022-03-20,4233590016.0,360066843780.6914,yfinance_point_in_time_proxy,
XOM_2022-04-25,XOM,2023-04-13,2023-04-12,115.2300033569336,2023-04-01,4070980096.0,469099050128.08984,yfinance_point_in_time_proxy,
XOM_2024-01-18,XOM,2024-10-04,2024-10-03,122.58000183105469,2024-10-03,4442829824.0,544602087960.9844,yfinance_point_in_time_proxy,
XPO_2022-06-22,XPO,2022-07-29,2022-07-28,33.939395904541016,2022-07-28,115018000.0,3903641438.1484985,yfinance_point_in_time_proxy,
XPO_2022-09-26,XPO,2023-08-02,2023-08-01,69.22000122070312,2023-05-16,115857000.0,8019621681.427002,yfinance_point_in_time_proxy,
XPO_2023-10-27,XPO,2024-08-05,2024-08-02,110.93000030517578,2024-08-03,116393000.0,12911475525.520325,yfinance_point_in_time_proxy,
XPO_2025-04-08,XPO,2025-08-08,2025-08-07,120.37999725341797,2025-08-07,120374000.0,14490621789.382935,yfinance_point_in_time_proxy,
XRAY_2022-11-03,XRAY,2023-01-11,2023-01-10,33.31999969482422,2022-11-09,214912000.0,7160867774.4140625,yfinance_point_in_time_proxy,
XRAY_2023-11-09,XRAY,2024-01-16,2024-01-12,36.560001373291016,2024-01-13,211860000.0,7745601890.945435,yfinance_point_in_time_proxy,
XRAY_2025-04-15,XRAY,2025-05-12,2025-05-09,15.8100004196167,2025-05-10,199292992.0,3150822287.1466675,yfinance_point_in_time_proxy,
XYL_2020-09-24,XYL,2021-09-14,2021-09-13,132.67999267578125,2021-08-05,180163008.0,23904026581.88672,yfinance_point_in_time_proxy,
XYL_2022-06-17,XYL,2022-09-19,2022-09-16,93.26000213623047,2022-09-14,180182000.0,16803773704.910278,yfinance_point_in_time_proxy,
XYL_2023-10-25,XYL,2023-12-27,2023-12-26,113.62000274658203,2023-12-22,241078000.0,27391283022.140503,yfinance_point_in_time_proxy,
XYL_2025-04-08,XYL,2025-07-31,2025-07-30,130.60000610351562,2025-07-29,243351008.0,31781643130.09668,yfinance_point_in_time_proxy,
XYZ_2022-02-23,XYZ,2022-02-25,2022-02-24,94.98999786376953,,,,yfinance_point_in_time_proxy,missing_shares_outstanding_on_or_before_entry
XYZ_2022-10-14,XYZ,2023-03-01,2023-02-28,76.7300033569336,,,,yfinance_point_in_time_proxy,missing_shares_outstanding_on_or_before_entry
XYZ_2023-10-30,XYZ,2024-03-04,2024-03-01,79.25,,,,yfinance_point_in_time_proxy,missing_shares_outstanding_on_or_before_entry
XYZ_2025-05-02,XYZ,2025-05-27,2025-05-23,58.7400016784668,2025-05-17,615019008.0,36126217562.208984,yfinance_point_in_time_proxy,
YETI_2022-05-24,YETI,2022-08-03,2022-08-02,51.79999923706055,2022-06-13,86160400.0,4463108654.264832,yfinance_point_in_time_proxy,
YETI_2022-09-30,YETI,2023-08-07,2023-08-04,41.290000915527344,2023-07-15,86649104.0,3577741583.489624,yfinance_point_in_time_proxy,
YETI_2024-05-02,YETI,2024-12-11,2024-12-10,43.869998931884766,2024-12-10,84825400.0,3721290207.396698,yfinance_point_in_time_proxy,
YETI_2025-04-16,YETI,2025-12-16,2025-12-15,43.36000061035156,2025-11-17,81224224.0,3521882402.215332,yfinance_point_in_time_proxy,
YUM_2022-10-11,YUM,2023-04-17,2023-04-14,134.8800048828125,2023-04-14,280000000.0,37766401367.1875,yfinance_point_in_time_proxy,
YUM_2025-01-10,YUM,2025-03-07,2025-03-06,159.25999450683594,2025-03-06,279102016.0,44449785535.006836,yfinance_point_in_time_proxy,
ZBH_2022-07-14,ZBH,2023-04-11,2023-04-10,128.14999389648438,2023-04-06,209798000.0,26885612419.49463,yfinance_point_in_time_proxy,
ZBRA_2020-09-21,ZBRA,2021-08-18,2021-08-17,562.6799926757812,2021-08-05,53403000.0,30048799648.864746,yfinance_point_in_time_proxy,
ZBRA_2022-11-09,ZBRA,2023-01-11,2023-01-10,286.92999267578125,2022-11-06,51629800.0,14814138135.85205,yfinance_point_in_time_proxy,
ZBRA_2023-11-01,ZBRA,2024-02-12,2024-02-09,253.08999633789062,2024-02-10,51359600.0,12998600975.915527,yfinance_point_in_time_proxy,
ZBRA_2025-04-08,ZBRA,2025-05-12,2025-05-09,266.7099914550781,2025-05-10,50854300.0,13563349918.45398,yfinance_point_in_time_proxy,
ZION_2020-11-04,ZION,2021-11-01,2021-10-29,62.9900016784668,2021-10-27,156530000.0,9859824962.730408,yfinance_point_in_time_proxy,
ZION_2023-05-04,ZION,2023-05-17,2023-05-16,23.760000228881836,2023-05-16,148100992.0,3518879603.817627,yfinance_point_in_time_proxy,
ZION_2023-06-23,ZION,2024-05-20,2024-05-17,44.959999084472656,2024-05-17,147655008.0,6638569024.497803,yfinance_point_in_time_proxy,
ZION_2025-04-04,ZION,2025-07-01,2025-06-30,51.939998626708984,2025-06-26,147571008.0,7664837952.862061,yfinance_point_in_time_proxy,
ZTS_2021-03-04,ZTS,2021-08-12,2021-08-11,197.41000366210938,2021-08-09,473944000.0,93561286775.63477,yfinance_point_in_time_proxy,
ZTS_2022-11-03,ZTS,2023-02-02,2023-02-01,167.80999755859375,2022-11-09,466072000.0,78211541182.1289,yfinance_point_in_time_proxy,
ZTS_2023-11-01,ZTS,2024-02-07,2024-02-06,196.13999938964844,2024-02-06,459113984.0,90050616541.53906,yfinance_point_in_time_proxy,
