episode_id,split
AAL_2010-01-04,train
AAON_2010-01-06,train
AAPL_2010-02-04,train
AA_2010-07-02,train
ACN_2010-06-08,train
ADC_2010-01-28,train
ADI_2010-02-04,train
ADSK_2010-02-04,train
AES_2010-07-06,train
AFG_2010-02-08,train
AFL_2010-06-07,train
AGCO_2010-06-07,train
AIG_2010-02-08,train
AIT_2010-02-08,train
AIZ_2010-02-11,train
AJG_2010-01-15,train
AKAM_2010-01-29,train
ALB_2010-02-08,train
ALGN_2010-06-09,train
ALK_2010-01-29,train
ALV_2010-01-28,train
AMAT_2010-08-31,train
AMD_2010-08-31,train
AME_2010-02-04,train
AMG_2010-07-01,train
AMKR_2010-08-31,train
AMP_2010-07-01,train
AMT_2010-05-07,train
AMZN_2010-06-29,train
ANF_2010-01-22,train
AN_2010-02-05,train
AON_2010-07-12,train
AOS_2010-02-04,train
APA_2010-07-16,train
APD_2010-06-30,train
APH_2010-02-04,train
ARE_2010-02-11,train
ARWR_2010-03-01,train
ARW_2010-07-06,train
ASB_2010-01-11,train
ASGN_2010-08-30,train
ASH_2010-01-22,train
ASML_2010-08-31,train
ATI_2010-02-04,train
ATR_2010-02-05,train
AVB_2010-02-10,train
AVNT_2010-02-08,train
AVT_2010-08-26,train
AVY_2010-03-04,train
AXON_2010-08-26,train
AYI_2010-02-08,train
AZO_2010-01-14,train
A_2010-08-31,train
BALL_2010-05-26,train
BBWI_2010-01-22,train
BCO_2010-07-06,train
BC_2010-02-05,train
BDC_2010-02-24,train
BEN_2010-07-02,train
BF-B_2010-02-04,train
BG_2010-07-29,train
BIDU_2010-01-12,train
BIIB_2010-06-11,train
BKNG_2010-06-09,train
BKR_2010-06-01,train
BLDR_2010-12-01,train
BLK_2010-08-26,train
BMRN_2010-07-06,train
BP_2010-06-25,train
BRKR_2010-07-19,train
BRO_2010-02-18,train
BSX_2010-09-01,train
BWA_2010-01-04,train
BXP_2010-02-10,train
BX_2010-07-06,train
BYD_2010-09-23,train
CACI_2010-08-16,train
CAR_2010-07-06,train
CASY_2010-02-08,train
CAT_2010-02-08,train
CBRE_2010-02-08,train
CBT_2010-07-01,train
CB_2010-01-06,train
CCK_2010-05-26,train
CCL_2010-06-29,train
CDNS_2010-02-09,train
CF_2010-06-08,train
CGNX_2010-01-29,train
CHDN_2010-06-07,train
CHE_2010-01-28,train
CHH_2010-07-06,train
CHRW_2010-02-10,train
CIEN_2010-01-04,train
CINF_2010-02-08,train
CLF_2010-01-29,train
CLH_2010-02-24,train
CMCSA_2010-02-08,train
CMC_2010-08-26,train
CME_2010-08-20,train
CMG_2010-01-07,train
CMI_2010-01-29,train
CMS_2010-06-04,train
CNC_2010-02-26,train
CNO_2010-02-08,train
CNX_2010-08-26,train
COHR_2010-02-04,train
COLB_2010-08-11,train
COLM_2010-01-05,train
COO_2010-05-21,train
COP_2010-02-08,train
COR_2010-01-07,train
COST_2010-07-21,train
CPT_2010-02-09,train
CRH_2010-08-24,train
CRM_2010-02-05,train
CROX_2010-01-04,train
CRS_2010-02-08,train
CRUS_2010-02-05,train
CSGP_2010-07-06,train
CSL_2010-08-31,train
CSX_2010-02-04,train
CTRA_2010-09-17,train
CTSH_2010-02-04,train
CUBE_2010-02-25,train
CUZ_2010-07-06,train
CVLT_2010-07-21,train
CVX_2010-07-02,train
CXT_2010-07-06,train
C_2010-01-26,train
DAR_2010-07-06,train
DCI_2010-02-08,train
DD_2010-07-02,train
DECK_2010-02-04,train
DE_2010-02-08,train
DHR_2010-02-08,train
DINO_2010-05-26,train
DKS_2010-01-29,train
DLB_2010-01-22,train
DLTR_2010-02-08,train
DOC_2010-02-08,train
DOV_2010-02-08,train
DPZ_2010-01-04,train
DRI_2010-01-12,train
DVN_2010-08-26,train
DXCM_2010-01-04,train
DY_2010-08-26,train
EBAY_2010-07-02,train
EEFT_2010-06-08,train
EGP_2010-02-11,train
EL_2010-01-05,train
EMR_2010-01-29,train
ENSG_2010-01-04,train
ENS_2010-01-29,train
ENTG_2010-01-29,train
EPR_2010-02-09,train
EQR_2010-01-26,train
EQT_2010-08-26,train
ERIE_2010-02-08,train
ESS_2010-02-04,train
ES_2010-02-08,train
ETN_2010-01-29,train
EVR_2010-07-01,train
EWBC_2010-08-26,train
EW_2010-02-10,train
EXEL_2010-08-13,train
EXLS_2010-05-06,train
EXPD_2010-02-12,train
EXPE_2010-07-02,train
EXPO_2010-02-08,train
EXP_2010-08-24,train
EXR_2010-02-09,train
FAST_2010-02-08,train
FCFS_2010-05-25,train
FCX_2010-07-01,train
FDS_2010-02-04,train
FDX_2010-06-30,train
FFIV_2010-02-04,train
FHI_2010-07-06,train
FISV_2010-01-29,train
FITB_2010-01-04,train
FIX_2010-06-07,train
FLEX_2010-08-31,train
FLG_2010-01-04,train
FLR_2010-07-01,train
FLS_2010-06-08,train
FNB_2010-02-08,train
FR_2010-07-21,train
FTI_2010-06-07,train
F_2010-06-29,train
GAP_2010-08-24,train
GATX_2010-02-04,train
GEF_2010-02-04,train
GEN_2010-08-13,train
GE_2010-07-02,train
GGG_2010-02-08,train
GHC_2010-08-16,train
GL_2010-02-08,train
GME_2010-02-26,train
GNTX_2010-08-25,train
GOOGL_2010-07-06,train
GOOG_2010-07-06,train
GPC_2010-02-08,train
GPK_2010-06-08,train
GTLS_2010-07-06,train
GWW_2010-01-04,train
HALO_2010-02-08,train
HAL_2010-06-01,train
HAS_2010-01-29,train
HBAN_2010-01-04,train
HD_2010-01-28,train
HIG_2010-08-26,train
HL_2010-02-04,train
HMC_2010-07-02,train
HOG_2010-07-06,train
HOLX_2010-07-21,train
HON_2010-02-08,train
HRL_2010-01-07,train
HST_2010-01-29,train
HSY_2010-01-11,train
HUBB_2010-07-06,train
HWC_2010-08-31,train
HXL_2010-02-05,train
IBOC_2010-08-30,train
IDXX_2010-02-01,train
IEX_2010-07-02,train
IFF_2010-01-29,train
ILMN_2010-01-05,train
INCY_2010-01-21,train
INFY_2010-02-04,train
INGR_2010-01-11,train
ING_2010-05-07,train
INTU_2010-02-04,train
IPGP_2010-01-21,train
IP_2010-08-26,train
ITUB_2010-05-25,train
ITW_2010-08-26,train
IT_2010-01-04,train
IVZ_2010-07-02,train
JAZZ_2010-06-07,train
JBHT_2010-02-04,train
JBL_2010-08-31,train
JEF_2010-07-02,train
JKHY_2010-02-10,train
JLL_2010-01-29,train
J_2010-08-31,train
KBH_2010-08-23,train
KBR_2010-02-08,train
KDP_2010-02-04,train
KEX_2010-02-08,train
KEY_2010-01-04,train
KIM_2010-01-28,train
KLAC_2010-07-01,train
KO_2010-05-26,train
KRC_2010-02-11,train
KRG_2010-02-10,train
KTOS_2010-08-30,train
LAD_2010-02-10,train
LAMR_2010-07-06,train
LECO_2010-02-05,train
LEN_2010-08-23,train
LFUS_2010-02-04,train
LIN_2010-02-05,train
LPX_2010-08-24,train
LRCX_2010-02-04,train
LSCC_2010-02-08,train
LULU_2010-02-05,train
LVMUY_2010-05-07,train
LVS_2010-02-04,train
LYV_2010-08-13,train
MAA_2010-01-22,train
MANH_2010-01-29,train
MAR_2010-02-04,train
MASI_2010-06-07,train
MAT_2010-01-12,train
MCHP_2010-01-29,train
MCO_2010-06-07,train
MET_2010-02-08,train
MGM_2010-08-31,train
MIDD_2010-02-08,train
MKC_2010-02-08,train
MKSI_2010-01-28,train
MLI_2010-02-08,train
MMS_2010-01-29,train
MNST_2010-05-07,train
MOH_2010-02-08,train
MORN_2010-09-08,train
MOS_2010-07-01,train
MO_2010-02-08,train
MRSH_2010-06-07,train
MSA_2010-02-08,train
MSCI_2010-06-29,train
MSI_2010-01-29,train
MSM_2010-01-29,train
MTB_2010-01-04,train
MTCH_2010-01-29,train
MTD_2010-02-10,train
MTG_2010-02-08,train
MTN_2010-08-24,train
MTZ_2010-06-30,train
MUR_2010-07-02,train
M_2010-01-25,train
NBIX_2010-02-04,train
NDAQ_2010-07-02,train
NDSN_2010-02-08,train
NEM_2010-01-29,train
NEU_2010-02-08,train
NFG_2010-08-31,train
NFLX_2010-01-25,train
NJR_2010-02-08,train
NKE_2010-02-08,train
NLY_2010-05-20,train
NNN_2010-02-08,train
NOVT_2010-01-22,train
NOV_2010-06-29,train
NSC_2010-02-08,train
NSRGY_2010-02-05,train
NTAP_2010-01-29,train
NVDA_2010-08-11,train
NVO_2010-01-22,train
NVS_2010-05-26,train
NXST_2010-08-24,train
NYT_2010-08-31,train
OC_2010-01-22,train
ODFL_2010-01-22,train
OGE_2010-06-09,train
OHI_2010-02-09,train
OKE_2010-02-08,train
OLED_2010-02-26,train
OLN_2010-02-08,train
OMC_2010-07-06,train
ONB_2010-08-30,train
ON_2010-09-10,train
ORCL_2010-06-30,train
ORI_2010-01-05,train
ORLY_2010-01-28,train
OSK_2010-08-31,train
OXY_2010-08-26,train
OZK_2010-01-06,train
O_2010-02-09,train
PAG_2010-07-06,train
PB_2010-08-31,train
PCAR_2010-02-08,train
PEGA_2010-08-16,train
PFG_2010-02-09,train
PH_2010-01-06,train
PII_2010-01-22,train
PLD_2010-02-11,train
PM_2010-06-07,train
PNFP_2010-09-23,train
PPG_2010-02-08,train
PSA_2010-02-09,train
PSKY_2010-02-10,train
PTC_2010-06-08,train
PVH_2010-02-08,train
QCOM_2010-07-01,train
RBA_2010-08-13,train
RBC_2010-01-28,train
RCL_2010-06-30,train
REGN_2010-07-01,train
REG_2010-02-10,train
RF_2010-11-23,train
RGEN_2010-06-25,train
RGLD_2010-02-04,train
RJF_2010-08-31,train
RL_2010-07-06,train
RMD_2010-01-05,train
ROK_2010-01-22,train
ROL_2010-01-26,train
ROP_2010-01-29,train
ROST_2010-01-04,train
RPM_2010-08-24,train
RRC_2010-08-25,train
RRX_2010-01-29,train
RS_2010-07-06,train
RVTY_2010-07-21,train
RYN_2010-02-08,train
R_2010-02-04,train
SAIA_2010-02-19,train
SAM_2010-02-08,train
SATS_2010-05-07,train
SBUX_2010-02-05,train
SCHW_2010-08-31,train
SEIC_2010-02-08,train
SF_2010-07-02,train
SGI_2010-01-04,train
SHEL_2010-07-01,train
SHW_2010-01-22,train
SIGI_2010-07-06,train
SLAB_2010-09-10,train
SLB_2010-06-01,train
SLGN_2010-01-29,train
SMCI_2010-08-16,train
SMG_2010-02-11,train
SNA_2010-02-08,train
SNPS_2010-07-06,train
SNX_2010-08-31,train
SONY_2010-07-01,train
SPGI_2010-06-01,train
SPG_2010-02-04,train
SPXC_2010-07-06,train
SSD_2010-08-31,train
STE_2010-01-29,train
STLD_2010-07-02,train
STT_2010-07-02,train
STX_2010-08-26,train
STZ_2010-02-25,train
SWKS_2010-01-29,train
SWK_2010-07-02,train
SWX_2010-02-08,train
TAP_2010-02-12,train
TCBI_2010-01-13,train
TDG_2010-02-08,train
TEL_2010-02-05,train
TER_2010-08-31,train
TEX_2010-07-06,train
THC_2010-08-31,train
THO_2010-08-24,train
TKR_2010-01-29,train
TMO_2010-08-31,train
TMUS_2010-01-28,train
TNL_2010-01-04,train
TPL_2010-02-08,train
TPR_2010-01-22,train
TREX_2010-01-29,train
TRMB_2010-01-29,train
TROW_2010-07-02,train
TSCO_2010-01-22,train
TSM_2010-06-07,train
TSN_2010-01-04,train
TTC_2010-02-05,train
TTEK_2010-08-31,train
TTMI_2010-08-26,train
TTWO_2010-08-30,train
TT_2010-02-12,train
TXN_2010-01-29,train
TXRH_2010-01-12,train
TXT_2010-07-02,train
TYL_2010-07-06,train
UAL_2010-01-29,train
UBSI_2010-01-05,train
UDR_2010-02-10,train
UFPI_2010-08-31,train
UGI_2010-01-08,train
UHS_2010-01-22,train
ULTA_2010-02-10,train
UMBF_2010-08-31,train
UNH_2010-07-01,train
UNM_2010-02-08,train
UNP_2010-01-29,train
UPS_2010-02-12,train
URI_2010-02-18,train
USB_2010-08-30,train
UTHR_2010-08-31,train
VALE_2010-05-20,train
VLO_2010-08-26,train
VMI_2010-08-31,train
VNO_2010-02-11,train
VRSN_2010-02-10,train
VTR_2010-02-04,train
VWAGY_2010-06-09,train
VZ_2010-05-26,train
WAB_2010-02-04,train
WAL_2010-01-05,train
WAT_2010-02-04,train
WBD_2010-02-10,train
WBS_2010-01-05,train
WCC_2010-02-11,train
WDC_2010-08-26,train
WEX_2010-02-10,train
WFC_2010-08-30,train
WIT_2010-02-08,train
WLK_2010-07-06,train
WMB_2010-07-02,train
WPC_2010-02-12,train
WSM_2010-02-04,train
WSO_2010-01-05,train
WTRG_2010-01-29,train
WTS_2010-02-08,train
WTW_2010-01-28,train
WWD_2010-07-06,train
WYNN_2010-02-08,train
WY_2010-07-06,train
XOM_2010-07-02,train
XPO_2010-02-08,train
YUM_2010-02-08,train
ZBRA_2010-07-06,train
ZION_2010-01-04,train
AVAV_2010-06-29,train
AWK_2010-06-04,train
CAH_2010-08-31,train
CVS_2010-08-31,train
DIS_2010-01-27,train
EFX_2010-07-06,train
EME_2010-02-08,train
FRT_2010-02-10,train
GS_2010-07-02,train
GT_2010-08-31,train
MAS_2010-07-29,train
NI_2010-01-29,train
NOK_2010-06-29,train
OPCH_2010-11-30,train
PGR_2010-02-08,train
PKG_2010-06-07,train
PRU_2010-02-08,train
SON_2010-02-08,train
BAC_2010-11-30,train
MU_2010-08-31,train
SBAC_2010-05-20,train
BIO_2010-08-24,train
BK_2010-08-25,train
COF_2010-02-08,train
DAL_2010-08-24,train
FHN_2010-11-01,train
PFE_2010-07-02,train
ADM_2010-06-07,train
CI_2010-07-02,train
DEO_2010-05-26,train
DHI_2010-07-02,train
EHC_2010-08-31,train
FSLR_2010-02-25,train
HUM_2010-04-26,train
PAYX_2010-08-12,train
PHM_2010-11-26,train
SLM_2010-02-04,train
TOL_2010-07-06,train
VTRS_2010-07-01,train
GPN_2010-07-01,train
RGA_2010-08-30,train
CRL_2010-08-31,train
ELV_2010-07-02,train
SYK_2010-08-26,train
ADBE_2010-10-04,train
CW_2010-08-30,train
E_2010-06-07,train
FIS_2010-02-10,train
ITT_2010-08-31,train
JCI_2010-02-08,train
LII_2010-01-29,train
L_2010-06-09,train
STRL_2010-08-23,train
XRAY_2010-08-31,train
BBVA_2010-06-07,train
EVRG_2010-02-08,train
GD_2010-08-31,train
LH_2010-02-08,train
PODD_2010-11-23,train
POOL_2010-01-29,train
SAN_2010-06-07,train
SAP_2010-05-26,train
TTE_2010-05-26,train
AEIS_2010-11-23,train
ATO_2010-02-10,train
EQNR_2010-08-24,train
NVR_2010-08-31,train
PWR_2010-11-16,train
SR_2010-02-08,train
NOC_2010-07-02,train
PPC_2010-09-29,train
TDY_2010-02-04,train
LOW_2010-08-13,train
HRB_2010-10-21,train
ISRG_2010-11-19,train
MS_2010-07-02,train
TFC_2010-08-30,train
ACM_2010-07-01,train
ADP_2010-08-31,train
IBM_2010-01-29,train
LRLCY_2010-06-07,train
POR_2010-02-26,train
RTX_2010-06-07,train
GLW_2010-08-24,train
TJX_2010-02-11,train
DGX_2010-08-31,train
ERIC_2010-02-08,train
KMPR_2010-01-29,train
MCK_2010-02-05,train
NUE_2010-08-26,train
RNR_2010-02-12,train
DVA_2010-07-23,train
FICO_2010-02-08,train
WEC_2010-02-09,train
CELH_2011-01-20,train
HSIC_2010-07-21,train
HSBC_2010-05-26,train
EQIX_2010-10-06,train
IRM_2010-09-16,train
MA_2010-09-09,train
SCI_2010-07-06,train
TM_2010-08-31,train
ICE_2010-08-24,train
CCI_2010-05-20,train
LNT_2010-02-12,train
JPM_2010-08-26,train
MZTI_2010-08-24,train
BAX_2010-05-21,train
EA_2010-07-01,train
MDT_2010-08-24,train
WELL_2010-05-20,train
ZBH_2010-08-24,train
EG_2010-07-06,train
PNR_2010-08-24,train
VMC_2010-09-23,train
RLI_2010-07-06,train
SW_2010-03-30,train
VFC_2010-07-06,train
EOG_2010-08-26,train
VRTX_2010-07-21,train
CPRT_2010-09-23,train
TXNM_2010-07-02,train
BLKB_2010-08-31,train
PNW_2010-05-25,train
TECH_2010-07-21,train
COKE_2010-07-06,train
GRMN_2010-08-24,train
SJM_2010-06-01,train
CHD_2010-08-23,train
CNP_2010-06-09,train
GILD_2010-08-31,train
OVV_2010-08-25,train
WST_2010-09-23,train
ACGL_2010-06-07,train
T_2010-05-26,train
WTFC_2010-08-24,train
CTAS_2010-07-02,train
LSTR_2010-08-26,train
HAE_2010-08-24,train
SNY_2010-08-26,train
GSK_2010-05-26,train
KR_2010-06-07,train
BMY_2010-06-04,train
TRV_2010-05-26,train
AZN_2010-05-26,train
FLO_2010-08-06,train
LHX_2010-07-01,train
MMM_2010-06-07,train
UL_2010-05-26,train
EIX_2010-05-25,train
INTC_2010-08-31,train
NRG_2010-12-16,train
NWE_2010-06-07,train
AEE_2010-05-25,train
AXP_2010-06-07,train
BA_2010-06-07,train
BKH_2010-06-09,train
RHHBY_2010-07-27,train
WM_2010-06-30,train
BDX_2010-07-23,train
ED_2010-06-04,train
FE_2010-06-01,train
ELS_2010-07-06,train
G_2011-03-16,train
IDA_2010-06-09,train
SO_2010-06-04,train
AEP_2010-05-25,train
DUK_2010-06-04,train
XEL_2010-06-07,train
MDLZ_2010-07-02,train
DLR_2010-12-17,train
MPWR_2011-03-17,train
D_2010-07-02,train
MCD_2010-06-30,train
V_2010-09-13,train
BR_2010-07-06,train
FNF_2010-07-06,train
LOPE_2011-05-23,train
CYTK_2011-08-08,train
RMBS_2011-08-10,train
CL_2010-10-07,train
ORA_2011-09-22,train
AVGO_2010-10-21,train
GBCI_2011-10-03,train
SYNA_2011-09-22,train
CSCO_2011-08-10,train
FFIN_2011-10-03,train
PNC_2011-08-22,train
WRB_2010-11-30,train
FCN_2011-02-28,train
SBRA_2011-10-04,train
AMGN_2011-08-10,train
MRK_2011-08-10,train
HOMB_2011-01-19,train
ECL_2011-08-19,train
AAON_2011-09-22,train
AAPL_2011-06-20,train
ADSK_2011-08-19,train
AFL_2011-09-23,train
AGCO_2011-10-03,train
AIT_2011-08-10,train
AIZ_2011-08-10,train
AJG_2011-08-08,train
AKAM_2011-10-03,train
ALB_2011-10-03,train
ALGN_2011-10-03,train
ALK_2011-10-03,train
AME_2011-10-03,train
AMG_2011-10-03,train
AMP_2011-10-03,train
AOS_2011-10-03,train
ARW_2011-10-03,train
ASGN_2011-09-09,train
ASH_2011-10-03,train
ASML_2011-08-08,train
ATI_2011-10-04,train
AXON_2011-08-10,train
AYI_2011-10-03,train
BBWI_2011-01-25,train
BC_2011-10-03,train
BDC_2011-10-03,train
BF-B_2011-08-10,train
BIIB_2011-01-28,train
BLDR_2011-10-03,train
BMRN_2011-03-22,train
BRO_2011-10-03,train
BX_2011-10-03,train
BYD_2011-10-03,train
CASY_2011-03-16,train
CAT_2011-10-03,train
CBT_2011-10-03,train
CGNX_2011-03-18,train
CHDN_2011-09-22,train
CHH_2011-08-10,train
CINF_2011-08-10,train
CLF_2011-10-03,train
CLH_2011-01-10,train
CMC_2011-10-03,train
CMG_2011-01-12,train
CNC_2011-01-21,train
COLB_2011-10-03,train
CRH_2011-09-22,train
CRS_2011-03-10,train
CSGP_2011-08-22,train
CSL_2011-10-03,train
CTRA_2011-01-06,train
CUBE_2011-10-03,train
CVLT_2011-01-25,train
CXT_2011-10-03,train
DCI_2011-08-08,train
DD_2011-10-03,train
DINO_2011-01-06,train
DLTR_2011-02-23,train
DOC_2011-08-08,train
DOV_2011-10-03,train
DPZ_2011-01-04,train
DXCM_2011-11-22,train
DY_2011-08-10,train
EEFT_2011-08-19,train
EGP_2011-08-08,train
EL_2011-01-28,train
ENS_2011-10-03,train
ENTG_2011-10-03,train
ESS_2011-01-20,train
ETN_2011-10-03,train
EVR_2011-10-03,train
EWBC_2011-10-03,train
EXP_2011-09-22,train
EXR_2011-01-06,train
FAST_2011-01-28,train
FCX_2011-10-03,train
FDX_2011-10-03,train
FFIV_2011-08-22,train
FITB_2011-08-22,train
FIX_2011-10-03,train
FLS_2011-10-03,train
FNB_2011-08-22,train
FR_2011-10-03,train
FTI_2011-10-03,train
GATX_2011-10-03,train
GL_2011-08-08,train
GNTX_2011-08-08,train
GOOGL_2011-06-24,train
GOOG_2011-06-24,train
GPC_2011-08-08,train
GPK_2011-10-03,train
GTLS_2011-01-04,train
GWW_2011-08-10,train
HALO_2011-08-08,train
HD_2011-08-10,train
HON_2011-08-22,train
HR_2011-08-10,train
HST_2011-10-03,train
HSY_2011-01-04,train
HUBB_2011-10-03,train
HXL_2011-03-16,train
IBOC_2011-10-03,train
INGR_2011-10-03,train
INTU_2011-08-10,train
IP_2011-10-03,train
ITUB_2011-09-22,train
IVZ_2011-10-03,train
JAZZ_2011-01-04,train
JBL_2011-08-08,train
JKHY_2011-08-08,train
JLL_2011-10-03,train
J_2011-10-03,train
KBH_2011-08-23,train
KEX_2011-01-21,train
KEY_2011-09-23,train
KLAC_2011-08-19,train
KRC_2011-10-03,train
KRG_2011-10-03,train
KTOS_2011-11-25,train
LAD_2011-01-31,train
LAMR_2011-10-03,train
LECO_2011-10-03,train
LEN_2011-08-22,train
LPX_2011-10-03,train
LULU_2011-01-21,train
MANH_2011-03-17,train
MCO_2011-01-04,train
MGM_2011-10-03,train
MIDD_2011-10-03,train
MKSI_2011-10-03,train
MMS_2011-09-22,train
MNST_2011-01-05,train
MOH_2011-10-03,train
MSA_2011-10-03,train
MSM_2011-08-08,train
MTCH_2011-01-28,train
MTG_2011-10-03,train
MUR_2011-10-03,train
M_2011-02-02,train
NBIX_2011-10-07,train
NEU_2011-01-06,train
NOVT_2011-10-03,train
NOV_2011-10-03,train
NXST_2011-02-04,train
NYT_2011-09-28,train
OC_2011-10-03,train
ODFL_2011-10-03,train
OGE_2011-08-08,train
OHI_2011-08-08,train
OKE_2011-01-05,train
OLED_2011-08-08,train
ONB_2011-08-19,train
ORI_2011-11-23,train
ORLY_2011-02-23,train
OSK_2011-10-03,train
OXY_2011-10-03,train
OZK_2011-09-22,train
PAG_2011-10-03,train
PH_2011-10-03,train
PII_2011-01-10,train
PLD_2011-10-03,train
PM_2011-01-11,train
PNFP_2011-10-03,train
PSA_2011-01-11,train
PSKY_2011-10-03,train
PVH_2011-08-19,train
RBC_2011-08-08,train
REGN_2011-01-12,train
RF_2011-10-03,train
RGLD_2011-01-21,train
RJF_2011-10-03,train
RL_2011-01-21,train
ROK_2011-09-22,train
ROL_2011-08-08,train
ROP_2011-08-22,train
ROST_2011-01-04,train
RPM_2011-08-08,train
RRC_2011-01-06,train
RS_2011-10-03,train
R_2011-10-03,train
SAIA_2011-10-03,train
SAM_2011-10-03,train
SBUX_2011-01-31,train
SF_2011-10-03,train
SGI_2011-01-20,train
SHW_2011-08-19,train
SIGI_2011-10-03,train
SLAB_2011-08-08,train
SMCI_2011-10-03,train
SNX_2011-08-19,train
SPGI_2011-08-10,train
SPG_2011-01-06,train
SPXC_2011-10-03,train
SSD_2011-10-03,train
STLD_2011-10-03,train
STT_2011-10-03,train
STX_2011-10-03,train
SWK_2011-09-22,train
SWX_2011-08-08,train
TCBI_2011-01-07,train
TER_2011-10-03,train
TEX_2011-10-03,train
THC_2011-10-03,train
THO_2011-08-10,train
TNL_2011-08-08,train
TPR_2011-08-19,train
TREX_2011-10-03,train
TSCO_2011-01-13,train
TSN_2011-08-08,train
TTC_2011-10-03,train
TYL_2011-01-20,train
UBSI_2011-08-19,train
UFPI_2011-10-03,train
ULTA_2011-01-04,train
UNH_2011-01-04,train
UNP_2011-10-03,train
URI_2011-08-19,train
USB_2011-08-22,train
VRSN_2011-10-03,train
WAB_2011-10-03,train
WAL_2011-09-21,train
WBS_2011-10-03,train
WCC_2011-10-03,train
WEX_2011-10-03,train
WMB_2011-10-03,train
WPC_2011-01-07,train
WSO_2011-09-30,train
WTS_2011-08-19,train
WWD_2011-10-03,train
XPO_2011-10-04,train
ARWR_2011-10-03,train
AZO_2011-01-25,train
CF_2011-10-03,train
CVS_2011-02-23,train
DE_2011-10-03,train
DIS_2011-10-03,train
EFX_2011-08-19,train
EME_2011-09-22,train
GT_2011-10-03,train
MAS_2011-10-03,train
NI_2011-01-06,train
NKE_2011-03-22,train
RCL_2011-10-03,train
TKR_2011-10-03,train
WLK_2011-10-03,train
WSM_2011-08-18,train
AAL_2011-11-23,train
AES_2011-10-03,train
AMT_2011-08-08,train
ASB_2011-09-22,train
AVT_2011-08-08,train
INCY_2011-11-25,train
MU_2011-10-03,train
OPCH_2011-03-21,train
PB_2011-10-03,train
SBAC_2011-08-08,train
TTMI_2011-10-03,train
TTWO_2011-08-10,train
VLY_2011-09-22,train
WDC_2011-10-19,train
YUM_2011-01-28,train
CIEN_2011-10-03,train
EXPO_2011-01-21,train
FHN_2011-10-03,train
HBAN_2011-08-22,train
HOLX_2011-10-03,train
LYV_2011-10-03,train
NFLX_2011-11-25,train
PFE_2011-08-08,train
TDG_2011-08-08,train
UTHR_2011-10-03,train
A_2011-10-03,train
CRUS_2011-08-08,train
DHI_2011-10-03,train
HUM_2011-01-10,train
HWC_2011-10-03,train
MAR_2011-09-12,train
PHM_2011-10-03,train
TOL_2011-10-03,train
VTRS_2011-10-04,train
ZION_2011-10-03,train
BAC_2011-12-19,train
BLK_2011-10-03,train
CAR_2011-10-03,train
IEX_2011-10-03,train
IPGP_2011-01-25,train
KBR_2011-10-03,train
MET_2011-10-03,train
MO_2011-01-31,train
NSC_2011-01-28,train
PCAR_2011-10-03,train
PTC_2011-10-03,train
TRMB_2011-10-03,train
TROW_2011-10-03,train
TXT_2011-08-22,train
UMBF_2011-10-03,train
VMI_2011-10-03,train
CBRE_2011-09-22,train
C_2011-10-03,train
DAL_2011-08-08,train
FSLR_2011-12-19,train
ILMN_2011-12-13,train
JBHT_2011-09-22,train
WFC_2011-08-10,train
WY_2011-10-03,train
AVNT_2011-11-25,train
BWA_2011-10-03,train
CMCSA_2011-08-10,train
DKS_2011-08-08,train
GE_2011-10-03,train
GGG_2011-10-03,train
ING_2011-09-22,train
LSCC_2011-08-10,train
MLI_2011-01-28,train
MTZ_2011-12-14,train
RRX_2011-10-03,train
RYN_2011-08-08,train
SEIC_2011-10-03,train
TT_2011-10-03,train
COF_2011-08-08,train
CW_2011-09-22,train
HOG_2011-08-22,train
H_2011-10-03,train
ITT_2011-10-03,train
LII_2011-09-22,train
OMC_2011-10-03,train
AWK_2011-01-28,train
OLN_2011-10-03,train
O_2011-08-08,train
PODD_2011-10-03,train
POOL_2011-08-08,train
SNPS_2011-08-10,train
SWKS_2011-12-14,train
VWAGY_2011-10-04,train
ADBE_2011-08-19,train
ADC_2011-08-08,train
ADI_2011-08-08,train
AEIS_2011-10-03,train
ALL_2011-09-22,train
ALV_2011-10-03,train
AMD_2011-10-03,train
AMKR_2011-08-22,train
APH_2011-10-03,train
CNO_2011-10-03,train
COHR_2011-10-03,train
CROX_2011-12-14,train
CUZ_2011-11-25,train
E_2011-09-22,train
F_2011-10-03,train
GD_2011-10-03,train
JCI_2011-08-08,train
JEF_2011-11-23,train
LFUS_2011-09-22,train
MCHP_2011-08-19,train
MLM_2011-08-19,train
MTD_2011-10-03,train
NVR_2011-10-03,train
ON_2011-10-21,train
PPG_2011-10-03,train
PRU_2011-10-03,train
PWR_2011-08-08,train
RVTY_2011-11-25,train
SSB_2011-10-03,train
TEL_2011-10-03,train
TXN_2011-08-19,train
VLO_2011-10-03,train
CDNS_2011-08-19,train
CMI_2011-08-19,train
DLB_2011-10-03,train
FLEX_2011-08-22,train
KNX_2011-10-03,train
MSI_2011-01-20,train
PFG_2011-10-03,train
PPC_2011-08-19,train
TSM_2011-08-08,train
VRSK_2011-03-17,train
XRAY_2011-10-03,train
ZBRA_2011-09-22,train
CFR_2011-10-03,train
MTN_2011-08-19,train
VTR_2011-08-08,train
EHC_2011-10-03,train
KIM_2011-10-03,train
LOW_2011-08-10,train
LVS_2011-03-18,train
CTSH_2011-08-18,train
DG_2011-02-14,train
DHR_2011-10-03,train
HRB_2011-01-28,train
IDXX_2011-10-03,train
ISRG_2011-03-18,train
ITW_2011-10-03,train
MS_2011-10-03,train
PKG_2011-08-08,train
SNA_2011-10-03,train
TFC_2011-08-22,train
TTEK_2011-10-03,train
ACM_2011-10-03,train
APA_2011-10-03,train
BCO_2011-10-03,train
CMS_2011-08-08,train
MAT_2011-08-08,train
SLB_2011-10-03,train
TDY_2011-06-09,train
TTE_2011-09-22,train
UAL_2011-11-23,train
UHS_2011-10-03,train
AN_2011-02-02,train
BALL_2011-10-03,train
EVRG_2011-08-08,train
EXEL_2011-11-25,train
FCFS_2011-02-23,train
FHI_2011-12-19,train
PAYX_2011-08-22,train
SLM_2011-10-03,train
SRE_2011-08-08,train
TJX_2011-02-02,train
ENSG_2011-08-08,train
FTNT_2011-09-23,train
KMPR_2011-10-03,train
LUV_2011-10-03,train
NUE_2011-10-03,train
DVA_2011-10-03,train
FICO_2011-10-03,train
BP_2011-10-03,train
CRL_2011-12-14,train
DAR_2011-10-03,train
EW_2011-11-25,train
AIG_2011-11-25,train
CDP_2011-11-25,train
CELH_2011-10-06,train
COO_2011-11-15,train
EPR_2011-08-08,train
EXLS_2011-04-19,train
HPQ_2011-10-03,train
LVMUY_2011-10-03,train
SATS_2011-12-21,train
WHR_2011-12-19,train
GAP_2011-08-18,train
NVDA_2011-08-19,train
NVO_2011-10-07,train
QCOM_2011-08-22,train
STZ_2011-08-08,train
AMAT_2011-10-03,train
ARE_2011-10-03,train
BBVA_2011-11-23,train
BEN_2011-10-03,train
BRKR_2011-11-25,train
DEO_2011-03-16,train
FISV_2011-09-22,train
FIS_2011-11-25,train
FLR_2011-10-03,train
GS_2011-11-23,train
HIG_2011-10-03,train
NTRS_2011-10-03,train
RBA_2011-10-13,train
REG_2011-10-03,train
RGEN_2011-10-03,train
SAP_2011-10-03,train
SR_2011-08-08,train
EMR_2011-10-03,train
FRT_2011-08-08,train
HAL_2011-10-03,train
HMC_2011-11-23,train
LMT_2011-08-10,train
NDSN_2011-10-03,train
BUD_2011-08-10,train
EQIX_2011-08-22,train
SMG_2011-08-08,train
TXRH_2011-11-25,train
WBD_2011-08-08,train
AVAV_2011-08-08,train
EQNR_2011-08-08,train
GPN_2011-10-03,train
MA_2011-03-01,train
MSFT_2011-06-10,train
SAN_2011-11-25,train
SCI_2011-08-08,train
THG_2011-08-08,train
TM_2011-11-23,train
CRM_2012-01-04,train
TMUS_2011-11-25,train
BIDU_2011-10-03,train
BKNG_2011-02-23,train
CCI_2011-03-21,train
ADM_2011-10-03,train
JPM_2011-11-23,train
DVN_2011-10-03,train
CHE_2011-12-13,train
CME_2012-01-11,train
NDAQ_2011-08-08,train
TMO_2011-12-19,train
EBAY_2011-08-08,train
MDT_2011-08-10,train
WELL_2011-08-08,train
PNR_2011-08-08,train
VMC_2011-10-03,train
RLI_2011-03-16,train
SW_2011-09-12,train
VFC_2011-06-08,train
IBM_2011-03-16,train
ICE_2011-08-08,train
SONY_2011-11-23,train
EOG_2011-10-03,train
VRTX_2011-11-25,train
ZBH_2011-11-25,train
AVY_2011-10-03,train
CPRT_2011-09-22,train
COP_2011-10-03,train
PEGA_2012-01-17,train
SCHW_2011-11-23,train
TXNM_2011-08-08,train
BLKB_2011-10-03,train
PGR_2011-09-22,train
STWD_2011-08-08,train
GRMN_2011-08-04,train
CHD_2011-08-08,train
TPL_2011-09-23,train
CACI_2011-10-03,train
CNP_2011-03-17,train
GILD_2011-08-10,train
MSCI_2011-10-03,train
ACN_2011-08-19,train
ABT_2011-03-16,train
BK_2011-10-03,train
CHTR_2011-08-08,train
COST_2011-03-16,train
DTE_2011-08-08,train
IBKR_2011-08-08,train
IT_2011-08-19,train
LNT_2011-08-08,train
RGA_2011-10-03,train
RMD_2011-12-14,train
RTX_2011-08-10,train
SLGN_2011-08-08,train
ANF_2012-02-02,train
MRSH_2011-10-03,train
DGX_2011-08-22,train
DRI_2011-10-03,train
UPS_2011-08-10,train
WAT_2011-12-16,train
HSBC_2011-11-23,train
LEA_2011-12-14,train
MTB_2011-11-23,train
NTAP_2011-10-03,train
LIN_2011-08-22,train
MASI_2011-11-23,train
AFG_2011-08-08,train
GEF_2011-10-03,train
ELV_2011-08-08,train
LRLCY_2011-10-03,train
UDR_2011-10-03,train
WTFC_2011-10-03,train
CTAS_2011-10-03,train
ATR_2011-10-03,train
BIO_2011-09-22,train
EG_2011-08-08,train
LSTR_2011-08-19,train
MCK_2011-10-04,train
AVB_2011-10-03,train
FDS_2011-08-08,train
WEC_2011-08-08,train
BMY_2011-08-08,train
GNRC_2011-09-23,train
CB_2011-08-08,train
NEE_2011-08-08,train
WMT_2011-08-10,train
CPT_2011-10-03,train
NOC_2011-08-19,train
TRV_2011-10-03,train
PNW_2011-08-08,train
AON_2011-09-23,train
KMB_2011-08-10,train
LHX_2011-10-03,train
WYNN_2011-12-19,train
AMZN_2011-12-30,train
EIX_2011-08-08,train
EXPE_2011-12-21,train
INTC_2011-08-19,train
RNR_2011-08-08,train
ACGL_2011-08-08,train
AEE_2011-08-08,train
AXP_2011-08-10,train
BA_2011-08-10,train
HAE_2011-11-25,train
RHHBY_2011-11-25,train
BXP_2011-10-03,train
EQR_2011-10-03,train
MKC_2011-08-10,train
HSIC_2011-10-03,train
DUK_2011-08-08,train
VZ_2011-08-08,train
WST_2011-10-03,train
XEL_2011-08-10,train
T_2011-09-09,train
DLR_2011-08-08,train
MPWR_2011-10-03,train
FLO_2011-08-25,train
WTRG_2011-08-08,train
TGT_2011-06-24,train
PRI_2011-09-06,train
ED_2011-08-08,train
ES_2011-08-08,train
MZTI_2011-08-22,train
OVV_2012-01-17,train
SO_2011-08-10,train
BKH_2011-08-08,train
FE_2011-08-08,train
HL_2012-05-15,train
LLY_2011-08-10,train
NWE_2011-08-08,train
V_2011-08-08,train
NNN_2011-08-10,train
POR_2011-08-08,train
FNF_2011-10-03,train
LYB_2011-10-03,train
ATO_2011-08-08,train
KDP_2011-08-10,train
MAA_2011-11-25,train
COKE_2011-11-25,train
ELS_2011-08-08,train
ADP_2011-08-10,train
G_2011-10-03,train
MMM_2011-10-03,train
NRG_2012-04-16,train
SNY_2011-09-22,train
XOM_2011-08-10,train
AEP_2011-08-08,train
EQT_2012-06-04,train
KO_2011-08-10,train
PCG_2011-11-23,train
NOK_2012-07-17,train
FAF_2011-11-25,train
GEN_2012-07-24,train
LOPE_2011-12-14,train
CVX_2011-10-03,train
MOS_2012-06-04,train
ORCL_2011-08-19,train
BRK-B_2011-09-22,train
CHRD_2011-10-03,train
MDLZ_2011-10-04,train
GME_2012-07-24,train
STE_2011-11-23,train
STLA_2012-05-16,train
FLG_2011-10-03,train
BAX_2011-11-25,train
CCL_2011-10-03,train
EA_2012-07-26,train
BKR_2012-06-25,train
NEM_2012-05-15,train
NFG_2012-06-04,train
TSLA_2012-01-13,train
CYTK_2012-06-22,train
KKR_2011-10-03,train
UGI_2011-10-03,train
RMBS_2012-07-26,train
INFY_2012-07-25,train
CNX_2012-06-13,train
IRM_2012-06-04,train
NXPI_2011-12-19,train
CL_2011-11-23,train
GBCI_2011-11-25,train
CI_2012-07-26,train
IFF_2011-12-19,train
BG_2011-12-19,train
FFIN_2011-11-25,train
FN_2012-10-19,train
COLM_2012-01-06,train
DECK_2012-10-31,train
FCN_2012-08-03,train
CSCO_2012-07-24,train
SBRA_2011-12-13,train
VC_2012-08-03,train
VALE_2012-09-04,train
SYNA_2012-10-25,train
HOMB_2012-03-02,train
AFL_2012-06-04,train
AGCO_2012-05-18,train
AKAM_2012-06-05,train
ALK_2012-05-17,train
AMG_2012-06-04,train
AMP_2012-06-04,train
AOS_2012-01-23,train
ASGN_2012-01-09,train
AXON_2012-04-09,train
AYI_2012-06-28,train
BC_2012-01-09,train
BDC_2012-06-01,train
BMRN_2012-04-10,train
BX_2012-05-17,train
BYD_2012-11-15,train
CGNX_2012-07-12,train
CHDN_2012-03-06,train
CHH_2012-05-17,train
CLF_2012-12-03,train
CMC_2012-06-05,train
CNC_2012-06-13,train
CSGP_2012-01-31,train
CTRA_2012-04-16,train
CUBE_2012-01-09,train
CVLT_2012-07-11,train
CXT_2012-07-11,train
DINO_2012-01-09,train
DOV_2012-07-25,train
DPZ_2012-06-13,train
DY_2012-09-05,train
EEFT_2012-06-21,train
ETN_2012-07-11,train
EVR_2012-07-24,train
EXR_2012-01-09,train
FITB_2012-06-04,train
FIX_2012-05-30,train
FLS_2012-06-04,train
FR_2012-01-09,train
GOOGL_2012-06-14,train
GOOG_2012-06-14,train
GPK_2012-06-04,train
HALO_2012-08-02,train
HR_2012-01-09,train
INGR_2012-07-17,train
IP_2012-06-04,train
ITUB_2012-06-26,train
JAZZ_2012-06-11,train
KBH_2012-06-04,train
KEX_2012-06-26,train
KEY_2012-06-04,train
KRC_2012-01-09,train
LAMR_2012-06-04,train
LECO_2012-10-02,train
LPX_2012-02-23,train
MCO_2012-06-25,train
MGM_2012-08-02,train
MIDD_2012-03-06,train
MMS_2012-04-10,train
MOH_2012-06-07,train
MSA_2012-01-30,train
MTG_2012-08-03,train
MUR_2012-06-21,train
NEU_2012-03-06,train
NXST_2012-07-17,train
NYT_2012-05-04,train
OC_2012-07-25,train
ODFL_2012-01-09,train
ORI_2012-07-27,train
OSK_2012-06-26,train
PLD_2012-01-09,train
PSKY_2012-01-13,train
RGLD_2012-05-08,train
RJF_2012-07-26,train
ROK_2012-07-12,train
RS_2012-07-25,train
R_2012-07-12,train
SAM_2012-02-29,train
SBUX_2012-08-02,train
SGI_2012-06-26,train
SLAB_2012-05-18,train
SMCI_2012-10-31,train
SPGI_2012-06-25,train
SSD_2012-08-01,train
STLD_2012-06-01,train
STT_2012-01-26,train
TCBI_2012-01-26,train
TER_2012-07-12,train
TEX_2012-07-25,train
THC_2012-06-04,train
THO_2012-06-25,train
TREX_2012-01-13,train
TSN_2012-08-06,train
TTC_2012-02-17,train
UFPI_2012-03-06,train
URI_2012-07-25,train
WCC_2012-07-25,train
WEX_2012-06-01,train
WPC_2012-01-09,train
WTS_2012-07-12,train
XPO_2012-01-12,train
CF_2012-05-17,train
DIS_2012-01-13,train
EME_2012-08-01,train
GT_2012-06-04,train
MAS_2012-03-06,train
RCL_2012-06-04,train
TKR_2012-07-26,train
WSM_2012-01-17,train
CAG_2012-07-24,train
CBOE_2012-05-17,train
MU_2012-10-24,train
NBIX_2012-05-30,train
TTWO_2012-08-02,train
WDC_2012-06-28,train
CIEN_2012-05-18,train
FHN_2012-06-05,train
HOLX_2012-06-01,train
HSY_2012-02-10,train
J_2012-06-04,train
NFLX_2012-09-25,train
PFE_2012-02-06,train
TDG_2012-01-18,train
WAB_2012-01-31,train
CRUS_2012-01-13,train
DHI_2012-03-06,train
GATX_2012-06-25,train
PHM_2012-01-23,train
TOL_2012-01-31,train
VTRS_2012-05-09,train
ZION_2012-01-26,train
BAC_2012-01-17,train
BLK_2012-05-22,train
CAR_2012-04-23,train
IEX_2012-07-17,train
IPGP_2012-06-04,train
MET_2012-06-04,train
PCAR_2012-07-11,train
PTC_2012-07-12,train
TRMB_2012-07-24,train
BSX_2012-07-26,train
CBRE_2012-07-25,train
C_2012-06-04,train
DAL_2012-08-30,train
FSLR_2012-06-01,train
SWK_2012-07-16,train
TROW_2012-06-01,train
WY_2012-05-17,train
AVNT_2012-06-05,train
CMCSA_2012-01-17,train
ING_2012-06-01,train
JBHT_2012-01-17,train
MTZ_2012-06-26,train
RRX_2012-01-18,train
RYN_2012-06-04,train
SEIC_2012-06-01,train
TT_2012-01-17,train
COF_2012-01-30,train
GGG_2012-07-24,train
ITT_2012-06-27,train
KBR_2012-07-24,train
LII_2012-01-31,train
PNFP_2012-01-19,train
BBY_2012-12-28,train
DE_2012-06-04,train
GNTX_2012-07-25,train
OZK_2012-01-30,train
PH_2012-07-11,train
PODD_2012-04-16,train
POOL_2012-01-19,train
VWAGY_2012-06-27,train
ADC_2012-05-30,train
AEIS_2012-01-31,train
ALL_2012-01-31,train
AMD_2012-11-16,train
APH_2012-05-18,train
CNO_2012-06-04,train
E_2012-07-24,train
F_2012-07-26,train
HBAN_2012-03-06,train
HON_2012-06-28,train
JCI_2012-02-15,train
KR_2012-07-24,train
MLM_2012-06-05,train
MTD_2012-07-11,train
NVR_2012-03-06,train
ON_2012-11-16,train
PPG_2012-01-23,train
PRU_2012-06-01,train
PWR_2012-04-10,train
RVTY_2012-01-23,train
SSB_2012-03-06,train
UTHR_2012-04-18,train
VLO_2012-06-04,train
WMB_2012-06-25,train
CDNS_2012-06-01,train
CMI_2012-07-11,train
COR_2012-05-07,train
MSI_2012-01-25,train
NVS_2012-06-05,train
PFG_2012-06-04,train
PPC_2012-10-16,train
TEL_2012-05-18,train
TSM_2012-06-04,train
UL_2012-06-01,train
UNP_2012-04-10,train
VRSK_2012-02-02,train
AAON_2012-08-01,train
CHRW_2012-07-25,train
CRH_2012-06-01,train
HOG_2012-10-03,train
MTN_2012-04-23,train
ROP_2012-02-29,train
ST_2012-07-10,train
ZBRA_2012-06-14,train
ALV_2012-06-26,train
AVT_2012-10-12,train
BBWI_2012-01-30,train
ENTG_2012-06-01,train
FAST_2012-06-27,train
LOW_2012-08-02,train
LRCX_2012-09-26,train
LSCC_2012-07-23,train
LVS_2012-07-26,train
MLI_2012-06-21,train
CMG_2012-10-23,train
CTSH_2012-07-12,train
ERIC_2012-06-01,train
HRB_2012-05-08,train
ITW_2012-07-12,train
MS_2012-06-04,train
OLN_2012-05-18,train
PKG_2012-06-04,train
ACM_2012-06-25,train
BCO_2012-06-25,train
BIIB_2012-02-21,train
CUZ_2012-06-01,train
NOVT_2012-11-21,train
ORA_2012-01-31,train
SLB_2012-06-26,train
STRL_2012-11-13,train
TTE_2012-06-01,train
UAL_2012-08-10,train
UHS_2012-06-01,train
AN_2012-04-10,train
BAH_2012-05-09,train
FCFS_2012-06-01,train
FHI_2012-01-31,train
GM_2012-07-25,train
SLM_2012-05-18,train
SRE_2012-01-31,train
FTNT_2012-11-13,train
LUV_2012-04-23,train
NUE_2012-05-18,train
PG_2012-06-26,train
ADI_2012-05-18,train
AIT_2012-06-26,train
ATI_2012-12-03,train
DVA_2012-06-01,train
HRL_2012-08-02,train
MSM_2012-07-10,train
OLED_2012-11-14,train
SF_2012-07-24,train
SIGI_2012-06-04,train
TXN_2012-07-16,train
CRL_2012-06-14,train
EW_2012-03-07,train
VRSN_2012-11-30,train
AIG_2012-02-15,train
COO_2012-08-02,train
EXLS_2012-06-01,train
HPQ_2012-11-20,train
HUM_2012-07-31,train
JEF_2012-06-04,train
JKHY_2012-06-01,train
LVMUY_2012-06-01,train
ROL_2012-03-02,train
SATS_2012-06-28,train
UNM_2012-07-24,train
WHR_2012-06-25,train
FFIV_2012-10-26,train
GAP_2012-02-08,train
KLAC_2012-06-01,train
STZ_2012-06-04,train
AMAT_2012-06-01,train
BBVA_2012-07-24,train
BEN_2012-06-01,train
BRKR_2012-07-26,train
DEO_2012-02-08,train
FIS_2012-02-10,train
FLR_2012-06-25,train
GS_2012-06-04,train
HIG_2012-07-24,train
RGEN_2012-06-13,train
RL_2012-06-28,train
RRC_2012-06-01,train
SAP_2012-06-01,train
ADBE_2012-06-01,train
ARW_2012-07-17,train
EMR_2012-07-12,train
HAL_2012-06-26,train
NDSN_2012-06-26,train
BUD_2012-02-15,train
EQIX_2012-02-15,train
HMC_2012-11-14,train
WBD_2012-02-23,train
DOC_2012-04-10,train
MA_2012-06-01,train
NTRS_2012-06-05,train
SAN_2012-07-24,train
SPXC_2012-08-01,train
SYK_2012-06-04,train
AMKR_2012-11-16,train
FTI_2012-06-26,train
GE_2012-06-04,train
SCI_2012-04-10,train
TM_2012-07-25,train
AIZ_2012-06-04,train
CRM_2012-08-02,train
HAS_2012-06-27,train
SJM_2012-02-16,train
TMUS_2012-06-26,train
ENSG_2012-05-14,train
GHC_2012-05-21,train
GWW_2012-06-14,train
INCY_2012-10-31,train
TRGP_2012-06-25,train
VTR_2012-04-10,train
WSO_2012-05-18,train
ADM_2012-11-15,train
CPB_2012-06-01,train
JPM_2012-06-04,train
KIM_2012-06-04,train
NSC_2012-11-16,train
EHC_2012-06-01,train
CHE_2012-05-18,train
NDAQ_2012-06-25,train
SNPS_2012-05-18,train
TMO_2012-06-04,train
PNR_2012-03-06,train
VMC_2012-06-04,train
CPAY_2012-06-28,train
SW_2012-06-15,train
ECL_2012-03-12,train
ICE_2012-06-01,train
SONY_2012-12-04,train
EOG_2012-06-26,train
VRTX_2012-04-16,train
ZBH_2012-08-02,train
AVY_2012-06-26,train
GTLS_2012-11-15,train
LYV_2012-05-08,train
TDY_2012-03-06,train
EL_2012-07-12,train
WELL_2012-04-10,train
ADSK_2012-08-24,train
BRO_2012-04-10,train
CPRT_2012-06-25,train
FISV_2012-05-18,train
ORLY_2012-10-18,train
REG_2012-03-09,train
CME_2012-08-02,train
MDT_2012-06-04,train
PEGA_2012-11-15,train
SCHW_2012-06-04,train
TXNM_2012-05-17,train
WIT_2012-08-02,train
CROX_2012-11-16,train
ONB_2012-06-04,train
ARWR_2013-02-14,train
BLKB_2012-11-14,train
BWA_2012-07-24,train
CDP_2012-06-01,train
OMC_2012-11-15,train
PGR_2012-08-02,train
STWD_2012-05-18,train
THG_2012-08-02,train
GL_2012-06-04,train
GPC_2012-06-27,train
JNJ_2012-06-01,train
AES_2012-11-15,train
M_2012-07-12,train
TAP_2012-06-04,train
TPL_2012-03-20,train
ASB_2012-06-05,train
BDX_2012-06-04,train
CACI_2012-06-01,train
DAR_2012-06-04,train
EWBC_2012-11-14,train
GILD_2012-04-11,train
HXL_2012-08-30,train
MSCI_2012-10-15,train
ACN_2012-06-01,train
EPR_2012-06-01,train
FDX_2012-06-05,train
NSRGY_2012-06-05,train
OGE_2012-06-26,train
BK_2012-06-04,train
CHTR_2012-04-10,train
COST_2012-05-09,train
IT_2012-06-01,train
RMD_2012-04-10,train
RTX_2012-06-05,train
ANF_2012-08-02,train
CLX_2012-05-03,train
COLB_2012-11-15,train
RSG_2012-06-25,train
SNX_2012-11-15,train
SYY_2012-05-18,train
GIS_2012-06-27,train
HSBC_2012-06-01,train
LEA_2012-07-26,train
AZN_2012-06-05,train
MTB_2012-06-05,train
NKE_2012-06-29,train
LDOS_2012-05-18,train
TXRH_2012-04-10,train
CNP_2012-04-10,train
CSX_2012-11-16,train
DTE_2012-04-10,train
AFG_2012-08-02,train
NTAP_2012-11-13,train
GEF_2012-06-26,train
VFC_2012-07-03,train
ABT_2012-04-19,train
EGP_2012-06-01,train
CVS_2012-04-23,train
ELV_2012-08-02,train
LRLCY_2012-06-01,train
NI_2012-04-10,train
AWK_2012-04-13,train
EVRG_2012-04-11,train
BIO_2012-07-25,train
EG_2012-04-10,train
HST_2012-11-16,train
IDA_2012-05-18,train
MNST_2012-10-23,train
MRK_2012-06-01,train
AJG_2012-05-18,train
BKNG_2012-10-25,train
ERIE_2012-08-22,train
CTAS_2012-06-05,train
RLI_2012-08-14,train
CELH_2013-04-04,train
EXC_2012-11-23,train
OKE_2012-06-04,train
PEP_2012-05-04,train
BMY_2012-11-15,train
GNRC_2012-05-07,train
KMI_2012-06-26,train
WM_2012-11-15,train
CB_2012-07-24,train
GLW_2012-11-15,train
NEE_2012-05-04,train
WMT_2012-04-25,train
NOC_2012-06-04,train
TRV_2012-06-04,train
CCK_2012-06-01,train
PNW_2012-05-03,train
PSA_2012-05-18,train
AON_2012-06-01,train
KMB_2012-05-01,train
WYNN_2012-07-25,train
EXPE_2012-05-18,train
PAYX_2012-06-01,train
ACGL_2012-06-18,train
AEE_2012-11-23,train
AXP_2012-06-01,train
BA_2012-06-01,train
LMT_2012-06-05,train
MCHP_2012-11-16,train
RHHBY_2012-06-04,train
RGA_2012-06-01,train
BR_2012-05-31,train
DLTR_2012-11-13,train
MRSH_2012-06-21,train
WFC_2012-06-04,train
FLEX_2012-11-16,train
MCK_2012-09-19,train
PNC_2012-11-14,train
SWX_2012-11-15,train
KTOS_2013-03-06,train
LHX_2012-05-18,train
MKC_2012-06-05,train
TKO_2012-06-15,train
HSIC_2012-06-01,train
CASY_2012-11-20,train
WAT_2012-07-10,train
MSFT_2012-12-04,train
MTCH_2013-01-24,train
NVDA_2012-11-16,train
SMG_2012-07-24,train
FICO_2012-06-04,train
ALB_2012-09-26,train
CBSH_2012-06-04,train
DD_2012-11-16,train
GD_2012-06-04,train
UMBF_2012-11-15,train
A_2012-10-23,train
HCA_2012-06-04,train
SR_2012-06-05,train
BWXT_2012-06-05,train
KNX_2012-10-02,train
VZ_2012-06-01,train
DLB_2012-11-14,train
GSK_2012-11-14,train
IBOC_2012-11-16,train
OXY_2012-12-03,train
PB_2012-07-24,train
HII_2012-06-05,train
INTC_2012-11-21,train
MPWR_2012-07-24,train
AMZN_2012-06-14,train
APO_2012-06-28,train
FLO_2012-10-16,train
MKSI_2012-11-14,train
WWD_2012-11-08,train
WTRG_2012-06-13,train
MORN_2012-06-25,train
CAH_2012-09-12,train
PRI_2012-06-25,train
CW_2012-07-24,train
DHR_2012-07-12,train
UNH_2012-08-06,train
BKH_2012-08-07,train
WBS_2012-08-01,train
CFR_2012-08-02,train
TTMI_2013-04-22,train
EXPO_2013-02-04,train
TFC_2012-11-14,train
V_2012-07-11,train
MZTI_2012-07-24,train
FNF_2012-08-02,train
LYB_2012-07-12,train
UPS_2012-11-14,train
JBL_2013-04-19,train
ATR_2012-11-15,train
DG_2013-01-03,train
POR_2012-11-15,train
WTW_2012-10-24,train
SON_2012-07-19,train
ATO_2012-11-15,train
HAE_2012-08-02,train
NWE_2012-11-15,train
AVAV_2013-04-02,train
BIDU_2013-04-05,train
UBSI_2012-08-02,train
ELS_2012-11-15,train
FNB_2012-11-08,train
ADP_2012-11-15,train
APD_2012-10-24,train
G_2012-07-25,train
MMM_2012-11-14,train
LLY_2012-07-24,train
AZO_2013-01-14,train
H_2012-11-15,train
SNY_2012-08-02,train
LNT_2012-11-15,train
ROST_2012-12-26,train
EQT_2012-08-02,train
MASI_2013-04-09,train
RBC_2012-11-16,train
COHR_2013-05-01,train
HL_2013-06-26,train
IBKR_2012-08-14,train
AAPL_2013-04-19,train
BRK-B_2012-08-30,train
CHRD_2012-09-26,train
SWKS_2012-12-14,train
GRMN_2013-04-01,train
MPC_2012-09-05,train
GME_2012-09-25,train
CRS_2013-04-26,train
EXPD_2012-10-10,train
STE_2012-11-14,train
STLA_2012-11-16,train
AVGO_2012-12-26,train
D_2012-11-12,train
FLG_2012-11-15,train
EA_2012-10-26,train
FCX_2013-04-17,train
MAR_2012-11-15,train
MDLZ_2012-11-15,train
NFG_2013-01-10,train
TSLA_2012-10-15,train
CYTK_2012-11-12,train
EXEL_2012-12-06,train
KKR_2012-12-05,train
UGI_2012-11-15,train
RMBS_2012-11-16,train
TECH_2013-04-15,train
GPN_2012-11-14,train
FDS_2012-12-27,train
INFY_2013-06-24,train
KMPR_2012-11-15,train
APA_2013-04-19,train
CNX_2013-07-05,train
NXPI_2012-10-24,train
BKR_2012-11-14,train
DCI_2012-10-24,train
GBCI_2012-11-15,train
IDXX_2013-05-31,train
NOV_2013-04-17,train
CL_2012-11-14,train
CI_2012-11-14,train
IFF_2012-11-16,train
MO_2012-11-15,train
FFIN_2012-11-13,train
FN_2012-11-16,train
LH_2012-11-16,train
HWC_2013-05-01,train
COLM_2013-02-06,train
FBIN_2012-11-27,train
FAF_2013-06-24,train
WTFC_2013-04-18,train
DECK_2012-12-21,train
INTU_2013-04-25,train
FCN_2012-12-03,train
VC_2012-12-17,train
AA_2013-07-03,train
SBRA_2012-12-24,train
USB_2012-12-28,train
XYL_2013-08-21,train
SYNA_2013-01-09,train
AMGN_2013-01-18,train
HOMB_2013-01-08,train
DKS_2013-03-11,train
AFL_2013-02-13,train
AKAM_2013-04-19,train
ALK_2013-01-10,train
AME_2013-01-16,train
AMG_2013-01-09,train
AMP_2013-01-16,train
AOS_2013-01-09,train
ASGN_2013-02-21,train
ASH_2013-03-27,train
ASML_2013-01-15,train
AXON_2013-02-25,train
AYI_2013-01-10,train
BC_2013-04-18,train
BDC_2013-04-18,train
BLDR_2013-04-18,train
BMRN_2013-01-11,train
BX_2013-01-09,train
BYD_2013-02-21,train
CGNX_2013-04-18,train
CHDN_2013-01-30,train
CHH_2013-01-11,train
CLF_2013-07-05,train
CMC_2013-06-24,train
CNC_2013-01-14,train
CSGP_2013-01-16,train
CSL_2013-01-10,train
CTRA_2013-01-09,train
CXT_2013-01-09,train
DOV_2013-01-14,train
DPZ_2013-02-21,train
DXCM_2013-02-21,train
DY_2013-04-15,train
EEFT_2013-02-26,train
ENS_2013-01-14,train
ETN_2013-01-16,train
EVR_2013-01-09,train
FITB_2013-01-14,train
FIX_2013-05-01,train
FLS_2013-05-01,train
GOOGL_2013-01-22,train
GOOG_2013-01-22,train
GPK_2013-01-09,train
HALO_2013-04-08,train
HD_2013-01-09,train
IVZ_2013-02-26,train
JAZZ_2013-04-16,train
KEX_2013-01-11,train
KEY_2013-01-11,train
LAD_2013-01-14,train
LECO_2013-04-17,train
MANH_2013-01-16,train
MCO_2013-02-08,train
MGM_2013-04-05,train
MIDD_2013-01-16,train
MMS_2013-01-10,train
MOH_2013-01-09,train
MTG_2013-01-29,train
NEU_2013-02-25,train
NXST_2013-01-10,train
NYT_2013-02-05,train
ODFL_2013-02-25,train
OHI_2013-01-10,train
ORI_2013-01-24,train
OSK_2013-01-14,train
PAG_2013-04-22,train
PII_2013-02-25,train
PSKY_2013-01-16,train
REGN_2013-02-20,train
RF_2013-01-14,train
RJF_2013-04-29,train
ROK_2013-06-24,train
RPM_2013-02-21,train
R_2013-01-09,train
SAIA_2013-01-09,train
SAM_2013-01-09,train
SBUX_2013-02-25,train
SGI_2013-01-09,train
SMCI_2013-05-01,train
SPGI_2013-02-08,train
STLD_2013-04-22,train
STT_2013-01-09,train
STX_2013-02-25,train
TCBI_2013-04-18,train
TEX_2013-06-24,train
THC_2013-01-10,train
THO_2013-04-18,train
TNL_2013-06-24,train
TREX_2013-01-16,train
TSCO_2013-01-11,train
TSN_2013-01-10,train
TTC_2013-04-18,train
TYL_2013-01-09,train
UFPI_2013-04-17,train
URI_2013-06-24,train
WAL_2013-01-11,train
WCC_2013-06-24,train
WEX_2013-05-01,train
WTS_2013-01-15,train
XPO_2013-04-09,train
CF_2013-07-01,train
DINO_2013-07-05,train
DIS_2013-01-11,train
EFX_2013-02-25,train
GT_2013-04-15,train
HUBB_2013-01-16,train
MAS_2013-01-16,train
RCL_2013-03-25,train
WLK_2013-05-01,train
WSM_2013-01-30,train
AAL_2013-02-25,train
CBOE_2013-01-11,train
CCL_2013-10-09,train
EXP_2013-02-25,train
MU_2013-01-11,train
NBIX_2013-01-11,train
OPCH_2013-11-07,train
RGLD_2013-06-26,train
SBAC_2013-02-13,train
TTWO_2013-01-31,train
WDC_2013-01-11,train
CBT_2013-04-18,train
CIEN_2013-05-02,train
HSY_2013-01-15,train
J_2013-01-14,train
NFLX_2013-01-16,train
TDG_2013-01-16,train
WAB_2013-01-14,train
TER_2013-04-18,train
VTRS_2013-01-22,train
ZION_2013-01-15,train
BAC_2013-02-25,train
BLK_2013-01-16,train
CAR_2013-01-16,train
IEX_2013-01-16,train
IPGP_2013-08-30,train
MET_2013-02-25,train
PCAR_2013-01-16,train
PTC_2013-04-19,train
RBA_2013-10-09,train
TRMB_2013-06-24,train
BSX_2013-01-17,train
DAL_2013-02-21,train
FSLR_2013-03-04,train
ILMN_2013-02-21,train
PHM_2013-08-14,train
TTEK_2013-08-16,train
AVNT_2013-02-26,train
CMCSA_2013-01-31,train
ING_2013-04-01,train
MTZ_2013-05-01,train
SEIC_2013-01-18,train
TT_2013-01-18,train
COF_2013-02-25,train
GGG_2013-04-18,train
ITT_2013-02-25,train
LII_2013-01-22,train
PNFP_2013-02-26,train
BBY_2013-02-13,train
GNTX_2013-03-04,train
JLL_2013-09-03,train
OZK_2013-01-23,train
PH_2013-04-19,train
PODD_2013-02-25,train
VWAGY_2013-04-18,train
AEIS_2013-01-24,train
AMD_2013-04-05,train
APH_2013-01-28,train
CNO_2013-01-24,train
F_2013-02-25,train
GATX_2013-07-26,train
HBAN_2013-02-25,train
HON_2013-01-24,train
JCI_2013-02-04,train
KR_2013-02-04,train
PPG_2013-02-21,train
PRU_2013-02-26,train
RVTY_2013-04-26,train
SSB_2013-01-30,train
UTHR_2013-01-28,train
VLO_2013-07-02,train
COR_2013-01-25,train
PFG_2013-02-04,train
PPC_2013-01-31,train
TEL_2013-01-31,train
UNP_2013-01-30,train
AAON_2013-01-28,train
CRH_2013-06-24,train
LFUS_2013-04-09,train
MTN_2013-01-30,train
TXT_2013-05-01,train
ALV_2013-02-25,train
AVT_2013-04-19,train
DHI_2013-10-15,train
HOG_2013-04-15,train
LOW_2013-02-25,train
LSCC_2013-10-24,train
LVS_2013-02-21,train
NVR_2013-09-05,train
CMG_2013-02-05,train
CTSH_2013-04-25,train
HRB_2013-01-31,train
ITW_2013-02-25,train
MS_2013-04-18,train
PKG_2013-01-31,train
SNA_2013-02-25,train
APTV_2013-02-21,train
BCO_2013-04-18,train
BIIB_2013-02-04,train
MLI_2013-06-24,train
NOVT_2013-05-09,train
TTE_2013-04-18,train
UAL_2013-02-04,train
UHS_2013-02-25,train
ZBRA_2013-06-26,train
BAH_2013-03-06,train
GM_2013-02-25,train
SLM_2013-02-04,train
TJX_2013-02-25,train
WMB_2013-06-24,train
ALGN_2013-04-18,train
LUV_2013-02-04,train
SF_2013-04-18,train
CRL_2013-02-26,train
HPQ_2013-02-07,train
HUM_2013-03-25,train
LEN_2013-09-05,train
TXN_2013-02-21,train
UNM_2013-02-07,train
AIG_2013-02-25,train
CMI_2013-05-01,train
FFIV_2013-06-24,train
FTNT_2013-06-24,train
GAP_2013-02-25,train
JKHY_2013-02-14,train
NVO_2013-06-24,train
ON_2013-10-09,train
STZ_2013-02-11,train
WHR_2013-02-11,train
AMAT_2013-04-18,train
BBVA_2013-06-24,train
BBWI_2013-02-25,train
BRKR_2013-07-03,train
EXR_2013-02-25,train
FIS_2013-02-15,train
FLR_2013-04-19,train
HIG_2013-02-25,train
RGEN_2013-02-21,train
ADBE_2013-02-25,train
ARW_2013-05-01,train
BALL_2013-06-28,train
ENTG_2013-08-19,train
HAL_2013-04-19,train
LRCX_2013-04-15,train
SATS_2013-04-18,train
SLB_2013-04-19,train
ST_2013-04-18,train
ROL_2013-04-18,train
MA_2013-02-26,train
QCOM_2013-07-09,train
SAN_2013-06-24,train
SPXC_2013-05-01,train
SYK_2013-02-25,train
AMKR_2013-04-18,train
KLAC_2013-03-21,train
POOL_2013-02-25,train
AIZ_2013-02-25,train
CRM_2013-06-20,train
EQNR_2013-06-24,train
HAS_2013-02-28,train
OLED_2013-06-24,train
ORA_2013-04-19,train
TMUS_2013-02-26,train
GHC_2013-02-26,train
INCY_2013-06-21,train
TRGP_2013-02-26,train
ADM_2013-04-15,train
BP_2013-03-13,train
FR_2013-06-24,train
NSC_2013-06-24,train
PWR_2013-06-24,train
SLAB_2013-11-19,train
WSO_2013-02-25,train
COKE_2013-04-15,train
EHC_2013-02-26,train
CHE_2013-05-10,train
HRL_2013-02-25,train
NDAQ_2013-04-02,train
TMO_2013-02-25,train
CBRE_2013-08-19,train
MLM_2013-04-15,train
PNR_2013-04-22,train
VMC_2013-04-15,train
CPAY_2013-03-19,train
CPRI_2013-04-22,train
KBH_2013-11-11,train
ORCL_2013-06-25,train
SW_2013-06-24,train
ECL_2013-03-01,train
EME_2013-05-01,train
ICE_2013-04-18,train
EOG_2013-04-19,train
VRTX_2013-03-04,train
ZBH_2013-03-21,train
AN_2013-04-04,train
AVY_2013-04-18,train
ENSG_2013-03-21,train
EXLS_2013-11-05,train
FHI_2013-05-01,train
LYV_2013-03-05,train
TDY_2013-04-18,train
TOL_2013-09-05,train
VNO_2013-06-20,train
ATI_2013-05-01,train
ADSK_2013-06-24,train
FISV_2013-03-07,train
ORLY_2013-04-17,train
CME_2013-04-18,train
COO_2013-03-15,train
JPM_2013-04-18,train
MDT_2013-03-18,train
PEGA_2013-04-19,train
SCHW_2013-05-01,train
WIT_2013-06-24,train
ARWR_2013-04-24,train
BWA_2013-04-18,train
STWD_2013-06-24,train
THG_2013-03-12,train
BF-B_2013-06-20,train
GL_2013-04-05,train
M_2013-03-18,train
TPL_2013-03-19,train
ASB_2013-04-22,train
CACI_2013-04-19,train
EWBC_2013-04-18,train
GILD_2013-03-19,train
HXL_2013-04-18,train
MSCI_2013-04-05,train
ULTA_2013-03-18,train
FDX_2013-04-18,train
SSD_2013-06-24,train
BK_2013-04-18,train
IT_2013-03-25,train
FHN_2013-04-18,train
ONB_2013-05-01,train
CDNS_2013-04-19,train
COLB_2013-04-18,train
MSA_2013-06-20,train
SNX_2013-04-22,train
ADI_2013-04-18,train
LEA_2013-04-18,train
AZN_2013-06-24,train
OVV_2013-07-05,train
TXRH_2013-04-22,train
CSX_2013-06-24,train
DVN_2013-04-19,train
EIX_2013-09-05,train
ITUB_2013-07-05,train
RTX_2013-05-01,train
SCI_2013-04-18,train
ISRG_2013-12-17,train
CAT_2013-04-19,train
EMR_2013-04-18,train
OLN_2013-10-25,train
TXNM_2013-06-20,train
VFC_2013-04-15,train
CVS_2013-04-15,train
ELV_2013-04-18,train
NI_2013-06-20,train
POST_2013-10-08,train
BKNG_2013-04-19,train
EW_2013-12-13,train
E_2013-06-25,train
MTDR_2013-04-17,train
PEG_2013-06-20,train
HST_2013-06-20,train
TSM_2013-08-21,train
CTAS_2013-05-01,train
CELH_2013-04-22,train
MNST_2013-10-07,train
MRK_2013-05-06,train
EPAM_2013-04-22,train
RLI_2013-04-22,train
RRC_2013-05-01,train
EXC_2014-01-03,train
NVS_2013-06-24,train
OKE_2013-07-05,train
EG_2013-06-24,train
BMY_2013-05-08,train
AEP_2013-09-12,train
CLH_2014-02-26,train
GNRC_2013-05-01,train
CHTR_2013-04-30,train
CRUS_2013-06-27,train
GLW_2013-06-24,train
NEE_2013-05-29,train
SRE_2013-06-12,train
NOC_2013-05-01,train
SHEL_2013-06-25,train
AES_2013-06-24,train
DVA_2013-08-30,train
KDP_2013-10-07,train
AON_2013-06-24,train
WYNN_2013-06-24,train
AMT_2013-08-19,train
EXPE_2013-08-21,train
BA_2013-05-08,train
LMT_2013-05-09,train
MCHP_2013-06-06,train
HOLX_2013-07-09,train
TAP_2013-07-03,train
BR_2013-05-10,train
DLR_2013-12-03,train
ESS_2013-09-03,train
WFC_2013-05-09,train
FLEX_2013-05-13,train
KRC_2013-08-19,train
MCK_2013-06-25,train
BUD_2013-06-24,train
KTOS_2013-05-14,train
LHX_2013-06-24,train
STRL_2014-04-21,train
TKO_2013-05-22,train
RHHBY_2013-06-24,train
MSFT_2013-09-06,train
MTCH_2013-07-03,train
NJR_2013-07-01,train
NVDA_2013-06-27,train
SMG_2013-06-05,train
DD_2013-06-24,train
GD_2013-06-21,train
A_2013-06-24,train
COP_2013-06-24,train
HCA_2013-07-03,train
MRSH_2013-06-20,train
CUZ_2013-06-12,train
KNX_2013-09-25,train
FICO_2013-06-25,train
MTSI_2013-07-09,train
WST_2013-06-12,train
DLB_2013-09-06,train
INGR_2014-02-03,train
LSTR_2013-06-24,train
ALL_2013-06-05,train
CDP_2013-12-03,train
ARE_2013-08-19,train
HII_2013-06-05,train
AFG_2013-06-24,train
AXP_2013-06-24,train
ETR_2014-01-09,train
FRT_2013-06-20,train
LDOS_2013-06-24,train
TKR_2013-12-11,train
UDR_2013-09-03,train
EQIX_2013-11-12,train
INTC_2013-08-16,train
MPWR_2013-06-24,train
CASY_2013-06-24,train
ANF_2013-12-17,train
APO_2013-06-24,train
BEN_2013-06-24,train
CAH_2013-06-24,train
CW_2013-06-24,train
DHR_2013-06-24,train
PRI_2013-06-26,train
JNJ_2013-06-21,train
WWD_2013-08-30,train
MUR_2013-06-24,train
PSX_2013-08-19,train
UNH_2013-06-25,train
BKH_2013-09-06,train
IRM_2013-10-11,train
EQR_2013-08-19,train
EVRG_2013-09-06,train
STAG_2013-08-19,train
AEE_2013-09-05,train
IBOC_2013-09-03,train
MKSI_2013-08-19,train
RNR_2013-08-08,train
WBS_2013-10-07,train
MZTI_2013-09-03,train
FNF_2013-08-30,train
LYB_2013-07-26,train
JBL_2013-12-18,train
CG_2013-08-19,train
CPT_2013-12-12,train
ATO_2013-09-05,train
CSCO_2013-12-13,train
SPG_2013-09-05,train
ABT_2013-09-03,train
AVAV_2013-08-30,train
BIDU_2013-07-23,train
CHRW_2014-03-19,train
CROX_2013-10-31,train
ELS_2013-10-03,train
FTI_2013-11-27,train
APD_2013-08-16,train
AVB_2013-11-25,train
EPR_2013-10-08,train
MMM_2013-08-27,train
NTRS_2013-10-08,train
LLY_2013-10-07,train
RGA_2013-08-28,train
META_2013-08-15,train
H_2013-09-30,train
NOK_2013-08-30,train
KMI_2014-03-13,train
NEM_2014-02-05,train
ACM_2013-12-13,train
GEN_2014-03-21,train
IBKR_2013-08-30,train
AWK_2013-09-16,train
LOPE_2013-08-19,train
NLY_2013-12-06,train
BXP_2013-08-19,train
AAPL_2013-09-16,train
AZO_2013-09-16,train
WELL_2013-12-19,train
NNN_2013-09-03,train
SHW_2013-08-27,train
GWRE_2014-05-09,train
BLKB_2014-04-28,train
SWKS_2013-10-24,train
SONY_2014-02-03,train
GRMN_2013-09-06,train
MPC_2013-10-09,train
GME_2014-02-03,train
NOW_2014-04-28,train
STE_2013-09-26,train
STLA_2013-12-13,train
AVGO_2013-09-19,train
EA_2013-12-12,train
MAR_2013-10-09,train
TSLA_2013-11-26,train
UGI_2013-10-09,train
PANW_2013-11-08,train
RMBS_2013-11-07,train
GPN_2013-10-08,train
NKE_2013-10-08,train
BDX_2013-10-08,train
CUBE_2013-12-12,train
NXPI_2013-10-23,train
WRB_2014-02-03,train
REG_2013-12-17,train
ROST_2014-07-16,train
IDXX_2013-12-12,train
O_2013-12-05,train
ERIE_2014-03-21,train
INFY_2014-05-29,train
NWE_2013-12-11,train
POR_2013-10-31,train
FDS_2014-02-05,train
HR_2013-12-12,train
KIM_2013-12-16,train
PCG_2014-01-03,train
CMS_2013-12-11,train
DTE_2014-01-08,train
IDA_2013-11-13,train
ADP_2014-02-05,train
BRK-B_2014-02-05,train
CYTK_2014-10-10,train
CI_2014-04-17,train
GPC_2014-02-03,train
MO_2014-02-05,train
LNT_2014-01-06,train
PPL_2013-12-13,train
TRV_2014-02-03,train
DRI_2014-07-17,train
UBSI_2014-02-21,train
PEP_2014-02-19,train
VTR_2013-12-03,train
BKR_2014-11-04,train
DOC_2013-12-12,train
MTD_2014-04-11,train
TGT_2014-02-05,train
DLTR_2014-02-03,train
FIVE_2014-07-21,train
V_2014-04-11,train
LULU_2014-06-12,train
WY_2014-04-11,train
COLM_2013-12-02,train
RMD_2014-02-03,train
CAG_2014-02-27,train
COST_2014-02-03,train
DGX_2014-02-07,train
FAF_2014-02-05,train
DECK_2014-03-13,train
GMED_2014-08-29,train
INTU_2014-02-12,train
PNW_2014-01-29,train
XEL_2013-12-11,train
FCN_2014-02-25,train
ES_2013-12-05,train
G_2014-02-07,train
NTAP_2014-05-12,train
LPX_2014-10-13,train
WEC_2014-01-06,train
COHR_2014-10-08,train
GS_2014-04-11,train
QLYS_2014-04-29,train
DG_2014-05-29,train
CHRD_2014-12-11,train
FE_2014-01-28,train
HL_2014-11-05,train
MAA_2013-12-19,train
RSG_2014-02-04,train
SWK_2014-02-03,train
VC_2013-12-19,train
TTMI_2014-10-27,train
AA_2014-01-13,train
PSA_2014-01-02,train
WM_2014-02-27,train
WPC_2014-02-03,train
CCK_2014-01-28,train
CHD_2014-02-03,train
DUK_2014-01-15,train
FANG_2014-01-13,train
KRG_2014-03-26,train
ED_2014-03-21,train
SWX_2014-08-06,train
MASI_2014-09-23,train
SO_2014-01-06,train
SYNA_2014-01-06,train
D_2014-01-03,train
AMGN_2014-05-08,train
SBRA_2014-09-29,train
DKS_2014-08-07,train
EXEL_2014-12-24,train
LH_2014-02-03,train
OC_2014-10-13,train
AKAM_2014-02-03,train
ALK_2014-02-03,train
ASH_2014-02-03,train
AXON_2014-07-17,train
AYI_2014-07-31,train
BC_2014-05-08,train
BDC_2014-10-13,train
BLDR_2014-10-10,train
BMRN_2014-07-17,train
BYD_2014-10-13,train
CHH_2014-05-20,train
CNC_2014-04-17,train
CSL_2014-02-03,train
DPZ_2014-02-05,train
DXCM_2014-05-07,train
DY_2014-02-19,train
EEFT_2014-03-10,train
FIX_2014-10-09,train
GPK_2014-01-27,train
HALO_2014-05-08,train
HD_2014-02-04,train
LAD_2014-02-03,train
MANH_2014-09-04,train
MCO_2014-02-03,train
MIDD_2014-08-05,train
MMS_2014-08-07,train
MOH_2014-02-12,train
NEU_2014-01-27,train
NXST_2014-03-18,train
ODFL_2014-02-03,train
OHI_2014-01-13,train
PAG_2014-10-13,train
REGN_2014-01-13,train
R_2014-02-03,train
SAIA_2014-02-11,train
SAM_2014-02-06,train
SMCI_2014-04-11,train
STX_2014-02-05,train
THC_2014-04-16,train
TREX_2014-07-17,train
TSCO_2014-10-10,train
TYL_2014-04-11,train
XPO_2014-05-08,train
CF_2014-02-04,train
DIS_2014-02-03,train
GT_2014-10-13,train
JAZZ_2014-04-07,train
MAS_2014-05-06,train
RCL_2014-01-24,train
WSM_2014-02-04,train
AAL_2014-10-13,train
CBOE_2014-07-16,train
CCL_2014-10-13,train
MU_2014-04-11,train
NBIX_2014-07-17,train
RGLD_2014-01-14,train
RH_2014-02-03,train
TTWO_2014-01-16,train
WDC_2014-05-09,train
CIEN_2014-10-14,train
TDG_2014-02-03,train
CLF_2014-12-24,train
CLX_2014-02-05,train
CAR_2014-02-03,train
IFF_2014-02-04,train
DAL_2014-02-03,train
ILMN_2014-04-15,train
ASGN_2014-10-01,train
ASML_2014-05-06,train
EFX_2014-04-11,train
NFLX_2014-04-28,train
SEIC_2014-04-14,train
ADC_2014-02-03,train
AMP_2014-02-03,train
BSX_2014-10-17,train
CSGP_2014-10-13,train
LII_2014-10-13,train
SBAC_2014-04-07,train
TNL_2014-02-03,train
BBY_2014-01-30,train
BX_2014-05-09,train
GNTX_2014-10-01,train
HSIC_2014-02-03,train
JLL_2014-01-27,train
SR_2014-02-06,train
AEIS_2014-08-01,train
APH_2014-02-03,train
CCI_2014-02-03,train
KR_2014-02-03,train
PPG_2014-02-03,train
UTHR_2014-06-18,train
VTRS_2014-02-05,train
AOS_2014-04-10,train
COR_2014-04-25,train
PLD_2014-01-29,train
PPC_2014-02-10,train
SBUX_2014-02-03,train
UNP_2014-02-03,train
AAON_2014-10-09,train
MTN_2014-04-11,train
TEL_2014-10-13,train
TXT_2014-10-13,train
HAE_2014-04-30,train
LOW_2014-05-15,train
LSCC_2014-02-05,train
PHM_2014-10-13,train
CMG_2014-04-28,train
PKG_2014-10-14,train
SNA_2014-02-03,train
BIIB_2014-04-11,train
NOVT_2014-02-05,train
UAL_2014-07-07,train
UHS_2014-03-17,train
ZBRA_2014-02-03,train
BAH_2014-02-04,train
DHI_2014-10-13,train
SPGI_2014-04-11,train
CRH_2014-10-13,train
CTSH_2014-10-10,train
LUV_2014-02-05,train
TJX_2014-07-17,train
AMD_2015-01-20,train
AMZN_2015-01-15,train
APTV_2014-10-13,train
EXPO_2014-05-15,train
HRB_2014-04-28,train
WAL_2014-02-10,train
WDAY_2014-05-08,train
CRL_2014-05-02,train
IPGP_2014-05-15,train
HPQ_2014-02-10,train
HUM_2014-02-12,train
LEN_2014-08-06,train
TXN_2014-02-10,train
DINO_2015-01-15,train
FTNT_2014-05-09,train
ON_2014-10-13,train
STZ_2014-04-15,train
WHR_2014-02-19,train
AMAT_2014-02-12,train
BBWI_2014-02-12,train
EXR_2014-02-12,train
RGEN_2014-03-28,train
ARW_2014-10-13,train
BALL_2014-03-26,train
FIS_2014-04-11,train
IP_2014-04-15,train
LRCX_2014-03-04,train
MS_2014-04-11,train
NVR_2014-04-23,train
ST_2014-02-21,train
VLO_2014-10-15,train
VRSN_2014-04-28,train
ADBE_2014-05-07,train
BLK_2014-04-11,train
CGNX_2014-04-15,train
ROP_2014-04-15,train
AMKR_2014-02-19,train
BCO_2014-10-30,train
KLAC_2014-05-06,train
POOL_2014-10-14,train
TM_2014-04-10,train
UFPI_2014-10-13,train
WAB_2014-04-15,train
FBIN_2014-07-28,train
MA_2014-04-11,train
MOS_2014-10-17,train
OLED_2014-05-06,train
VWAGY_2014-10-10,train
ALV_2014-10-13,train
CXT_2014-12-16,train
GHC_2014-05-15,train
INCY_2014-04-15,train
LVMUY_2014-10-10,train
RPM_2014-02-24,train
TMUS_2014-12-16,train
FR_2014-09-23,train
SLAB_2014-10-13,train
WLK_2014-12-15,train
WSO_2014-09-23,train
COKE_2014-08-01,train
EHC_2014-02-25,train
FSLR_2015-01-20,train
PBF_2014-10-15,train
TPR_2014-11-04,train
CHE_2014-04-30,train
HRL_2014-08-01,train
NDAQ_2014-04-15,train
ORA_2014-08-06,train
CBRE_2014-04-28,train
CRM_2014-04-28,train
LAMR_2014-10-14,train
OZK_2014-05-20,train
SF_2014-10-13,train
CHDN_2014-05-20,train
MLM_2015-01-15,train
VMC_2014-10-13,train
ALGN_2014-10-14,train
CPAY_2014-04-28,train
PAYX_2014-04-11,train
SW_2014-10-10,train
GTLS_2015-01-15,train
VRTX_2014-04-14,train
ZBH_2014-04-17,train
AN_2014-10-13,train
AVY_2014-10-13,train
ENSG_2014-05-09,train
EXLS_2014-10-01,train
LYV_2014-04-15,train
FHI_2014-03-14,train
ADSK_2014-04-11,train
FISV_2014-04-11,train
ORLY_2014-04-11,train
CME_2014-04-11,train
COO_2014-04-11,train
MDT_2014-03-24,train
ARWR_2014-12-04,train
FN_2014-10-10,train
GM_2014-10-15,train
PNFP_2014-05-20,train
SIGI_2014-04-21,train
ABBV_2014-04-11,train
HIG_2014-04-11,train
MTG_2014-08-01,train
PEGA_2014-04-28,train
WAT_2014-10-15,train
OPCH_2015-03-11,train
ROL_2014-10-13,train
TPL_2015-01-15,train
EWBC_2014-10-15,train
GILD_2014-04-10,train
HXL_2014-10-13,train
JKHY_2014-10-13,train
MLI_2014-10-10,train
MSCI_2014-04-30,train
TOL_2014-10-13,train
ULTA_2014-05-07,train
FDX_2014-04-11,train
ICE_2014-07-10,train
CACI_2014-07-15,train
JBHT_2014-03-26,train
PSKY_2014-10-13,train
SSD_2014-10-13,train
VNO_2014-03-26,train
FHN_2014-05-16,train
SNX_2014-03-28,train
ADI_2014-10-13,train
LEA_2014-10-15,train
NVO_2015-01-06,train
RBC_2014-10-14,train
FLO_2014-10-10,train
KBH_2015-01-22,train
NCLH_2014-04-15,train
WMB_2014-04-07,train
TXRH_2014-04-28,train
HAS_2014-08-01,train
SCI_2014-05-06,train
ENTG_2014-10-13,train
ISRG_2014-05-08,train
OLN_2014-12-16,train
THO_2014-10-13,train
VFC_2014-04-11,train
CDNS_2014-04-14,train
SNPS_2014-04-11,train
BIO_2014-10-14,train
CVS_2014-04-11,train
ELV_2014-04-17,train
PFE_2014-10-16,train
POST_2014-10-15,train
ENS_2014-10-13,train
TT_2014-10-13,train
EW_2014-06-13,train
MTDR_2014-12-08,train
CTAS_2014-04-21,train
CELH_2014-10-20,train
MNST_2014-07-31,train
RVTY_2014-10-13,train
CSX_2014-05-02,train
EPAM_2014-04-29,train
RRC_2015-03-13,train
COLB_2014-05-16,train
OVV_2015-03-13,train
STLD_2014-06-02,train
VALE_2015-04-01,train
MAT_2015-03-27,train
YUM_2014-10-13,train
BMY_2014-06-09,train
FCX_2015-01-30,train
HAL_2015-01-15,train
TSM_2014-05-02,train
CMC_2015-01-23,train
OSK_2015-01-15,train
CHTR_2014-04-30,train
CRUS_2014-12-02,train
DVN_2014-12-15,train
VRSK_2014-10-10,train
EQNR_2014-12-15,train
NOC_2014-05-20,train
BK_2014-05-06,train
KDP_2014-05-05,train
TCBI_2015-01-30,train
ATI_2015-01-23,train
EXPE_2014-05-08,train
ALB_2015-01-29,train
CTRA_2015-01-30,train
HOLX_2014-10-16,train
ING_2015-01-12,train
LRLCY_2014-11-03,train
MCHP_2014-10-15,train
BR_2014-05-15,train
SCHW_2014-05-20,train
FLEX_2014-10-13,train
RBA_2014-05-23,train
KTOS_2014-12-16,train
MCK_2014-05-15,train
STRL_2015-03-05,train
ACN_2014-10-14,train
SLM_2014-07-02,train
SSB_2014-05-15,train
TKO_2015-01-20,train
WEX_2014-05-15,train
ESS_2014-06-16,train
LHX_2014-10-13,train
NI_2014-06-11,train
SMG_2014-08-01,train
KBR_2015-03-27,train
PEG_2014-08-06,train
AON_2014-10-13,train
HCA_2014-05-30,train
KNX_2014-06-26,train
NVDA_2014-10-13,train
TER_2014-10-13,train
FICO_2014-10-13,train
MTSI_2014-05-29,train
MDLZ_2014-10-16,train
WST_2014-08-12,train
EBAY_2014-10-16,train
MTCH_2014-10-16,train
GBCI_2015-01-30,train
ROK_2014-10-13,train
HII_2014-08-04,train
ZION_2015-01-28,train
FFIN_2015-01-21,train
LDOS_2014-09-09,train
EQIX_2014-10-16,train
MPWR_2014-10-14,train
CASY_2014-07-31,train
HOMB_2014-10-09,train
HWC_2015-01-21,train
SGI_2015-02-09,train
FLG_2014-10-15,train
MORN_2014-10-15,train
THG_2014-07-31,train
TMHC_2014-10-13,train
ARE_2014-09-23,train
M_2014-10-13,train
RLI_2014-07-31,train
CAH_2014-06-24,train
AGCO_2014-10-10,train
MTZ_2015-05-12,train
AIG_2015-01-30,train
HBAN_2014-10-20,train
IT_2014-07-31,train
KEY_2014-10-15,train
NYT_2014-09-30,train
WWD_2015-01-16,train
PSX_2015-01-15,train
UNH_2014-08-07,train
CFR_2015-01-15,train
PB_2015-01-30,train
BWXT_2015-01-21,train
WBS_2014-10-15,train
ACGL_2014-10-16,train
GD_2014-08-07,train
PGR_2014-08-01,train
VOYA_2014-10-16,train
CMCSA_2014-10-16,train
FNF_2014-10-13,train
LYB_2014-12-12,train
WTFC_2015-01-15,train
GOOGL_2015-01-12,train
GOOG_2015-01-12,train
IQV_2014-10-15,train
EVR_2014-10-07,train
JPM_2015-01-30,train
PNC_2014-10-15,train
CROX_2015-02-10,train
ELS_2014-09-24,train
LLY_2014-08-07,train
SYK_2014-08-07,train
KKR_2014-10-16,train
LMT_2014-08-07,train
RGA_2014-10-16,train
BF-B_2014-10-15,train
UDR_2014-09-25,train
AFG_2014-10-15,train
BKNG_2015-01-15,train
EL_2015-01-28,train
META_2014-08-06,train
MKC_2014-10-01,train
PODD_2015-05-06,train
AIZ_2015-04-27,train
INGR_2014-10-13,train
CSCO_2014-10-16,train
EXPD_2014-10-13,train
IBKR_2014-08-20,train
AVB_2014-09-25,train
EQR_2014-09-25,train
AZO_2014-10-13,train
COTY_2014-10-06,train
BLKB_2014-10-10,train
SWKS_2014-10-13,train
CDW_2014-10-16,train
SONY_2014-10-16,train
ANF_2015-08-21,train
GME_2014-12-16,train
NOW_2014-10-13,train
TTC_2014-10-13,train
STLA_2014-10-10,train
AVGO_2014-10-13,train
EA_2014-10-16,train
TSLA_2015-03-27,train
PANW_2014-10-13,train
MPC_2014-10-15,train
COP_2015-08-25,train
GPN_2014-10-13,train
NKE_2014-10-14,train
WYNN_2015-10-01,train
CNO_2015-01-15,train
TRGP_2015-09-29,train
APA_2015-09-28,train
TAP_2015-08-25,train
GEF_2015-08-25,train
LVS_2015-10-01,train
RMBS_2014-10-21,train
CUBE_2014-10-17,train
JBL_2015-08-25,train
CVX_2015-08-25,train
NXPI_2014-10-22,train
INTC_2015-08-25,train
MCD_2014-12-15,train
MSFT_2015-01-30,train
ORI_2015-01-23,train
BIDU_2015-09-23,train
DD_2015-08-25,train
MGM_2015-07-08,train
MZTI_2015-03-11,train
TRMB_2015-09-28,train
CBT_2015-09-29,train
FDS_2014-11-04,train
TEX_2015-09-24,train
CYTK_2014-11-07,train
MUR_2015-10-01,train
URI_2015-09-28,train
CI_2014-11-07,train
GE_2015-01-15,train
GWRE_2015-01-15,train
IBOC_2015-01-30,train
RL_2015-09-29,train
LFUS_2015-08-25,train
BRKR_2015-10-01,train
NSC_2015-08-25,train
REXR_2015-09-09,train
AVAV_2015-09-22,train
TSN_2015-03-13,train
V_2015-01-28,train
CNX_2015-10-30,train
EME_2015-01-20,train
MUSA_2015-08-25,train
SAIC_2015-09-29,train
NEM_2015-09-23,train
G_2014-12-15,train
SFM_2015-08-24,train
COHR_2015-01-14,train
GMED_2015-09-30,train
MAA_2015-03-06,train
AA_2015-11-12,train
PSA_2014-12-31,train
SJM_2015-01-06,train
LPX_2015-09-29,train
MASI_2015-01-30,train
SYNA_2015-01-15,train
NRG_2015-12-04,train
OKE_2015-12-18,train
DLTR_2015-10-14,train
HR_2015-09-10,train
DLR_2015-09-01,train
EXEL_2015-01-22,train
AYI_2015-01-15,train
BLDR_2015-01-21,train
BYD_2015-01-13,train
DXCM_2015-01-21,train
DY_2015-01-30,train
EEFT_2015-01-30,train
FIX_2015-01-20,train
MANH_2015-01-15,train
TYL_2015-01-15,train
RCL_2015-05-05,train
NBIX_2015-01-15,train
TTWO_2015-04-30,train
CLF_2016-01-12,train
AWK_2015-06-30,train
LULU_2015-11-17,train
NFLX_2015-04-01,train
AR_2015-12-07,train
NJR_2015-09-04,train
VTRS_2015-10-22,train
ADC_2015-09-09,train
ATO_2015-06-30,train
BKH_2015-09-11,train
SBUX_2015-01-30,train
BURL_2015-11-19,train
COLM_2015-02-11,train
EVRG_2015-06-25,train
FANG_2016-01-11,train
KMI_2016-01-20,train
MO_2015-06-15,train
MTN_2015-02-09,train
O_2015-09-04,train
SMCI_2016-01-11,train
SR_2015-03-06,train
TXNM_2015-06-30,train
WTRG_2015-06-30,train
CPB_2015-03-11,train
FIVE_2015-11-17,train
LSCC_2015-10-05,train
NNN_2015-09-04,train
CPRI_2016-01-15,train
CHRD_2016-01-20,train
HL_2016-01-19,train
PPL_2015-03-11,train
RGLD_2016-01-20,train
CMS_2015-06-25,train
SAIA_2016-01-19,train
TTMI_2016-01-19,train
AMZN_2015-03-11,train
ED_2015-06-15,train
EXR_2015-02-19,train
AKAM_2016-02-09,train
BDC_2016-02-08,train
EQT_2015-12-17,train
FCFS_2016-01-28,train
QLYS_2016-02-09,train
TKR_2016-01-20,train
VRSN_2015-06-29,train
XPO_2016-01-20,train
CG_2016-02-09,train
IDA_2015-06-09,train
KLAC_2015-08-25,train
UFPI_2015-03-10,train
AMAT_2015-09-28,train
CINF_2015-06-08,train
CMG_2016-01-12,train
H_2016-01-19,train
OLED_2015-10-01,train
NDSN_2016-01-20,train
WEC_2015-06-29,train
EXP_2016-01-28,train
HSIC_2015-09-28,train
KMB_2015-03-11,train
TREX_2015-09-29,train
AEE_2015-06-25,train
COKE_2015-03-05,train
DECK_2016-01-19,train
DPZ_2015-03-11,train
EPR_2015-09-04,train
FSLR_2015-09-28,train
LNT_2015-09-04,train
LUV_2015-07-08,train
MSI_2015-07-08,train
PNW_2015-06-25,train
PPC_2015-10-15,train
SATS_2016-02-11,train
SBRA_2016-02-09,train
STZ_2015-03-06,train
TPR_2015-09-28,train
AAON_2015-09-29,train
CGNX_2016-01-08,train
DLB_2016-01-21,train
HRL_2015-04-30,train
NDAQ_2015-07-08,train
PII_2016-01-28,train
SPXC_2016-01-12,train
AMD_2015-07-27,train
AXON_2016-01-19,train
CF_2016-02-08,train
AEIS_2015-08-24,train
BMRN_2016-02-08,train
FAST_2015-10-01,train
GNRC_2015-10-27,train
GRMN_2015-10-15,train
MAS_2015-04-17,train
MSM_2015-12-17,train
ODFL_2016-01-20,train
RGEN_2016-02-08,train
VC_2015-07-27,train
WDAY_2016-02-09,train
ALGN_2015-04-01,train
AMKR_2016-02-12,train
CAG_2015-03-11,train
CRM_2016-02-08,train
DAR_2016-02-11,train
GATX_2016-01-19,train
HALO_2016-02-10,train
ITUB_2016-01-21,train
REG_2015-08-25,train
SHEL_2016-01-20,train
STX_2016-01-25,train
ALK_2015-06-09,train
APO_2016-02-11,train
EXC_2015-12-14,train
GTLS_2016-01-20,train
KEX_2016-01-13,train
LAD_2016-01-28,train
MOS_2016-02-02,train
NXST_2016-02-11,train
PAG_2016-02-03,train
WCC_2016-01-20,train
AMG_2016-02-11,train
GAP_2016-02-11,train
GT_2015-03-17,train
NFG_2015-12-11,train
PM_2015-03-31,train
VWAGY_2015-10-02,train
ARW_2016-01-19,train
AVY_2015-04-17,train
BBY_2016-01-19,train
CRS_2016-01-19,train
EXLS_2015-04-22,train
GGG_2016-01-25,train
HST_2016-01-19,train
MLM_2016-01-20,train
NOV_2016-02-11,train
R_2016-01-19,train
UNM_2016-02-11,train
DKS_2016-01-13,train
ADSK_2016-02-09,train
IRM_2016-01-20,train
DG_2015-11-13,train
XEL_2015-06-25,train
ACM_2016-02-11,train
CHDN_2015-03-18,train
HOG_2016-01-27,train
HPQ_2016-02-11,train
NUE_2016-01-25,train
ON_2016-02-11,train
ORLY_2015-03-25,train
PVH_2016-01-19,train
PWR_2016-02-11,train
RS_2016-01-20,train
SAN_2016-02-11,train
SHW_2015-09-29,train
SYY_2015-07-06,train
TXN_2015-08-25,train
WHR_2016-01-19,train
WY_2016-02-11,train
ARWR_2016-02-09,train
FN_2015-07-09,train
ROST_2015-11-13,train
SIGI_2015-05-26,train
UAL_2016-01-20,train
AES_2016-01-15,train
BWA_2016-01-25,train
ETR_2015-09-04,train
MTG_2016-01-25,train
SON_2015-09-28,train
CAT_2016-01-25,train
CDP_2015-09-04,train
CMI_2016-01-19,train
CNP_2015-12-10,train
EIX_2015-06-30,train
EMR_2016-01-25,train
ES_2015-06-30,train
ETN_2016-01-25,train
FLR_2015-09-28,train
KIM_2015-09-09,train
NVR_2015-05-12,train
OPCH_2016-01-13,train
PH_2016-01-20,train
POOL_2015-04-30,train
PPG_2015-09-28,train
STAG_2016-02-11,train
TPL_2015-08-26,train
UMBF_2016-01-19,train
VMC_2015-04-22,train
VMI_2015-10-01,train
WAB_2016-02-09,train
CAR_2016-02-24,train
CVLT_2016-01-25,train
DHI_2016-02-11,train
FISV_2015-04-17,train
FLS_2016-01-19,train
IPGP_2015-09-28,train
JKHY_2015-05-26,train
KMPR_2016-02-11,train
PRU_2016-02-11,train
TNL_2016-02-08,train
XYL_2015-08-25,train
FDX_2016-01-20,train
HLT_2016-01-28,train
LRCX_2015-09-28,train
PKG_2016-02-19,train
CACI_2015-10-01,train
JBHT_2016-01-15,train
MIDD_2016-02-11,train
PBF_2015-06-04,train
PSKY_2015-09-28,train
RYN_2016-01-20,train
SNX_2015-04-02,train
SWX_2015-12-14,train
WM_2015-06-29,train
GLW_2015-08-25,train
OGS_2015-05-05,train
APTV_2016-02-08,train
BCO_2015-09-24,train
CPAY_2016-02-11,train
KRC_2016-02-11,train
MSA_2016-01-21,train
NWE_2015-06-30,train
T_2015-03-31,train
VTR_2016-02-12,train
ASML_2016-01-15,train
INTU_2015-08-25,train
ITW_2015-08-25,train
OMC_2015-09-01,train
RBC_2016-01-25,train
KBH_2016-02-11,train
NCLH_2016-02-08,train
WMB_2016-02-08,train
ADBE_2015-04-17,train
AEP_2015-06-25,train
COO_2016-01-19,train
FTNT_2016-02-11,train
HUBB_2015-09-28,train
LII_2015-04-21,train
TTEK_2016-01-21,train
TXRH_2015-05-01,train
UGI_2015-12-14,train
BAX_2015-10-06,train
CUZ_2016-02-11,train
VZ_2015-10-02,train
ISRG_2015-10-14,train
CRL_2015-09-28,train
FBIN_2015-05-06,train
GLPI_2016-01-21,train
MSCI_2015-08-25,train
OC_2015-05-06,train
OLN_2016-02-10,train
RPM_2016-02-11,train
SEIC_2016-02-11,train
DOC_2016-02-11,train
ULTA_2015-05-14,train
RRX_2016-02-11,train
POST_2015-05-21,train
WELL_2016-02-11,train
AOS_2015-08-25,train
APH_2016-01-19,train
AVNT_2016-02-08,train
FHI_2016-02-11,train
JAZZ_2016-02-11,train
LECO_2016-01-21,train
THC_2016-01-13,train
THO_2016-02-11,train
CBRE_2016-02-09,train
CSL_2016-01-20,train
CXT_2016-01-20,train
ATR_2015-07-27,train
INFY_2015-05-06,train
TT_2016-02-02,train
BC_2016-01-15,train
ENS_2016-02-10,train
EW_2015-05-05,train
HAS_2015-12-21,train
HD_2015-04-30,train
ILMN_2016-02-08,train
IP_2016-01-25,train
LOPE_2016-02-17,train
MLI_2016-01-15,train
MTDR_2016-01-19,train
MTD_2015-09-28,train
WAL_2016-02-11,train
C_2016-02-11,train
DOV_2016-01-20,train
EOG_2016-01-20,train
FITB_2016-02-11,train
ITT_2016-01-25,train
NTRS_2016-02-11,train
OHI_2016-02-10,train
PNR_2016-01-20,train
SLB_2016-01-20,train
BAC_2016-02-11,train
BEN_2016-02-11,train
CPRT_2015-09-30,train
EWBC_2016-02-11,train
IDXX_2015-07-08,train
MET_2016-02-11,train
RF_2016-02-11,train
CELH_2015-12-04,train
JCI_2016-01-13,train
PTC_2016-02-08,train
RJF_2016-02-11,train
ADM_2016-01-19,train
AMP_2016-02-11,train
ASH_2016-02-11,train
EPAM_2016-02-12,train
ORA_2016-01-25,train
RRC_2016-01-19,train
UNP_2016-01-25,train
OVV_2016-02-23,train
PLD_2016-02-11,train
STLD_2016-01-21,train
VALE_2016-01-25,train
AXP_2016-02-11,train
BBVA_2016-02-11,train
CNH_2016-01-25,train
COF_2016-01-25,train
MAT_2015-10-01,train
MOH_2016-02-08,train
PCAR_2016-01-13,train
SPGI_2016-02-03,train
UHS_2016-02-11,train
BSX_2015-08-25,train
EHC_2016-02-16,train
ENTG_2016-01-21,train
FCX_2016-01-13,train
FTI_2016-02-11,train
GWW_2016-01-20,train
HAL_2016-01-20,train
IVZ_2016-02-11,train
OXY_2016-01-20,train
TSM_2015-08-24,train
XOM_2015-08-25,train
BG_2016-02-11,train
CMC_2016-01-19,train
CSGP_2016-02-08,train
EFX_2015-08-25,train
E_2016-02-11,train
FCN_2016-01-13,train
OSK_2016-02-11,train
SLAB_2016-02-11,train
CHTR_2016-02-11,train
CRUS_2016-01-13,train
DVN_2016-02-19,train
AJG_2016-01-28,train
EQNR_2016-01-20,train
PEGA_2016-02-09,train
ABBV_2015-10-22,train
NOC_2015-05-05,train
ALV_2015-08-24,train
AMCR_2016-01-12,train
TCBI_2016-02-11,train
FR_2015-09-01,train
J_2016-02-11,train
KDP_2015-06-15,train
ATI_2016-01-19,train
RVTY_2016-02-08,train
ALB_2015-09-11,train
AMH_2016-02-11,train
FRT_2015-08-25,train
CLX_2015-06-30,train
CTRA_2015-12-15,train
CW_2015-09-29,train
FIS_2016-02-08,train
IRT_2016-02-11,train
MNST_2016-02-10,train
NLY_2015-06-30,train
TDG_2016-02-09,train
OGE_2016-01-21,train
FLEX_2016-01-20,train
NEE_2015-09-04,train
RBA_2016-01-25,train
KTOS_2016-01-26,train
STRL_2015-05-20,train
BDX_2015-09-28,train
TKO_2015-05-22,train
WEX_2016-02-11,train
ZBH_2016-02-11,train
A_2015-09-28,train
NI_2015-09-04,train
PRI_2016-02-12,train
SCHW_2016-02-11,train
SF_2016-02-24,train
CDNS_2016-01-13,train
TECH_2016-01-28,train
ACN_2015-08-25,train
BR_2015-06-30,train
DGX_2015-09-28,train
MCHP_2015-08-25,train
QCOM_2016-02-10,train
CRH_2016-02-08,train
INCY_2016-03-17,train
PCTY_2016-02-09,train
PFG_2016-02-11,train
IBM_2016-02-11,train
NVDA_2015-07-27,train
SAP_2015-09-28,train
SW_2016-02-08,train
CBSH_2016-01-25,train
CLH_2016-01-13,train
ESNT_2016-01-25,train
EXPO_2015-08-25,train
FICO_2015-08-24,train
LAMR_2016-02-09,train
MKSI_2015-08-25,train
MRSH_2015-09-28,train
MTSI_2015-08-24,train
NOVT_2016-02-05,train
SSD_2016-01-25,train
MU_2016-05-13,train
WDC_2016-05-13,train
WST_2015-10-06,train
AON_2016-01-21,train
EGP_2016-02-09,train
MTCH_2016-02-09,train
PAYX_2015-08-25,train
ASGN_2016-02-11,train
CB_2015-08-25,train
DCI_2016-01-20,train
PCG_2015-09-04,train
SCI_2016-02-11,train
TMO_2015-09-28,train
CIEN_2016-05-13,train
POR_2015-06-15,train
ROK_2016-01-20,train
SLM_2016-01-19,train
BK_2016-02-11,train
BMY_2015-09-04,train
HII_2015-09-28,train
JNJ_2015-08-25,train
MDT_2015-09-28,train
TDY_2016-01-20,train
FFIV_2016-02-11,train
IFF_2015-09-28,train
KBR_2016-02-11,train
SNPS_2016-01-13,train
WTS_2016-01-08,train
ZION_2016-02-11,train
BUD_2015-09-29,train
FFIN_2016-02-02,train
LDOS_2015-07-27,train
LH_2016-02-08,train
WPC_2016-02-11,train
AIT_2016-01-19,train
AMT_2016-02-11,train
DTE_2015-06-15,train
EQIX_2015-06-29,train
HON_2015-09-28,train
MPWR_2015-08-25,train
RSG_2015-06-29,train
HOMB_2016-01-25,train
GEN_2016-02-09,train
TMHC_2016-02-08,train
ARE_2016-02-11,train
CNC_2015-09-28,train
KNX_2016-01-13,train
RLI_2015-06-30,train
AFL_2015-08-25,train
MTZ_2016-02-11,train
PAYC_2016-02-09,train
WMT_2015-11-13,train
GPC_2016-01-13,train
HWC_2016-01-21,train
MCO_2016-02-11,train
RMD_2015-09-28,train
WWD_2015-09-28,train
YUM_2016-02-11,train
CASY_2015-06-29,train
CCI_2015-09-22,train
DUK_2015-11-17,train
SO_2015-06-30,train
CFR_2016-01-25,train
PB_2016-01-25,train
CPT_2015-09-09,train
BP_2016-02-11,train
BRO_2016-01-25,train
CHD_2016-01-14,train
GIS_2015-08-24,train
HSY_2015-11-17,train
SRE_2016-01-07,train
UNH_2015-08-25,train
WSO_2016-01-21,train
MMM_2015-09-24,train
ADP_2015-08-25,train
BWXT_2015-07-27,train
DHR_2015-09-28,train
BRX_2016-02-08,train
PHM_2016-02-11,train
SBAC_2016-02-11,train
ALLE_2016-02-08,train
FAF_2016-01-13,train
LEN_2016-02-11,train
LOW_2016-02-11,train
LSTR_2016-01-13,train
ARES_2016-01-15,train
SPG_2015-09-09,train
AAL_2016-06-27,train
MCK_2016-02-11,train
NEU_2016-02-09,train
STWD_2016-02-11,train
SWK_2016-02-11,train
CSX_2016-01-25,train
KRG_2015-09-09,train
TMUS_2016-02-09,train
WAT_2016-02-08,train
PFE_2016-02-08,train
MS_2016-02-11,train
WTFC_2016-02-11,train
APD_2016-01-25,train
BXP_2015-08-25,train
CTAS_2015-08-25,train
IEX_2015-09-01,train
IQV_2016-02-08,train
EBAY_2016-02-09,train
LYV_2016-02-09,train
FNF_2016-02-08,train
GNTX_2016-02-08,train
MMS_2016-02-10,train
PG_2015-09-14,train
VNO_2016-02-11,train
VRSK_2016-02-08,train
CROX_2016-05-09,train
SMG_2015-07-27,train
ADI_2016-02-11,train
ELS_2015-09-09,train
ST_2016-02-11,train
AMGN_2015-09-28,train
EXPE_2016-02-08,train
SGI_2016-02-08,train
SYK_2016-01-11,train
GOOG_2015-08-25,train
KKR_2016-02-11,train
LMT_2015-08-24,train
STT_2016-06-27,train
BIIB_2016-06-27,train
GOOGL_2015-08-25,train
REGN_2016-06-27,train
HAE_2016-05-13,train
ZTS_2016-02-10,train
BALL_2015-09-29,train
JEF_2016-02-29,train
BKNG_2016-02-08,train
BLK_2016-01-25,train
FHN_2016-02-11,train
META_2015-08-24,train
MKC_2015-08-25,train
MRK_2015-09-28,train
PODD_2016-02-11,train
VRTX_2016-03-30,train
NTAP_2016-01-25,train
RGA_2016-01-21,train
UTHR_2016-06-27,train
LHX_2015-09-28,train
ZBRA_2016-07-06,train
GPK_2016-01-28,train
AIZ_2016-02-10,train
ARMK_2015-09-29,train
M_2016-05-18,train
RTX_2016-02-11,train
ANET_2016-02-09,train
INGR_2015-09-10,train
NWSA_2016-02-11,train
NWS_2016-02-11,train
TJX_2015-11-13,train
BKR_2016-01-20,train
ONB_2016-02-11,train
ALLY_2016-06-27,train
CSCO_2016-02-10,train
SAM_2016-05-18,train
CME_2016-01-21,train
TXT_2016-02-11,train
BBWI_2016-05-19,train
GBCI_2016-01-25,train
GL_2016-02-11,train
RH_2016-06-27,train
COTY_2016-01-15,train
ING_2016-07-07,train
TOL_2016-02-11,train
WLK_2016-06-27,train
VNOM_2016-01-07,train
ERIE_2015-09-04,train
ASB_2016-01-25,train
BLKB_2016-02-09,train
WBS_2016-01-25,train
HSBC_2016-04-07,train
JLL_2016-07-07,train
LIN_2016-01-25,train
SWKS_2016-02-11,train
CDW_2016-02-11,train
JD_2016-06-17,train
SONY_2016-02-11,train
NOW_2016-02-08,train
TTC_2016-01-21,train
AVGO_2015-10-13,train
BIO_2016-01-28,train
EA_2016-02-05,train
EVR_2016-06-27,train
TSLA_2016-02-10,train
WMS_2016-02-11,train
PANW_2016-02-08,train
JPM_2016-02-11,train
KEY_2016-02-11,train
LEA_2016-02-08,train
MPC_2016-02-08,train
TFC_2016-02-11,train
COP_2016-02-11,train
GPN_2016-02-09,train
HQY_2016-02-05,train
WYNN_2016-01-14,train
TRGP_2016-01-19,train
VOYA_2016-06-28,train
APA_2016-01-19,train
AAPL_2016-05-12,train
TAP_2016-02-11,train
GEF_2016-02-19,train
LVS_2016-01-13,train
CVX_2016-01-20,train
HCA_2016-01-20,train
JBL_2016-05-13,train
NXPI_2016-02-08,train
BA_2016-02-11,train
HBAN_2016-02-11,train
TER_2016-02-11,train
DD_2016-01-20,train
MA_2016-02-08,train
MGM_2016-02-09,train
MZTI_2016-02-05,train
TRMB_2016-01-25,train
CBT_2016-01-13,train
TEX_2016-01-19,train
CYTK_2016-03-16,train
DAL_2016-06-27,train
GS_2016-02-11,train
MUR_2016-01-20,train
URI_2016-02-11,train
GWRE_2016-02-11,train
IBOC_2016-01-25,train
ROL_2016-01-11,train
BAH_2016-02-09,train
COLB_2016-06-27,train
DRI_2015-11-17,train
GD_2016-01-20,train
LFUS_2016-01-20,train
MTB_2016-02-11,train
PNC_2016-02-11,train
SYF_2016-06-27,train
UPS_2016-01-20,train
VLO_2016-07-07,train
AIG_2016-06-27,train
SSB_2016-02-11,train
STLA_2016-07-05,train
TEL_2016-02-09,train
UBSI_2016-01-25,train
VLY_2016-01-25,train
FNB_2016-01-25,train
GM_2016-02-11,train
PNFP_2016-02-09,train
RL_2016-02-11,train
USB_2016-02-11,train
DE_2016-01-25,train
MAR_2016-01-19,train
OZK_2016-06-27,train
HUM_2016-07-19,train
IT_2016-02-11,train
DINO_2016-07-07,train
NSC_2016-02-02,train
CMCSA_2016-01-13,train
HXL_2016-02-11,train
L_2016-01-25,train
REXR_2015-12-03,train
WRB_2016-01-25,train
BABA_2016-02-11,train
CCL_2016-02-08,train
CFG_2016-02-11,train
LYB_2016-01-20,train
AFG_2016-02-11,train
AGCO_2015-12-18,train
CNX_2016-01-15,train
EME_2016-01-20,train
SAIC_2016-02-08,train
EXPD_2016-01-15,train
ACGL_2016-01-20,train
AVAV_2016-10-21,train
HIG_2016-01-25,train
LVMUY_2016-01-13,train
NEM_2016-01-19,train
BRK-B_2016-01-25,train
CHH_2016-01-19,train
WFC_2016-10-04,train
BX_2016-02-11,train
IBKR_2016-02-08,train
ICE_2016-03-09,train
RMBS_2016-01-19,train
CNO_2016-02-11,train
FLO_2016-09-09,train
NYT_2016-11-03,train
SNA_2016-02-08,train
COHR_2016-01-08,train
EG_2016-01-21,train
INTC_2016-02-11,train
MSFT_2016-06-27,train
AVT_2016-01-21,train
TTE_2016-01-20,train
ALL_2016-01-25,train
AA_2016-01-19,train
KEYS_2016-02-09,train
LPX_2016-02-11,train
MASI_2016-02-08,train
NRG_2016-01-25,train
OKE_2016-01-20,train
CHE_2016-05-12,train
DLR_2016-01-21,train
EXEL_2016-02-29,train
BLDR_2016-02-11,train
BYD_2016-02-11,train
DY_2016-02-11,train
FIX_2016-02-08,train
DXCM_2016-02-09,train
GMED_2016-11-14,train
RCL_2016-09-19,train
TTWO_2016-01-19,train
NBIX_2016-02-09,train
ELV_2016-02-08,train
AXTA_2016-02-08,train
CLF_2016-01-27,train
AN_2016-11-08,train
CBOE_2016-02-08,train
NFLX_2016-02-05,train
ADC_2016-02-10,train
BKH_2016-02-02,train
BURL_2016-02-08,train
EVRG_2016-03-02,train
FANG_2016-02-09,train
KMI_2016-02-11,train
MTN_2016-02-09,train
SMCI_2016-07-19,train
LSCC_2016-02-11,train
RNR_2016-02-04,train
CHRD_2016-02-11,train
FDS_2016-02-11,train
HL_2016-02-09,train
COR_2016-11-08,train
RGLD_2016-02-09,train
SAIA_2016-06-27,train
TTMI_2016-02-10,train
AMZN_2016-02-10,train
EEFT_2016-02-10,train
HMC_2016-07-06,train
TYL_2016-02-23,train
BDC_2016-02-18,train
QLYS_2016-02-19,train
TKR_2016-06-27,train
XPO_2016-06-27,train
KLAC_2016-02-23,train
UFPI_2016-02-23,train
AMAT_2016-02-24,train
ERIC_2016-11-01,train
OLED_2016-02-26,train
NDSN_2016-02-25,train
EXP_2016-02-29,train
TREX_2016-06-27,train
COKE_2016-06-09,train
DPZ_2016-05-03,train
EPR_2016-03-04,train
LUV_2016-08-02,train
SATS_2016-08-12,train
SBRA_2016-03-24,train
AAON_2016-03-10,train
CGNX_2016-05-02,train
SPXC_2016-03-01,train
AMD_2016-03-09,train
AXON_2016-05-04,train
CF_2016-08-04,train
CI_2016-11-01,train
PGR_2016-09-14,train
ROP_2016-07-25,train
VTRS_2016-11-03,train
AEIS_2016-03-08,train
FAST_2016-10-18,train
GRMN_2016-03-09,train
MSM_2016-06-28,train
ODFL_2016-06-27,train
RGEN_2016-06-17,train
VC_2016-07-06,train
ALGN_2016-03-17,train
AMKR_2016-03-08,train
GATX_2016-09-16,train
HALO_2016-06-27,train
ITUB_2016-03-16,train
STX_2016-05-11,train
ALK_2016-06-27,train
APO_2016-06-27,train
GTLS_2016-03-15,train
KEX_2016-09-01,train
LAD_2016-06-27,train
MOS_2016-10-17,train
NXST_2016-03-24,train
PAG_2016-07-05,train
WCC_2016-03-09,train
GAP_2016-05-18,train
GT_2016-06-27,train
BBY_2016-06-14,train
GGG_2016-10-11,train
MLM_2016-03-09,train
NOV_2016-04-11,train
R_2016-06-27,train
UNM_2016-06-27,train
MO_2016-04-21,train
MSI_2016-06-27,train
ADSK_2016-06-27,train
NOK_2016-11-16,train
AKAM_2016-08-04,train
ACM_2016-11-04,train
CHDN_2016-06-17,train
HOG_2016-06-27,train
HPQ_2016-03-15,train
NUE_2016-03-15,train
ON_2016-06-27,train
PWR_2016-06-27,train
SAN_2016-06-27,train
TXN_2016-03-15,train
ARWR_2016-12-16,train
DLB_2016-03-21,train
FN_2016-03-16,train
GHC_2016-11-04,train
HRB_2016-05-11,train
HST_2016-05-20,train
LLY_2016-12-01,train
PM_2016-11-14,train
ROST_2016-05-23,train
SHW_2016-11-01,train
SIGI_2016-04-21,train
UAL_2016-06-27,train
WY_2016-06-27,train
CRS_2016-05-18,train
PII_2016-09-16,train
UL_2016-11-18,train
BWA_2016-06-27,train
MTG_2016-06-27,train
CAT_2016-05-19,train
CDP_2016-03-21,train
CMI_2016-04-07,train
CNP_2016-04-05,train
ETN_2016-06-27,train
NVR_2016-11-02,train
OPCH_2016-12-22,train
PH_2016-06-27,train
POOL_2016-03-22,train
STAG_2016-03-21,train
TPL_2016-04-01,train
UMBF_2016-04-11,train
VMI_2016-04-07,train
CAR_2016-04-12,train
IPGP_2016-06-27,train
KMPR_2016-03-24,train
PRU_2016-06-27,train
TNL_2016-10-26,train
FDX_2016-06-27,train
HLT_2016-05-26,train
LRCX_2016-05-17,train
PKG_2016-03-23,train
CACI_2016-06-27,train
MIDD_2016-03-24,train
PSKY_2016-09-20,train
SNX_2016-05-05,train
SWX_2016-04-21,train
WM_2016-04-21,train
DECK_2017-02-07,train
GLW_2016-05-05,train
APTV_2016-06-27,train
BCO_2016-06-27,train
MSA_2016-04-07,train
SFM_2017-03-07,train
ASML_2016-05-13,train
DKS_2016-05-18,train
ITW_2016-06-27,train
RBC_2016-11-02,train
KBH_2016-05-13,train
NCLH_2016-09-08,train
WMB_2016-04-05,train
ADBE_2016-06-27,train
COO_2016-04-29,train
FTNT_2016-12-22,train
HOLX_2016-06-27,train
TTEK_2016-05-23,train
NJR_2016-10-05,train
CRL_2016-11-03,train
MSCI_2016-06-27,train
OC_2016-04-29,train
OLN_2016-04-11,train
PPC_2016-12-01,train
ULTA_2016-05-11,train
RRX_2016-06-27,train
AOS_2016-05-05,train
JAZZ_2016-11-03,train
LECO_2016-06-27,train
THO_2016-06-27,train
CBRE_2016-07-05,train
CMG_2016-11-01,train
CXT_2016-05-05,train
FIVE_2016-11-03,train
TT_2016-06-27,train
BC_2016-06-27,train
ENS_2016-05-04,train
ILMN_2016-12-07,train
IP_2016-06-27,train
ISRG_2016-05-04,train
LOPE_2016-06-28,train
MTD_2016-06-27,train
WAL_2016-06-27,train
C_2016-06-27,train
FITB_2016-06-27,train
ITT_2016-06-27,train
NTRS_2016-06-27,train
BAC_2016-06-27,train
BEN_2016-06-27,train
CPRT_2016-04-25,train
EWBC_2016-06-27,train
IDXX_2016-04-28,train
LII_2016-05-19,train
MET_2016-06-27,train
RF_2016-06-27,train
APH_2016-05-13,train
CELH_2016-11-07,train
DOV_2016-05-09,train
HAS_2016-10-14,train
PTC_2016-06-27,train
RJF_2016-06-27,train
WDAY_2016-12-30,train
AME_2016-06-27,train
AMP_2016-06-27,train
DAR_2017-01-30,train
MCD_2016-10-20,train
ORA_2016-06-27,train
UNP_2016-05-24,train
BAX_2016-06-27,train
EW_2016-12-01,train
HD_2016-11-01,train
OVV_2016-05-09,train
SLGN_2016-08-26,train
STLD_2016-05-18,train
VALE_2016-05-24,train
WAB_2016-07-25,train
AVNT_2016-10-28,train
AXP_2016-06-27,train
BBVA_2016-06-27,train
CNH_2016-07-07,train
COF_2016-06-27,train
PCAR_2016-06-27,train
SPGI_2016-06-27,train
BSX_2016-12-01,train
ENTG_2016-05-17,train
FCX_2016-10-17,train
IVZ_2016-06-27,train
TSM_2016-05-13,train
BG_2016-06-27,train
BMRN_2016-06-27,train
CMC_2016-09-14,train
CSGP_2016-12-01,train
OSK_2016-06-27,train
SLAB_2016-06-27,train
CHTR_2016-05-17,train
CRUS_2016-05-13,train
DVN_2016-05-09,train
MOH_2017-03-23,train
TXRH_2016-10-10,train
CG_2016-10-17,train
CVLT_2016-06-27,train
NVO_2016-11-23,train
PEGA_2016-05-19,train
COST_2016-05-18,train
EPAM_2016-11-07,train
FSLR_2017-04-03,train
SNY_2016-10-26,train
BRKR_2016-10-25,train
CTSH_2016-09-30,train
FTI_2016-08-01,train
RHHBY_2016-12-08,train
TCBI_2016-06-27,train
ARW_2016-11-03,train
TPR_2016-12-22,train
ATI_2016-05-20,train
ALB_2016-05-11,train
ANF_2017-04-05,train
AMH_2016-05-18,train
AZN_2016-12-01,train
CRM_2016-12-02,train
FLEX_2016-07-05,train
IRT_2016-06-17,train
E_2016-11-18,train
FCFS_2017-01-30,train
KTOS_2016-06-27,train
STRL_2016-05-23,train
A_2016-06-27,train
NSRGY_2016-12-01,train
PRI_2016-08-02,train
SCHW_2016-06-27,train
SF_2016-07-05,train
AJG_2016-06-27,train
CDNS_2016-06-27,train
JKHY_2016-10-27,train
INTU_2016-06-27,train
V_2016-06-27,train
DGX_2016-06-17,train
MCHP_2016-06-27,train
CRH_2016-06-27,train
INCY_2016-06-27,train
PCTY_2017-02-02,train
PFG_2016-06-27,train
NVDA_2016-06-27,train
SAP_2016-06-27,train
SW_2016-11-14,train
CLH_2016-11-02,train
ESNT_2016-06-27,train
MKSI_2016-06-27,train
MTSI_2016-06-27,train
NOVT_2016-06-27,train
WTW_2016-06-27,train
LRLCY_2016-11-17,train
MU_2016-07-06,train
WDC_2016-06-27,train
WST_2016-10-26,train
AON_2016-06-27,train
EGP_2016-06-06,train
ESS_2016-10-25,train
FICO_2016-06-27,train
MAS_2016-06-27,train
MTCH_2016-06-03,train
RVTY_2016-11-18,train
WHR_2016-10-27,train
ASGN_2016-10-28,train
DCI_2016-06-27,train
SCI_2016-11-04,train
WEX_2016-06-27,train
CIEN_2016-06-27,train
ROK_2016-06-27,train
SLM_2016-06-27,train
BK_2016-06-27,train
GDDY_2016-08-03,train
HII_2016-11-04,train
TDY_2016-06-27,train
SNPS_2016-06-27,train
SYNA_2017-03-21,train
TDG_2017-03-24,train
ZION_2016-07-05,train
ABT_2016-06-27,train
FFIN_2016-06-27,train
LDOS_2016-06-27,train
AIT_2016-06-28,train
EQIX_2016-11-11,train
HR_2016-11-10,train
MPWR_2016-06-27,train
NLY_2016-12-15,train
RSG_2016-06-17,train
AMT_2016-12-06,train
HOMB_2016-06-27,train
KRC_2016-06-14,train
MAA_2016-10-11,train
THC_2016-12-14,train
GLPI_2016-11-11,train
STE_2016-06-27,train
TXNM_2016-10-07,train
ABBV_2016-10-31,train
EL_2016-12-02,train
GEN_2016-06-27,train
HON_2016-10-11,train
LAMR_2016-11-11,train
ZBH_2016-11-14,train
AVY_2016-10-28,train
TMHC_2016-06-27,train
CNC_2016-11-11,train
KNX_2016-06-27,train
EHC_2016-06-27,train
NVS_2016-12-08,train
ORCL_2016-10-21,train
WELL_2016-11-10,train
MTZ_2016-06-27,train
PAYC_2016-06-27,train
PVH_2016-06-27,train
HWC_2016-06-27,train
MCO_2016-06-27,train
PLD_2016-11-11,train
RMD_2016-11-03,train
YUM_2016-06-27,train
EXLS_2016-11-09,train
NSA_2016-11-02,train
CFR_2016-07-05,train
PB_2016-07-06,train
STZ_2016-12-01,train
UNH_2016-09-09,train
MMM_2016-11-01,train
BWXT_2016-07-07,train
DHI_2016-11-11,train
AMG_2016-11-02,train
PHM_2016-11-03,train
SBAC_2016-12-01,train
ALLE_2016-10-27,train
LEN_2016-10-27,train
LSTR_2016-09-20,train
ARES_2016-07-14,train
VRSN_2016-08-18,train
AAL_2016-08-02,train
MCK_2016-10-28,train
SWK_2016-11-02,train
CSX_2016-08-02,train
FAF_2016-12-01,train
TMUS_2016-07-18,train
WAT_2016-12-01,train
CUZ_2016-10-06,train
EXPO_2016-10-14,train
MS_2016-08-02,train
TROW_2016-11-02,train
WTFC_2016-11-04,train
ENSG_2017-02-10,train
FISV_2016-10-27,train
TMO_2016-12-01,train
CTAS_2016-11-02,train
IEX_2016-11-02,train
NEE_2016-11-11,train
WIT_2017-02-01,train
EBAY_2016-12-01,train
EFX_2016-12-01,train
LYV_2016-09-13,train
SEIC_2016-11-04,train
TKO_2016-11-08,train
FNF_2016-12-02,train
MMS_2016-11-09,train
MNST_2016-11-14,train
MRSH_2016-10-25,train
OGS_2016-10-11,train
THG_2016-09-20,train
CROX_2017-05-05,train
LH_2016-11-03,train
MUSA_2016-11-10,train
SMG_2016-08-02,train
ADI_2016-09-09,train
ADP_2016-10-11,train
ELS_2016-11-17,train
EQT_2017-06-21,train
AMGN_2016-11-03,train
BIDU_2016-07-29,train
DEO_2016-12-01,train
EXC_2016-11-11,train
VFC_2017-02-07,train
EXPE_2016-09-19,train
SGI_2017-04-17,train
SYK_2016-11-14,train
KKR_2016-10-17,train
STT_2016-08-02,train
XYL_2016-08-03,train
ATO_2016-10-11,train
LMT_2016-10-21,train
REGN_2016-11-03,train
G_2016-09-16,train
NOC_2016-09-13,train
ZTS_2016-11-01,train
JEF_2016-11-04,train
KBR_2016-11-08,train
LULU_2017-05-30,train
BKNG_2016-08-15,train
CPRI_2017-06-02,train
META_2016-12-30,train
PODD_2016-11-03,train
VRTX_2016-12-22,train
NTAP_2016-08-10,train
RGA_2016-08-12,train
LHX_2016-10-27,train
ZBRA_2016-11-04,train
AIZ_2016-11-02,train
ANET_2016-08-17,train
CCI_2016-12-01,train
HAE_2016-10-27,train
SR_2016-10-11,train
XEL_2016-11-14,train
ALLY_2016-11-08,train
CME_2016-11-01,train
WING_2017-03-07,train
AEE_2016-10-11,train
IQV_2016-11-01,train
RH_2017-02-07,train
BLD_2016-11-02,train
ING_2016-09-29,train
TOL_2016-11-02,train
WLK_2016-09-13,train
AEP_2016-12-01,train
IRM_2016-11-10,train
JBHT_2016-10-20,train
BLKB_2016-11-02,train
BMY_2017-01-26,train
BR_2016-11-14,train
GILD_2017-06-08,train
LNTH_2016-09-09,train
TRU_2016-12-01,train
TXT_2016-10-14,train
APPF_2016-09-09,train
BIIB_2017-05-30,train
CTRA_2016-11-04,train
EQNR_2016-09-20,train
HSBC_2016-09-26,train
PBF_2016-10-14,train
VNOM_2016-11-04,train
JLL_2016-11-03,train
SWKS_2016-09-09,train
CDW_2016-09-09,train
JD_2016-11-14,train
SONY_2016-12-30,train
WPC_2016-12-01,train
BRO_2016-11-02,train
PYPL_2016-12-01,train
ST_2016-11-09,train
WBS_2016-10-17,train
SHEL_2016-09-20,train
ALV_2016-11-09,train
NOW_2016-12-30,train
EMR_2016-11-04,train
GNRC_2016-09-20,train
BLK_2016-11-02,train
TTC_2016-09-23,train
WWD_2016-11-03,train
GBCI_2016-11-03,train
ONB_2016-09-26,train
OLLI_2016-11-03,train
AVGO_2016-12-01,train
BIO_2016-11-01,train
EA_2016-12-01,train
EVR_2016-09-26,train
MTDR_2017-06-27,train
TSLA_2016-11-14,train
FHN_2016-10-17,train
FBIN_2016-10-25,train
LITE_2016-10-31,train
DLTR_2017-07-10,train
GOOG_2016-11-14,train
ASB_2016-10-13,train
MLI_2016-11-02,train
PNR_2016-11-02,train
PANW_2017-04-05,train
GOOGL_2016-11-14,train
CW_2017-05-18,train
JPM_2016-10-17,train
KEY_2016-10-13,train
LEA_2016-10-18,train
MPC_2016-11-02,train
TFC_2016-10-17,train
GPN_2016-12-01,train
HQY_2016-11-04,train
WYNN_2016-11-14,train
IFF_2017-01-12,train
VOYA_2016-11-04,train
WMT_2017-01-27,train
SAM_2017-06-27,train
VWAGY_2016-11-18,train
GL_2016-10-26,train
PLNT_2016-10-21,train
AAPL_2016-11-14,train
FHI_2016-11-02,train
FIS_2016-10-31,train
ARMK_2016-11-15,train
GWW_2017-08-28,train
ETR_2016-11-11,train
BDX_2016-11-14,train
HLI_2016-11-03,train
JNJ_2016-12-08,train
TRV_2016-11-04,train
JBL_2016-11-04,train
PPG_2016-10-25,train
ASH_2016-11-11,train
BA_2016-11-04,train
HBAN_2016-11-04,train
LIN_2016-11-04,train
MORN_2016-11-07,train
FCN_2017-08-18,train
PEG_2016-11-11,train
TER_2016-11-04,train
BF-B_2017-01-13,train
DD_2016-11-04,train
MA_2016-12-01,train
SSD_2017-05-31,train
TECH_2017-01-23,train
TSN_2016-12-01,train
BP_2016-11-04,train
GPK_2016-11-03,train
BBWI_2017-08-30,train
CPAY_2017-05-03,train
H_2016-11-04,train
LVS_2017-02-02,train
TRMB_2016-11-03,train
NI_2016-11-11,train
CBT_2016-11-07,train
EXR_2016-11-21,train
FLR_2017-08-21,train
TEX_2016-11-07,train
ED_2016-12-06,train
ES_2016-12-01,train
SRE_2016-11-14,train
ACN_2017-02-01,train
IDA_2016-11-16,train
MGM_2017-03-09,train
QCOM_2017-09-08,train
URI_2016-11-09,train
WTRG_2016-11-10,train
GWRE_2016-12-30,train
MUR_2017-08-29,train
ROL_2016-11-14,train
LFUS_2016-11-21,train
NWSA_2016-12-30,train
NWS_2016-12-30,train
VLO_2016-12-01,train
FR_2016-11-15,train
MAT_2017-11-02,train
STLA_2016-11-14,train
TEL_2016-11-18,train
AWK_2017-01-11,train
CMS_2016-12-01,train
DTE_2016-11-18,train
GM_2016-11-18,train
LNT_2016-12-01,train
RL_2017-05-26,train
WEC_2016-11-16,train
DE_2016-11-16,train
MAR_2016-11-18,train
TSCO_2017-07-12,train
COLM_2017-02-03,train
J_2017-08-21,train
DINO_2017-05-31,train
PEN_2016-12-02,train
REXR_2017-03-14,train
AFL_2017-02-01,train
CSCO_2016-12-02,train
IT_2017-01-05,train
AZO_2017-07-12,train
BABA_2016-12-23,train
ORLY_2017-07-07,train
SYF_2017-05-17,train
WMS_2017-10-19,train
XRAY_2017-08-21,train
CHRW_2017-08-01,train
COLB_2017-09-07,train
DG_2017-04-04,train
M_2017-11-07,train
NSC_2016-12-02,train
CCL_2016-12-01,train
HUM_2017-02-07,train
KR_2017-09-25,train
PSX_2017-04-19,train
LYB_2017-06-05,train
AFG_2016-12-05,train
CFG_2017-09-07,train
CNX_2017-06-21,train
EME_2017-04-13,train
PNC_2016-12-06,train
PFGC_2017-02-01,train
AVAV_2017-01-23,train
LVMUY_2016-12-15,train
CHH_2017-01-17,train
SAIC_2017-09-08,train
IBKR_2017-04-19,train
CNO_2017-01-12,train
COTY_2017-11-03,train
DVA_2017-10-09,train
NYT_2017-01-23,train
PSTG_2017-03-06,train
COHR_2017-05-03,train
INTC_2017-07-03,train
MSFT_2016-12-30,train
RMBS_2017-07-03,train
AGCO_2016-12-22,train
CUBE_2017-07-10,train
PAYX_2017-08-11,train
TGT_2017-07-10,train
WBD_2017-11-14,train
WTS_2017-04-13,train
ALL_2017-01-09,train
DRI_2017-01-03,train
BX_2016-12-30,train
COP_2017-08-21,train
LOW_2017-01-03,train
OXY_2017-05-04,train
DAL_2017-04-13,train
EOG_2017-08-29,train
LIVN_2016-12-30,train
UTHR_2017-09-22,train
AA_2016-12-30,train
LPX_2017-01-20,train
HAL_2017-08-22,train
MASI_2017-01-05,train
NRG_2017-01-05,train
CHE_2017-01-10,train
GNTX_2017-08-02,train
ICE_2017-01-17,train
TM_2017-06-20,train
RS_2017-08-17,train
WSO_2017-04-13,train
BRK-B_2017-01-23,train
CVX_2017-07-10,train
INFY_2017-02-01,train
OZK_2017-09-07,train
SNA_2017-08-23,train
TRGP_2017-06-21,train
UPS_2017-05-17,train
CAH_2017-11-20,train
EXEL_2017-01-17,train
EXPD_2017-01-31,train
GPC_2017-08-15,train
HXL_2017-05-17,train
RBA_2017-11-15,train
WSM_2017-08-22,train
BLDR_2017-01-31,train
BYD_2017-01-23,train
DY_2017-01-23,train
FIX_2017-08-10,train
GMED_2017-01-24,train
KEYS_2017-04-13,train
RCL_2017-01-19,train
MTB_2017-09-07,train
TTWO_2017-01-19,train
CYTK_2017-11-28,train
MANH_2017-08-23,train
NBIX_2017-01-23,train
NKE_2017-10-12,train
SYY_2017-06-27,train
WFC_2017-09-08,train
SLB_2017-11-16,train
ELV_2017-01-24,train
HPE_2017-07-06,train
OKE_2017-06-21,train
CLF_2017-06-02,train
NEM_2017-07-03,train
AN_2017-08-03,train
APD_2017-03-24,train
CBOE_2017-02-08,train
DXCM_2017-10-26,train
NFLX_2017-01-26,train
RTX_2017-02-01,train
SJM_2017-11-06,train
DHR_2017-08-10,train
HCA_2017-10-12,train
RLI_2017-09-07,train
VZ_2017-07-11,train
KDP_2017-11-06,train
ORI_2017-09-07,train
XYZ_2017-02-16,train
VRSK_2017-05-03,train
BURL_2017-08-15,train
FANG_2017-06-16,train
MTN_2017-02-02,train
RGLD_2017-03-09,train
SAIA_2017-04-13,train
AMZN_2017-02-10,train
HMC_2017-06-29,train
COR_2017-11-02,train
TYL_2017-02-28,train
FDS_2017-08-29,train
QLYS_2017-03-07,train
XPO_2017-04-13,train
UFPI_2017-08-17,train
AMAT_2017-02-28,train
OLED_2017-02-24,train
FFIV_2017-09-08,train
KLAC_2017-08-10,train
TREX_2017-05-26,train
DPZ_2017-11-08,train
CGNX_2017-03-21,train
SPXC_2017-04-13,train
AXON_2017-11-13,train
CF_2017-05-03,train
CI_2017-03-24,train
PGR_2017-04-19,train
ROP_2017-03-27,train
VTRS_2017-08-14,train
FAST_2017-08-21,train
MSM_2017-08-21,train
ODFL_2017-04-13,train
VC_2017-03-07,train
ALGN_2017-03-07,train
HALO_2017-08-17,train
ITUB_2017-05-18,train
STX_2017-09-11,train
UHS_2017-11-15,train
AMKR_2017-08-17,train
APO_2017-03-09,train
GTLS_2017-06-27,train
LAD_2017-04-05,train
MOS_2017-09-05,train
RYN_2017-05-04,train
GAP_2017-07-11,train
BBY_2017-03-14,train
GGG_2017-03-21,train
NDAQ_2017-05-17,train
GS_2017-05-31,train
MSI_2017-05-18,train
TTMI_2017-08-15,train
ADSK_2017-04-05,train
AKAM_2017-08-21,train
CHDN_2017-03-22,train
HPQ_2017-03-21,train
ON_2017-07-03,train
TXN_2017-07-03,train
ARWR_2017-05-31,train
DLB_2017-08-21,train
FN_2018-02-05,train
ROST_2017-08-15,train
SHW_2017-03-21,train
SIGI_2017-04-07,train
WCC_2017-08-28,train
CRS_2017-04-13,train
PII_2017-04-13,train
BWA_2017-04-06,train
NDSN_2017-08-29,train
CAT_2017-03-27,train
NVR_2017-03-22,train
OPCH_2017-04-18,train
POOL_2017-08-29,train
TPL_2017-03-22,train
CAR_2017-06-05,train
IPGP_2017-04-13,train
KMPR_2017-05-17,train
TNL_2017-03-27,train
HLT_2017-04-07,train
LRCX_2017-04-13,train
CACI_2017-04-13,train
FDX_2017-04-19,train
PKG_2017-03-27,train
MTG_2017-04-05,train
DECK_2017-04-07,train
FLO_2017-07-05,train
APTV_2017-04-13,train
BCO_2017-04-03,train
ASML_2017-04-19,train
DKS_2017-11-01,train
KEX_2017-08-21,train
RBC_2017-04-13,train
SFM_2017-10-27,train
KBH_2017-04-05,train
ADBE_2017-04-13,train
FTNT_2017-09-29,train
MSCI_2017-04-13,train
OC_2017-05-02,train
NOV_2017-08-16,train
MSA_2017-08-11,train
AOS_2017-04-18,train
BAH_2017-06-16,train
CHRD_2017-08-29,train
TTEK_2017-08-17,train
TTE_2017-07-07,train
BKR_2018-02-13,train
CBRE_2017-05-18,train
CMG_2018-02-13,train
CXT_2017-09-07,train
FIVE_2017-07-11,train
ERIC_2017-09-20,train
ILMN_2017-07-10,train
ISRG_2017-04-21,train
LOPE_2017-07-27,train
NOK_2017-12-12,train
WAL_2017-09-07,train
FITB_2017-06-06,train
ITT_2017-05-25,train
BAC_2017-06-06,train
CPRT_2017-05-17,train
IDXX_2017-11-10,train
RF_2017-09-07,train
CELH_2017-05-18,train
PTC_2017-05-18,train
WDAY_2017-04-26,train
UNP_2017-07-27,train
HD_2017-07-24,train
OVV_2017-06-21,train
STLD_2017-06-15,train
TJX_2017-07-24,train
ULTA_2017-10-12,train
VALE_2017-06-20,train
AXP_2017-05-17,train
SPGI_2017-05-01,train
ENTG_2017-06-30,train
EW_2017-11-02,train
FCX_2017-06-21,train
CSGP_2017-05-03,train
SLAB_2017-07-06,train
MOH_2017-08-16,train
TXRH_2017-09-07,train
CG_2017-05-18,train
CMC_2017-08-21,train
CVLT_2018-02-08,train
PEGA_2017-05-05,train
EPAM_2017-08-25,train
FSLR_2017-05-18,train
SMCI_2018-04-02,train
WAB_2017-09-06,train
COST_2017-07-21,train
DVN_2017-07-07,train
EWBC_2017-09-07,train
FTI_2017-10-20,train
RGEN_2018-02-08,train
TCBI_2017-09-07,train
RJF_2017-05-17,train
ATI_2017-05-18,train
ANF_2017-07-12,train
AMD_2018-04-02,train
AZN_2017-07-27,train
CRM_2017-06-16,train
GATX_2017-11-15,train
IBOC_2017-05-31,train
E_2017-07-10,train
FCFS_2017-05-30,train
STRL_2017-08-22,train
APA_2018-02-28,train
BC_2017-10-26,train
DOV_2017-06-21,train
ENS_2017-08-21,train
PRI_2017-06-05,train
SCHW_2017-09-07,train
SF_2017-05-31,train
INTU_2017-07-06,train
LII_2017-08-24,train
SBRA_2018-02-14,train
V_2017-07-06,train
MCHP_2017-07-03,train
PCTY_2018-02-13,train
NVDA_2017-07-03,train
SW_2017-06-08,train
CDNS_2017-07-03,train
HST_2017-08-21,train
JAZZ_2017-12-20,train
MKSI_2017-06-30,train
MTSI_2018-03-28,train
NOVT_2017-06-15,train
BAX_2017-06-12,train
JKHY_2017-08-18,train
MU_2017-08-10,train
FICO_2017-09-15,train
MTCH_2017-06-15,train
PAG_2017-08-17,train
ASGN_2017-08-28,train
WEX_2017-06-21,train
NXPI_2018-05-03,train
GDDY_2017-08-17,train
TDY_2017-06-27,train
BSX_2017-12-29,train
KTOS_2018-03-23,train
SYNA_2017-11-03,train
TDG_2017-06-12,train
ZION_2017-09-07,train
ABT_2017-06-13,train
AES_2018-02-08,train
FFIN_2017-09-07,train
AIT_2017-08-21,train
MPWR_2017-07-03,train
NXST_2017-09-14,train
RRC_2018-02-09,train
NUE_2017-09-12,train
LSCC_2017-09-26,train
THC_2017-08-17,train
UAL_2017-11-14,train
STE_2017-07-06,train
ABBV_2017-08-17,train
CIEN_2017-11-09,train
EL_2017-07-11,train
KIM_2018-04-25,train
BMRN_2018-04-06,train
BRX_2018-02-09,train
CNC_2017-07-31,train
EHC_2017-08-02,train
FE_2017-06-29,train
DAR_2017-08-18,train
MTZ_2017-08-16,train
PAYC_2017-07-03,train
PVH_2017-07-06,train
MCO_2017-06-29,train
PR_2017-07-07,train
RMD_2017-08-02,train
NSA_2017-08-18,train
CFR_2017-09-07,train
MKC_2017-07-19,train
NJR_2018-02-08,train
PSA_2018-02-08,train
UNH_2017-07-13,train
WELL_2018-04-26,train
AR_2018-02-08,train
BWXT_2017-07-10,train
GRMN_2017-08-01,train
CBSH_2017-09-07,train
LSTR_2017-08-17,train
CHD_2017-11-06,train
RPM_2018-04-02,train
VRSN_2017-07-14,train
CSX_2017-08-02,train
AVNT_2017-08-09,train
PHM_2017-07-20,train
EXPO_2017-08-18,train
TROW_2017-07-21,train
WTFC_2017-09-07,train
ENSG_2017-08-18,train
CTAS_2017-08-11,train
NTRS_2017-09-05,train
CSL_2017-08-21,train
EEFT_2018-04-06,train
EFX_2017-09-15,train
IEX_2017-08-18,train
LLY_2018-02-08,train
LYV_2018-04-03,train
TKO_2017-08-23,train
TMO_2017-08-10,train
LDOS_2017-08-02,train
THG_2017-09-07,train
WST_2018-04-06,train
CROX_2017-08-02,train
ADP_2017-08-21,train
VFC_2017-08-10,train
BDC_2018-05-14,train
CLH_2018-05-01,train
EXPE_2018-02-14,train
CRL_2017-08-10,train
EPR_2018-03-01,train
KKR_2017-08-17,train
MUSA_2018-04-30,train
RVTY_2017-08-10,train
AAON_2018-05-14,train
ADM_2017-11-06,train
ATR_2017-08-24,train
BRKR_2017-08-10,train
MZTI_2017-08-24,train
POST_2018-03-21,train
REGN_2018-05-09,train
XYL_2017-08-17,train
PFE_2017-08-18,train
WMB_2018-04-06,train
ADI_2017-08-10,train
PB_2017-09-07,train
SGI_2018-04-24,train
ZTS_2017-08-11,train
KBR_2017-08-21,train
LULU_2017-09-25,train
OHI_2018-02-08,train
AVT_2017-08-21,train
COKE_2018-05-16,train
CPRI_2017-08-23,train
FISV_2017-08-18,train
FLS_2017-08-21,train
PODD_2017-08-11,train
NTAP_2017-09-05,train
LHX_2017-08-21,train
ZBRA_2017-09-08,train
ARES_2017-08-15,train
TPR_2017-10-11,train
USFD_2017-11-07,train
ANET_2017-08-17,train
MRK_2017-11-20,train
UGI_2018-02-08,train
AYI_2018-05-07,train
CLX_2018-04-23,train
HAE_2017-08-23,train
HRL_2017-10-30,train
STAG_2018-02-08,train
GME_2018-05-18,train
CME_2017-09-05,train
COF_2017-09-08,train
DHI_2017-08-29,train
WING_2017-10-25,train
ESNT_2018-04-30,train
IQV_2017-09-26,train
RH_2017-08-28,train
ADC_2018-02-08,train
SNPS_2017-08-25,train
VRTX_2017-12-06,train
WLK_2017-08-29,train
SCI_2017-10-25,train
TWLO_2017-12-29,train
BR_2017-09-05,train
TRU_2017-09-15,train
TXT_2017-09-05,train
APPF_2018-02-08,train
BIIB_2018-04-09,train
EQNR_2017-09-08,train
PBF_2017-09-06,train
VNOM_2017-09-08,train
AJG_2017-09-07,train
OGS_2018-03-02,train
CDW_2017-09-11,train
DCI_2017-09-11,train
LAMR_2017-09-12,train
SONY_2017-10-12,train
BRO_2017-09-14,train
CASY_2018-06-04,train
HUBB_2018-05-01,train
SWX_2018-03-02,train
HSIC_2018-03-01,train
PYPL_2017-09-13,train
GLW_2018-05-30,train
WBS_2017-09-14,train
CVS_2018-03-27,train
IRT_2018-02-21,train
NOW_2017-09-26,train
EMR_2017-11-16,train
GNRC_2018-03-01,train
HAS_2018-04-20,train
MIDD_2018-07-17,train
TT_2018-04-24,train
MDT_2017-10-09,train
OLLI_2017-11-15,train
BIO_2017-11-02,train
EVR_2017-10-16,train
MTDR_2017-10-25,train
LITE_2018-02-05,train
BALL_2018-06-28,train
KNSL_2017-10-09,train
PANW_2017-11-15,train
MPC_2017-10-16,train
OGE_2018-02-08,train
HQY_2017-12-11,train
SAM_2018-02-28,train
PLNT_2017-11-07,train
AAPL_2018-02-08,train
GWW_2017-11-01,train
MEDP_2018-02-27,train
AEE_2018-02-08,train
DELL_2018-02-08,train
NNN_2018-02-08,train
O_2018-02-08,train
TSLA_2018-10-08,train
BA_2017-10-31,train
MORN_2017-10-30,train
DOC_2018-02-28,train
FCN_2018-02-08,train
SPG_2018-04-25,train
MA_2017-12-04,train
TECH_2017-11-10,train
SBUX_2018-06-28,train
BBWI_2018-09-04,train
PG_2018-05-02,train
ASH_2017-11-09,train
EGP_2018-02-08,train
OSK_2018-10-26,train
VTR_2018-04-23,train
EXC_2018-02-08,train
ROL_2017-11-15,train
GEN_2018-10-30,train
LNTH_2018-10-29,train
MUR_2018-03-08,train
NWE_2018-02-08,train
RL_2017-11-16,train
PCG_2018-11-15,train
SR_2018-02-06,train
BKH_2018-02-08,train
TSCO_2018-04-13,train
COLM_2017-12-12,train
DINO_2018-02-28,train
PEN_2018-01-04,train
ALK_2018-04-02,train
CSCO_2017-11-30,train
EQR_2018-02-08,train
IT_2018-02-28,train
TTD_2018-02-09,train
UDR_2018-02-08,train
AZO_2018-04-20,train
CMCSA_2018-05-08,train
ORLY_2018-04-20,train
AAL_2018-10-24,train
DG_2018-03-08,train
ES_2018-06-11,train
GWRE_2017-12-05,train
M_2018-02-05,train
NSC_2018-04-09,train
TXNM_2018-02-08,train
HUM_2017-12-21,train
KR_2018-03-08,train
CMS_2018-02-08,train
EXR_2018-02-08,train
AWK_2018-02-08,train
POR_2018-03-09,train
NTNX_2018-02-05,train
AVAV_2018-03-07,train
WEC_2018-02-08,train
AEP_2018-02-08,train
ATO_2018-02-06,train
VST_2017-12-14,train
NYT_2017-12-14,train
GE_2018-12-12,train
NRG_2018-02-08,train
WBD_2018-06-01,train
HL_2018-11-13,train
MASI_2018-02-08,train
COP_2018-02-09,train
DRI_2018-04-02,train
MAT_2018-12-24,train
SNX_2018-11-27,train
INCY_2018-12-24,train
INFY_2018-04-13,train
EXEL_2018-10-29,train
OZK_2018-12-19,train
THO_2018-12-24,train
BYD_2018-12-24,train
KNX_2018-12-21,train
AVGO_2018-07-13,train
ERIE_2018-02-13,train
KEYS_2018-02-09,train
MGM_2018-12-24,train
OLN_2018-12-24,train
LW_2018-02-21,train
NBIX_2018-12-24,train
NKE_2018-02-08,train
SYF_2018-12-24,train
WAT_2018-12-24,train
SLM_2018-12-24,train
AEIS_2018-12-24,train
LEA_2018-12-24,train
URI_2018-12-24,train
CLF_2018-02-05,train
EBAY_2018-12-24,train
WPC_2018-02-08,train
DXCM_2018-03-01,train
ELS_2018-02-08,train
NFLX_2018-12-24,train
PPC_2018-12-24,train
WHR_2018-12-24,train
AMT_2018-02-08,train
C_2018-12-24,train
ELV_2018-03-23,train
FLEX_2018-10-29,train
FLG_2018-12-24,train
HCA_2018-04-02,train
RCL_2018-12-24,train
REXR_2018-02-08,train
WYNN_2018-12-24,train
KDP_2018-02-22,train
META_2018-12-24,train
NCLH_2018-12-24,train
WDC_2018-12-24,train
WWD_2018-12-24,train
AGCO_2018-10-24,train
AMP_2018-12-24,train
BLDR_2018-12-24,train
CHTR_2018-05-31,train
CNO_2018-12-24,train
OKE_2018-12-24,train
TRGP_2018-12-24,train
XYZ_2018-02-08,train
ESS_2018-02-07,train
LUV_2018-12-24,train
AVB_2018-03-02,train
BABA_2019-01-03,train
BURL_2018-02-08,train
HXL_2018-12-24,train
JD_2018-11-23,train
KMI_2018-03-28,train
MANH_2018-12-24,train
MLI_2018-12-24,train
RMBS_2018-12-24,train
R_2018-12-24,train
CCK_2018-12-24,train
GM_2018-10-24,train
HPE_2018-12-24,train
PFGC_2018-10-12,train
SMG_2018-12-24,train
SWKS_2019-01-03,train
TER_2018-12-24,train
UNM_2018-12-24,train
VOYA_2018-12-24,train
CPT_2018-03-02,train
VRSK_2018-02-08,train
COTY_2018-12-24,train
EA_2018-12-24,train
ETR_2018-02-08,train
FRT_2018-02-08,train
MAS_2018-10-29,train
WTS_2018-12-24,train
XEL_2018-02-08,train
SON_2018-03-22,train
ALLY_2018-12-24,train
BLD_2018-12-24,train
BLKB_2018-12-24,train
CFG_2018-12-24,train
FBIN_2018-12-24,train
HLI_2018-12-24,train
JLL_2019-01-03,train
MTD_2019-01-03,train
PSTG_2018-12-24,train
TMHC_2018-10-22,train
JBL_2018-12-17,train
PAYX_2018-03-27,train
VMI_2018-12-24,train
CAH_2018-12-24,train
SAIA_2018-12-20,train
VMC_2018-10-29,train
CDP_2018-12-24,train
CINF_2018-06-27,train
COHR_2018-12-24,train
CYTK_2018-12-24,train
EXLS_2018-12-24,train
EXP_2018-12-24,train
FHI_2018-10-24,train
LPX_2018-12-20,train
MDLZ_2018-05-03,train
PNFP_2018-12-24,train
SAIC_2018-12-24,train
TRMB_2018-12-24,train
COO_2018-04-06,train
DTE_2018-06-11,train
ECL_2018-03-02,train
EIX_2018-11-15,train
FNB_2018-12-24,train
GPN_2018-12-24,train
IBM_2018-12-24,train
LOW_2018-04-25,train
RHHBY_2018-06-08,train
SLB_2018-12-24,train
TEX_2018-12-24,train
TMUS_2018-05-08,train
UBSI_2018-12-24,train
ACGL_2018-12-24,train
FIX_2018-03-23,train
HOMB_2018-12-24,train
HWC_2018-12-24,train
J_2018-03-23,train
PCAR_2018-10-24,train
PWR_2018-12-24,train
CNP_2018-04-25,train
CPAY_2018-12-24,train
GPC_2018-03-23,train
LEN_2018-12-24,train
PM_2018-12-24,train
PNW_2018-06-11,train
SYK_2018-12-24,train
TOL_2018-10-24,train
A_2018-06-27,train
DHR_2018-12-24,train
GEF_2018-12-24,train
MSFT_2018-03-23,train
RS_2018-12-24,train
AMAT_2018-12-24,train
OLED_2019-01-03,train
PPL_2018-06-06,train
WSM_2018-12-24,train
KLAC_2018-12-24,train
MNST_2018-12-24,train
PEG_2018-03-07,train
AVY_2018-12-24,train
CRUS_2019-01-03,train
GIS_2018-12-18,train
HOLX_2018-04-06,train
TREX_2018-03-01,train
XRAY_2018-10-29,train
CGNX_2018-12-24,train
CUZ_2018-12-24,train
SPXC_2018-12-24,train
WTW_2018-10-24,train
AXON_2018-03-19,train
PGR_2018-12-24,train
FAST_2018-07-03,train
VC_2019-01-03,train
ITUB_2018-06-27,train
ALGN_2019-01-03,train
AMKR_2018-10-24,train
DLTR_2018-10-11,train
EQIX_2018-12-24,train
GTLS_2018-04-30,train
G_2018-12-24,train
MLM_2018-10-29,train
ROP_2018-12-24,train
STX_2018-12-24,train
VZ_2018-03-23,train
BBY_2018-12-24,train
FTV_2018-12-24,train
NVS_2018-06-27,train
LVMUY_2018-12-24,train
MO_2019-01-24,train
MSI_2018-03-28,train
TTMI_2019-01-03,train
PK_2018-03-23,train
SBAC_2018-10-11,train
YUM_2018-07-05,train
ADSK_2018-12-24,train
APO_2018-12-20,train
BX_2018-12-19,train
GS_2018-12-24,train
IVZ_2018-12-24,train
SLGN_2018-12-24,train
AMZN_2018-12-24,train
FDS_2018-05-02,train
ON_2018-10-26,train
TSN_2018-12-24,train
ARWR_2018-04-06,train
ELF_2019-02-27,train
FN_2018-04-27,train
ZBH_2018-12-24,train
ARE_2018-12-24,train
CCI_2018-05-02,train
CRS_2018-12-24,train
GGG_2018-10-24,train
INTC_2018-10-24,train
JCI_2018-12-24,train
NSRGY_2018-06-18,train
TGT_2018-12-21,train
TKR_2018-12-24,train
CAG_2019-01-14,train
DUK_2018-06-11,train
NVR_2018-10-24,train
RGLD_2018-11-13,train
TPL_2018-12-21,train
CAR_2019-01-03,train
HSY_2018-05-02,train
IPGP_2018-12-24,train
KMPR_2018-04-02,train
PEP_2018-05-09,train
WM_2018-06-27,train
LAD_2018-12-14,train
LRCX_2018-12-24,train
ACN_2018-12-24,train
AME_2018-12-24,train
CACI_2018-12-24,train
FR_2018-12-24,train
HLT_2018-10-24,train
KMB_2018-04-23,train
KRC_2018-12-24,train
MTG_2018-12-24,train
APD_2018-10-24,train
APH_2019-01-03,train
CMI_2018-12-24,train
CRH_2018-12-20,train
EME_2018-12-24,train
HGV_2018-12-24,train
HON_2018-12-24,train
LVS_2018-12-24,train
PKG_2018-12-24,train
PLD_2018-12-24,train
RTX_2018-12-24,train
TTC_2018-12-24,train
DECK_2018-04-20,train
LH_2018-12-24,train
SRE_2018-06-06,train
APTV_2018-12-24,train
BCO_2018-12-24,train
FLR_2018-12-24,train
LIN_2018-04-06,train
MAR_2018-12-24,train
ROK_2018-12-24,train
SWK_2018-10-29,train
ASML_2018-12-24,train
DKS_2018-05-22,train
ODFL_2018-12-24,train
XPO_2018-12-13,train
ARW_2018-12-24,train
BUD_2018-12-24,train
EQT_2018-11-16,train
KBH_2018-11-15,train
PFG_2018-12-24,train
PH_2018-12-24,train
ROST_2018-04-13,train
SEIC_2018-12-24,train
TXN_2018-12-24,train
WY_2018-12-24,train
ADBE_2018-12-24,train
ETN_2018-12-24,train
FNF_2018-12-24,train
FTNT_2018-04-09,train
ITW_2018-12-24,train
PII_2018-12-21,train
PRU_2018-12-24,train
UFPI_2018-12-24,train
AMCR_2018-12-26,train
AKAM_2019-01-03,train
AON_2018-06-27,train
MSCI_2018-12-24,train
VLO_2018-12-24,train
BWA_2018-12-24,train
DIS_2018-05-03,train
GPK_2018-12-24,train
MAA_2018-05-18,train
NDSN_2018-12-11,train
TNL_2018-10-24,train
CNH_2018-12-24,train
ING_2018-12-24,train
BEN_2018-12-24,train
CTRA_2018-10-24,train
FAF_2018-12-24,train
OC_2018-12-24,train
QCOM_2018-04-25,train
RNR_2018-06-27,train
ACM_2018-12-24,train
BBVA_2018-12-11,train
BLK_2018-12-24,train
FDX_2018-12-24,train
MS_2018-12-24,train
AOS_2018-12-14,train
BAH_2018-05-02,train
CHRD_2018-12-24,train
DE_2018-10-29,train
POOL_2018-04-25,train
SJM_2018-12-24,train
STZ_2019-01-09,train
TSM_2019-01-03,train
TTEK_2018-05-01,train
BKR_2018-12-24,train
CBRE_2018-12-24,train
CMG_2018-04-23,train
CXT_2018-12-24,train
FIVE_2018-05-01,train
FANG_2018-12-24,train
LFUS_2018-12-24,train
LMT_2018-12-24,train
ORCL_2018-06-20,train
ERIC_2018-05-29,train
GHC_2018-08-02,train
HWM_2018-12-24,train
ILMN_2018-04-25,train
KEX_2018-12-21,train
LOPE_2019-01-17,train
SAP_2018-12-24,train
TEL_2018-12-24,train
WCC_2018-12-24,train
WRB_2018-12-24,train
ALLE_2018-05-03,train
ITT_2018-12-24,train
MCD_2018-04-25,train
BAC_2018-12-24,train
CHDN_2018-12-24,train
CPRT_2018-12-24,train
F_2018-12-24,train
GOOG_2018-12-24,train
IDXX_2018-12-24,train
SSB_2018-12-24,train
FITB_2018-12-24,train
GOOGL_2018-12-24,train
RSG_2018-05-02,train
TYL_2018-12-24,train
WDAY_2018-06-27,train
AIG_2018-12-11,train
CELH_2018-12-21,train
D_2018-06-06,train
GLPI_2018-12-24,train
LRLCY_2018-10-18,train
QLYS_2018-12-21,train
RLI_2018-05-03,train
SIGI_2018-06-27,train
UNP_2018-12-24,train
OVV_2018-12-24,train
TJX_2018-05-07,train
ULTA_2018-12-24,train
AXP_2018-12-24,train
MSA_2018-05-03,train
SPGI_2018-12-24,train
SSD_2018-12-24,train
CHH_2018-12-24,train
ENTG_2018-12-24,train
EW_2018-05-03,train
HIG_2018-12-24,train
RRX_2018-12-24,train
WAL_2018-12-24,train
CSGP_2018-12-21,train
SLAB_2018-12-24,train
MOH_2018-05-09,train
CG_2018-12-19,train
PEGA_2018-12-21,train
EPAM_2018-12-24,train
FSLR_2018-10-29,train
HLNE_2018-11-01,train
NOC_2018-12-24,train
SMCI_2018-11-08,train
COST_2018-12-24,train
DEO_2018-10-11,train
DVN_2018-12-24,train
RGEN_2018-05-10,train
TCBI_2018-12-24,train
SO_2018-05-18,train
TRV_2018-12-24,train
ANF_2018-11-20,train
INVH_2018-12-24,train
AMD_2018-05-17,train
NEE_2018-05-17,train
OPCH_2019-04-22,train
DY_2019-02-27,train
FCFS_2018-12-24,train
CRM_2018-11-20,train
LNT_2018-06-11,train
MRSH_2018-12-24,train
DOV_2018-12-24,train
PRI_2018-12-24,train
SF_2018-12-21,train
INTU_2018-12-24,train
LII_2018-06-27,train
V_2018-12-24,train
MCHP_2018-10-24,train
PCTY_2018-12-21,train
WMS_2018-12-24,train
STRL_2018-12-20,train
AFL_2018-10-26,train
AMH_2018-12-24,train
CDNS_2018-10-11,train
CPB_2019-01-02,train
NOVT_2018-10-29,train
TTWO_2019-02-27,train
ALL_2018-12-24,train
ARMK_2018-12-24,train
CHE_2019-01-03,train
FICO_2018-12-24,train
MKSI_2018-12-24,train
MTCH_2018-07-30,train
MTN_2019-01-17,train
SHW_2018-12-24,train
WMT_2018-06-18,train
WEX_2018-12-24,train
FLO_2018-12-24,train
NXPI_2018-12-24,train
TDY_2018-12-24,train
HRB_2018-06-27,train
KTOS_2018-06-25,train
TDG_2018-10-29,train
ABT_2018-06-27,train
AES_2018-07-09,train
HD_2018-12-24,train
MET_2018-12-24,train
WTRG_2018-11-08,train
AIZ_2018-12-24,train
NXST_2018-11-20,train
BAX_2018-11-12,train
OKTA_2018-11-20,train
AXTA_2018-12-17,train
BSX_2018-12-24,train
FTI_2018-12-24,train
LSCC_2018-11-19,train
SBRA_2018-12-24,train
FIS_2018-12-24,train
GNTX_2018-10-18,train
NEM_2018-09-11,train
RBC_2019-01-03,train
STE_2018-12-24,train
EL_2018-12-24,train
KIM_2018-12-24,train
BRX_2018-12-24,train
CMC_2019-05-31,train
MU_2018-12-24,train
CW_2018-12-24,train
KEY_2018-12-24,train
MPWR_2018-10-24,train
MTZ_2018-12-21,train
PAYC_2018-06-29,train
SATS_2018-12-24,train
VLY_2018-12-24,train
DGX_2018-12-24,train
HALO_2018-12-24,train
L_2018-12-24,train
MCO_2018-12-24,train
NVDA_2018-12-24,train
ORA_2018-11-06,train
RMD_2019-01-28,train
DAL_2019-01-03,train
DVA_2019-05-31,train
FE_2018-07-24,train
HII_2018-12-24,train
NDAQ_2018-12-24,train
CUBE_2018-10-11,train
GL_2018-12-24,train
MCK_2018-12-24,train
OMC_2018-08-13,train
PNC_2018-12-24,train
UAL_2018-07-11,train
JEF_2018-12-24,train
T_2018-12-24,train
FND_2018-12-24,train
CVNA_2018-12-21,train
MKC_2018-07-30,train
COR_2018-12-24,train
MTSI_2019-05-07,train
PSA_2018-10-11,train
WELL_2018-07-30,train
BWXT_2018-12-24,train
ICE_2018-12-24,train
SW_2018-12-13,train
CL_2018-10-29,train
GRMN_2018-12-24,train
PSX_2018-12-24,train
CHD_2018-07-18,train
FHN_2018-12-24,train
VRSN_2018-10-24,train
AN_2019-03-15,train
IR_2018-12-24,train
PHM_2018-10-22,train
USB_2018-12-24,train
EXPO_2018-12-24,train
TROW_2018-12-24,train
AVNT_2019-05-28,train
ENSG_2018-08-03,train
HBAN_2018-12-24,train
UPS_2018-12-24,train
CTAS_2018-12-24,train
GD_2018-12-24,train
NTRS_2018-12-24,train
RF_2018-12-24,train
RPM_2019-01-04,train
STLD_2019-05-31,train
THC_2018-12-24,train
UHS_2018-12-24,train
CSL_2018-12-24,train
EEFT_2018-07-30,train
EFX_2018-12-24,train
IEX_2018-12-24,train
LYV_2018-12-24,train
TMO_2018-12-24,train
LDOS_2018-12-24,train
WST_2018-12-24,train
CNX_2019-07-29,train
ADP_2018-12-24,train
CF_2019-03-22,train
CROX_2018-08-07,train
GMED_2019-01-03,train
THG_2018-12-24,train
VFC_2018-12-24,train
CLH_2018-12-24,train
CBOE_2018-12-24,train
KKR_2018-12-24,train
MUSA_2018-12-24,train
AAON_2018-10-11,train
ATR_2019-01-03,train
BRKR_2018-12-24,train
STWD_2018-12-24,train
CB_2018-12-24,train
MMS_2018-10-11,train
NSA_2018-10-01,train
VVV_2019-05-02,train
ADI_2018-10-24,train
AZN_2019-01-28,train
SGI_2018-12-24,train
ZTS_2018-12-24,train
KBR_2018-12-21,train
LULU_2018-12-24,train
NWSA_2018-12-24,train
NWS_2018-12-24,train
COKE_2018-10-18,train
FISV_2018-12-24,train
NEU_2018-10-24,train
PODD_2019-01-03,train
LHX_2018-12-24,train
ZBRA_2018-12-24,train
ARES_2018-12-24,train
USFD_2018-11-05,train
SYNA_2019-05-31,train
HAE_2019-04-17,train
MRK_2018-09-04,train
CME_2019-03-27,train
DHI_2018-12-24,train
WING_2018-12-24,train
BF-B_2019-01-03,train
ESNT_2018-12-24,train
IQV_2018-12-24,train
RH_2019-05-31,train
ADC_2018-10-04,train
SNPS_2018-12-24,train
GME_2019-08-15,train
STAG_2018-12-24,train
HR_2018-10-12,train
NVO_2018-10-11,train
EPR_2018-12-24,train
TWLO_2018-10-24,train
UL_2018-12-24,train
AR_2019-08-27,train
AVT_2018-12-24,train
JBHT_2019-05-29,train
WSO_2018-12-24,train
BR_2018-12-24,train
TRU_2018-12-24,train
APPF_2018-10-30,train
COF_2018-12-24,train
NOV_2019-08-15,train
RRC_2019-08-27,train
SYY_2018-12-24,train
VNOM_2018-12-24,train
BDC_2018-12-24,train
FLS_2018-12-24,train
PVH_2019-08-23,train
TPR_2019-08-15,train
VTRS_2019-05-31,train
AA_2019-08-27,train
ANET_2018-12-24,train
AYI_2018-12-24,train
BC_2019-05-31,train
JPM_2018-12-24,train
LSTR_2018-12-24,train
XYL_2018-12-24,train
ALV_2019-05-31,train
ASGN_2019-05-31,train
CDW_2018-12-24,train
SONY_2019-03-22,train
TFC_2018-12-24,train
BRO_2018-12-24,train
CASY_2018-12-10,train
DCI_2018-12-24,train
HUBB_2018-12-24,train
SCI_2018-12-24,train
AFG_2018-12-24,train
APA_2019-08-15,train
HAL_2019-08-27,train
LYB_2019-08-23,train
MOS_2019-08-27,train
PR_2019-08-15,train
PYPL_2018-10-10,train
AJG_2018-12-24,train
CRL_2019-01-03,train
EG_2018-10-26,train
IRT_2018-12-24,train
NOW_2018-11-19,train
GNRC_2018-12-24,train
HAS_2019-01-03,train
BHF_2018-12-24,train
ED_2018-09-26,train
LAMR_2018-12-24,train
TT_2018-12-24,train
MDT_2019-01-07,train
GT_2019-09-03,train
BIO_2018-12-24,train
DLR_2019-01-09,train
LITE_2018-11-12,train
BALL_2018-12-24,train
KNSL_2018-12-24,train
MPC_2019-08-14,train
PANW_2018-11-19,train
PBF_2019-08-15,train
KRG_2018-12-24,train
SAM_2019-01-09,train
PLNT_2018-10-24,train
VWAGY_2018-10-24,train
AAPL_2019-01-03,train
FFIN_2018-12-24,train
ISRG_2018-12-24,train
ORI_2018-12-24,train
PPG_2018-12-24,train
STT_2019-08-15,train
RBA_2018-12-24,train
BIIB_2019-03-22,train
CVS_2019-04-02,train
HOG_2019-08-27,train
MEDP_2018-10-29,train
EMR_2018-12-24,train
JHG_2019-08-15,train
PB_2018-12-24,train
BMY_2019-07-22,train
NNN_2018-12-24,train
PAG_2018-12-13,train
COLB_2019-03-22,train
IBOC_2018-12-24,train
LECO_2018-12-24,train
O_2018-11-02,train
VRTX_2018-12-24,train
ZION_2018-12-24,train
BXP_2018-12-24,train
TSLA_2019-06-03,train
KHC_2019-08-15,train
MORN_2018-12-24,train
ABBV_2019-08-15,train
AMGN_2019-05-13,train
DOC_2018-12-24,train
ENS_2019-08-23,train
FCN_2018-12-24,train
ATI_2019-08-15,train
CAT_2019-08-27,train
CPRI_2019-09-03,train
NTAP_2019-08-14,train
STLA_2019-01-03,train
CBT_2019-08-15,train
MA_2018-12-24,train
ONB_2018-12-24,train
TECH_2018-12-24,train
WLK_2019-08-27,train
RGA_2018-12-24,train
SBUX_2018-12-24,train
FCX_2019-10-08,train
PG_2018-12-24,train
BIDU_2019-08-15,train
RJF_2018-12-24,train
TM_2018-12-24,train
EGP_2018-12-24,train
OSK_2018-12-24,train
DELL_2019-01-16,train
CI_2019-04-17,train
CNC_2019-10-02,train
GEN_2018-12-24,train
LNTH_2018-12-24,train
MUR_2019-08-27,train
RL_2019-08-26,train
PCG_2019-10-28,train
SCHW_2019-10-03,train
BKH_2018-12-24,train
IFF_2019-08-23,train
REGN_2019-09-27,train
DPZ_2019-08-27,train
UNH_2019-04-17,train
WAB_2019-05-31,train
DAR_2018-12-24,train
DINO_2019-05-31,train
RVTY_2018-12-24,train
JAZZ_2018-12-21,train
PEN_2018-12-24,train
EQR_2018-12-24,train
TTD_2018-12-24,train
AZO_2019-01-08,train
CMCSA_2018-12-24,train
ORLY_2018-12-24,train
DG_2018-12-24,train
ES_2018-12-24,train
GWRE_2018-12-24,train
NSC_2018-12-24,train
HUM_2019-04-17,train
KR_2019-07-23,train
IP_2018-12-24,train
CMS_2018-12-24,train
PNR_2019-05-31,train
AWK_2018-12-24,train
GSK_2018-12-17,train
HQY_2019-10-10,train
NTNX_2019-08-14,train
AIT_2018-12-24,train
AM_2019-12-03,train
GWW_2019-07-10,train
H_2018-12-24,train
WEC_2019-01-02,train
AEP_2019-01-03,train
ALK_2019-03-25,train
BDX_2018-12-24,train
TXNM_2018-12-24,train
EWBC_2019-08-27,train
MTDR_2019-10-18,train
NYT_2019-01-03,train
BMRN_2019-10-02,train
POR_2018-12-24,train
ST_2018-12-24,train
CBSH_2018-12-24,train
EOG_2019-10-18,train
VALE_2019-08-26,train
HPQ_2019-10-10,train
SE_2019-01-03,train
AVAV_2019-08-27,train
EQNR_2019-08-15,train
SNY_2019-02-25,train
GE_2019-08-27,train
M_2019-08-27,train
HL_2019-05-28,train
LLY_2019-07-19,train
MASI_2019-01-14,train
COP_2019-08-23,train
EHC_2019-04-17,train
ALB_2019-08-27,train
MAT_2019-08-27,train
SNX_2019-08-15,train
KO_2019-02-26,train
BBWI_2019-09-03,train
CCL_2019-10-08,train
EXEL_2019-11-06,train
THO_2019-08-15,train
BYD_2019-08-15,train
KNX_2019-05-31,train
KEYS_2019-01-23,train
MGM_2019-06-03,train
AVGO_2019-05-31,train
EVRG_2019-03-06,train
PTC_2019-10-08,train
LW_2019-06-18,train
NBIX_2019-04-30,train
NKE_2019-05-31,train
SLM_2019-08-15,train
AEIS_2019-03-08,train
TXRH_2019-10-17,train
URI_2019-08-27,train
DXCM_2019-04-17,train
ELS_2019-02-01,train
NFLX_2019-09-24,train
PPC_2019-02-14,train
WHR_2019-05-31,train
AMT_2019-02-06,train
FLEX_2019-06-17,train
REXR_2019-02-01,train
UTHR_2019-07-22,train
WDC_2019-06-12,train
WWD_2019-02-07,train
AMP_2019-03-25,train
BLDR_2019-03-22,train
CHTR_2019-03-08,train
CNO_2019-08-27,train
C_2019-03-25,train
HCA_2019-04-17,train
META_2019-02-21,train
WYNN_2019-08-15,train
XYZ_2019-09-23,train
BABA_2019-05-31,train
BURL_2019-03-15,train
JD_2019-02-15,train
MANH_2019-02-07,train
MLI_2019-08-27,train
RMBS_2019-03-07,train
CCK_2019-02-08,train
NOK_2019-11-20,train
PFGC_2019-03-22,train
SMG_2019-02-08,train
SWKS_2019-05-31,train
TER_2019-02-08,train
VOYA_2019-02-08,train
VRSK_2019-02-11,train
COTY_2019-08-23,train
ETR_2019-02-13,train
INGR_2019-08-27,train
MAS_2019-05-31,train
WTS_2019-03-22,train
XEL_2019-02-13,train
JKHY_2019-03-07,train
ALLY_2019-03-08,train
BLD_2019-02-14,train
FBIN_2019-03-22,train
HLI_2019-08-15,train
JLL_2019-05-31,train
NLY_2019-09-03,train
PSTG_2019-08-05,train
TMHC_2019-03-06,train
EXPE_2019-11-20,train
JBL_2019-05-31,train
VMI_2019-05-31,train
CAH_2019-05-31,train
SAIA_2019-06-03,train
CINF_2019-03-08,train
COHR_2019-11-22,train
CYTK_2019-03-06,train
EXLS_2019-03-22,train
FHI_2019-03-25,train
LPX_2019-08-23,train
SAIC_2019-03-22,train
EIX_2019-05-28,train
GPN_2019-02-21,train
LOW_2019-05-28,train
RHHBY_2019-05-13,train
TMUS_2019-04-03,train
ACGL_2019-03-26,train
FIX_2019-08-27,train
J_2019-03-08,train
LEN_2019-03-06,train
MSFT_2019-03-07,train
RS_2019-05-31,train
AMAT_2019-03-07,train
KLAC_2019-06-03,train
CRUS_2019-05-31,train
TREX_2019-05-17,train
WSM_2019-05-29,train
ROL_2019-08-27,train
SPXC_2019-05-31,train
AXON_2019-03-08,train
GILD_2019-04-22,train
VC_2019-05-31,train
AMKR_2019-05-31,train
EQIX_2019-03-13,train
CLX_2019-05-20,train
GIS_2019-03-19,train
SBAC_2019-03-19,train
SFM_2020-03-12,train
OKE_2020-03-18,train
OLN_2020-03-16,train
TRGP_2020-03-18,train
ARWR_2019-05-01,train
ERIE_2020-03-12,train
PK_2020-03-18,train
ON_2020-03-18,train
TGT_2019-05-16,train
TSN_2020-03-18,train
VTR_2020-03-18,train
AAL_2020-03-23,train
BA_2020-03-20,train
BP_2020-03-18,train
CRS_2020-03-20,train
CVLT_2020-03-18,train
DRI_2020-03-18,train
GDDY_2020-03-18,train
GTLS_2020-03-19,train
NCLH_2020-03-18,train
PSKY_2020-03-23,train
RCL_2020-03-18,train
SHEL_2020-03-18,train
TOL_2020-03-23,train
TRMB_2020-03-18,train
TTE_2020-03-19,train
WMB_2020-03-18,train
ALGN_2020-03-23,train
APO_2020-03-23,train
E_2020-03-16,train
GAP_2020-03-23,train
HST_2020-03-18,train
HXL_2020-03-23,train
KMI_2020-03-18,train
NVR_2020-03-23,train
RGLD_2020-03-18,train
SPG_2020-03-18,train
SYF_2020-03-23,train
TKR_2020-03-18,train
UNM_2020-03-23,train
VICI_2020-03-18,train
WPC_2020-03-23,train
WTFC_2020-03-18,train
BLKB_2020-03-18,train
BX_2019-04-09,train
CAR_2020-03-18,train
CDP_2020-03-20,train
CFG_2020-03-18,train
CNP_2020-03-23,train
CVX_2020-03-23,train
ELF_2020-03-18,train
ELV_2020-03-23,train
EVR_2020-03-20,train
FNB_2020-03-18,train
GM_2020-03-18,train
GPC_2020-03-23,train
G_2020-03-18,train
HPE_2020-03-23,train
HWC_2020-03-23,train
INFY_2020-03-20,train
INTC_2019-06-03,train
KMPR_2020-03-23,train
LEA_2020-03-18,train
LUV_2020-03-19,train
MIDD_2020-03-23,train
MLM_2020-03-23,train
NJR_2020-03-18,train
OGE_2020-03-23,train
OLED_2020-03-18,train
OXY_2020-03-23,train
PAYX_2020-03-23,train
PPL_2020-03-23,train
PWR_2020-03-23,train
SWX_2020-03-16,train
TXT_2020-03-23,train
VMC_2020-03-18,train
YUM_2020-03-23,train
AVB_2020-03-23,train
LAD_2020-03-18,train
LRCX_2019-06-03,train
NRG_2020-03-18,train
VST_2020-03-18,train
AMG_2020-03-23,train
ASH_2020-03-23,train
AVY_2020-03-23,train
BG_2020-03-18,train
DUK_2020-03-23,train
FDS_2020-03-23,train
KRC_2020-03-23,train
LIVN_2020-03-23,train
OLLI_2020-03-18,train
EXP_2020-03-23,train
FTV_2020-03-23,train
SYK_2020-03-23,train
CRH_2020-03-18,train
HGV_2020-03-18,train
DECK_2020-03-18,train
TPL_2020-03-23,train
FLR_2020-03-18,train
SWK_2020-03-23,train
APTV_2020-03-18,train
ASML_2019-06-03,train
CACI_2020-03-18,train
CLF_2020-03-23,train
CMI_2020-03-23,train
CUZ_2020-03-20,train
DKS_2020-03-18,train
EXR_2020-03-23,train
FN_2019-06-03,train
INCY_2020-03-23,train
NUE_2020-03-23,train
ODFL_2019-06-03,train
PCAR_2020-03-23,train
ROK_2020-03-23,train
SLB_2020-03-18,train
SRE_2020-03-16,train
TSCO_2020-03-16,train
AGCO_2020-03-18,train
AME_2020-03-23,train
ARW_2020-03-18,train
BUD_2020-03-18,train
DD_2020-03-23,train
EQT_2020-02-26,train
GEF_2020-03-12,train
HON_2020-03-23,train
KBH_2020-03-18,train
KDP_2020-03-16,train
PH_2020-03-23,train
ROST_2020-03-18,train
SEIC_2020-03-23,train
XOM_2020-03-23,train
XPO_2020-03-20,train
CCI_2020-03-23,train
CFR_2020-03-23,train
CSX_2020-03-23,train
DTE_2020-03-23,train
ECL_2020-03-23,train
ETN_2020-03-23,train
EXPD_2020-03-20,train
FFIV_2020-03-18,train
FTNT_2019-06-03,train
GS_2020-03-23,train
HOLX_2020-03-23,train
ITW_2020-03-23,train
LH_2020-03-23,train
MAR_2020-04-03,train
MO_2020-03-23,train
MSM_2020-03-23,train
MTG_2020-04-03,train
PEG_2020-03-23,train
PII_2020-04-03,train
PLD_2020-03-20,train
PRU_2020-03-23,train
RTX_2020-03-23,train
RYN_2020-03-12,train
TAP_2020-03-23,train
UDR_2020-03-23,train
VNO_2020-03-20,train
WBS_2020-03-23,train
WY_2020-03-23,train
ZBH_2020-03-18,train
AMCR_2020-03-16,train
ARE_2020-03-23,train
ASB_2020-03-23,train
ATO_2020-03-23,train
BBY_2020-03-23,train
BK_2020-03-23,train
CAG_2020-03-12,train
COLM_2020-03-23,train
CPAY_2020-03-23,train
CPT_2020-03-23,train
CTSH_2020-03-23,train
EME_2020-03-17,train
ESS_2020-03-23,train
EXC_2020-03-23,train
FNF_2020-03-18,train
FRT_2020-04-03,train
FR_2020-03-23,train
GBCI_2020-03-12,train
HOMB_2020-03-23,train
IDA_2020-03-23,train
JCI_2020-03-23,train
MTB_2020-03-23,train
NWE_2020-03-20,train
OGS_2020-03-23,train
PFG_2020-03-23,train
PNFP_2020-03-23,train
PNW_2020-03-23,train
REG_2020-04-03,train
R_2020-04-03,train
SON_2020-03-23,train
SR_2020-03-23,train
TEX_2020-03-23,train
UFPI_2019-04-22,train
UGI_2020-03-23,train
WFC_2020-03-23,train
WTW_2020-03-23,train
XRAY_2020-03-23,train
EBAY_2020-03-23,train
ADBE_2019-06-03,train
AKAM_2019-06-03,train
AMZN_2020-03-12,train
AON_2020-03-23,train
CSCO_2020-03-12,train
HSY_2020-03-23,train
IBM_2020-03-23,train
JNJ_2020-03-23,train
MDLZ_2020-03-23,train
MSCI_2019-08-05,train
PEP_2020-03-20,train
POST_2020-03-23,train
VLO_2020-03-23,train
BWA_2020-03-18,train
EA_2020-03-20,train
MAA_2020-03-23,train
NDSN_2020-03-23,train
TNL_2020-03-23,train
HRL_2019-05-07,train
SLGN_2020-03-23,train
TKO_2020-03-16,train
ADSK_2020-03-12,train
CTRA_2020-02-27,train
FAF_2020-03-18,train
HLT_2020-04-03,train
IBKR_2020-03-23,train
RNR_2020-03-18,train
ACM_2020-03-18,train
BLK_2020-03-23,train
FDX_2020-03-16,train
MS_2020-03-23,train
STZ_2020-03-23,train
TSM_2019-05-28,train
BAH_2020-03-23,train
BKR_2020-03-23,train
CBRE_2020-03-23,train
CMG_2020-03-18,train
DHR_2020-03-23,train
FIVE_2020-03-19,train
CHRD_2020-04-20,train
CXT_2020-03-23,train
FANG_2020-03-18,train
LMT_2020-03-23,train
ORCL_2020-03-12,train
ERIC_2020-03-16,train
ILMN_2020-03-18,train
IT_2020-03-20,train
KEX_2020-03-18,train
LOPE_2020-03-18,train
PFE_2020-03-23,train
TEL_2020-03-18,train
WCC_2020-03-18,train
CGNX_2020-03-23,train
FAST_2020-03-23,train
GHC_2020-03-18,train
ITT_2020-03-23,train
LFUS_2020-03-18,train
MCD_2020-03-23,train
MMM_2020-03-23,train
NFG_2020-03-23,train
OZK_2020-04-03,train
POOL_2020-03-20,train
SNA_2020-04-03,train
TTMI_2019-05-31,train
UBSI_2020-03-20,train
BAC_2020-03-23,train
CHDN_2020-03-18,train
CPRT_2020-03-23,train
F_2020-03-23,train
HWM_2020-03-23,train
IDXX_2020-03-23,train
ROP_2020-03-23,train
ACN_2020-03-23,train
ADM_2020-03-23,train
ALLE_2020-03-23,train
APD_2020-03-23,train
APH_2020-03-16,train
BKNG_2020-03-23,train
DE_2020-03-23,train
DIS_2020-03-23,train
FITB_2020-03-18,train
FLG_2020-04-03,train
HSIC_2020-03-23,train
OC_2020-03-23,train
PKG_2020-03-23,train
TTEK_2019-05-01,train
TYL_2019-06-03,train
WBD_2020-04-03,train
WDAY_2020-03-18,train
AIG_2020-03-18,train
CELH_2019-10-03,train
GLPI_2020-03-18,train
GOOG_2019-06-03,train
QLYS_2020-03-12,train
UNP_2020-03-23,train
OVV_2020-03-09,train
TJX_2020-03-23,train
ULTA_2020-03-18,train
SPGI_2020-03-23,train
SSD_2020-03-23,train
CHH_2020-03-23,train
D_2020-03-23,train
ENTG_2019-05-29,train
EW_2020-03-23,train
HIG_2020-03-18,train
IPGP_2020-04-03,train
MSA_2020-03-23,train
RRX_2020-03-23,train
WAL_2020-03-18,train
CSGP_2019-05-13,train
SLAB_2020-03-18,train
GOOGL_2019-06-03,train
MOH_2019-09-27,train
AXP_2020-03-23,train
CG_2020-03-18,train
LVS_2020-03-18,train
PEGA_2020-04-03,train
QCOM_2020-03-20,train
EPAM_2020-03-16,train
FSLR_2020-03-18,train
HLNE_2020-03-18,train
MNST_2020-03-23,train
SMCI_2020-03-18,train
DEO_2020-03-23,train
DVN_2020-03-18,train
RGEN_2019-05-23,train
ANF_2020-04-02,train
A_2020-03-23,train
INVH_2020-03-23,train
TCBI_2020-03-23,train
AMD_2019-05-23,train
OPCH_2020-03-18,train
LIN_2020-03-23,train
STX_2019-05-31,train
DY_2020-03-18,train
CRM_2020-03-16,train
MRSH_2020-03-23,train
WRB_2020-03-23,train
CHRW_2020-03-12,train
DOV_2020-03-23,train
GPK_2020-03-23,train
HMC_2020-03-23,train
ING_2020-03-18,train
SAP_2020-03-19,train
AOS_2020-03-20,train
DLB_2020-03-18,train
DLTR_2020-03-18,train
GLW_2020-03-23,train
LVMUY_2020-03-19,train
MTD_2020-03-23,train
NEE_2020-03-23,train
PRI_2020-03-20,train
SF_2020-03-18,train
SIGI_2020-03-16,train
SSB_2020-05-13,train
TRV_2020-03-18,train
COO_2020-03-23,train
COST_2019-05-31,train
SO_2020-03-23,train
TTC_2020-03-23,train
INTU_2020-03-23,train
LII_2020-03-23,train
V_2020-03-23,train
BEN_2020-03-23,train
CNH_2020-03-23,train
DBX_2020-03-12,train
ITUB_2020-04-24,train
RSG_2020-03-23,train
TXN_2020-03-16,train
WIT_2020-03-19,train
BBVA_2020-04-21,train
BCO_2020-05-14,train
IRM_2020-04-02,train
IVZ_2020-05-15,train
LRLCY_2020-03-16,train
MCHP_2020-03-16,train
PCTY_2020-04-03,train
SAN_2020-05-19,train
WMS_2020-03-23,train
STRL_2020-05-13,train
UMBF_2020-04-03,train
AFL_2020-03-18,train
AMH_2020-03-23,train
CDNS_2020-03-18,train
GGG_2020-03-23,train
MZTI_2020-04-03,train
NOVT_2020-04-03,train
ALL_2020-03-23,train
GATX_2020-04-20,train
LNT_2020-03-23,train
TTWO_2020-03-20,train
ARMK_2020-03-18,train
FICO_2020-03-18,train
MKSI_2020-03-16,train
MTCH_2020-03-20,train
MTN_2020-04-03,train
SHW_2020-03-23,train
CHE_2019-06-17,train
WEX_2020-03-23,train
NXPI_2020-03-18,train
TDY_2020-03-18,train
HRB_2020-04-03,train
KTOS_2020-03-20,train
TDG_2020-03-18,train
ABT_2020-03-23,train
AES_2020-03-18,train
FLO_2020-03-25,train
HD_2020-03-20,train
MET_2020-03-23,train
WTRG_2020-03-23,train
AIZ_2020-03-18,train
NXST_2020-03-23,train
OKTA_2020-03-16,train
AXTA_2020-03-23,train
BSX_2020-03-23,train
FTI_2020-03-18,train
LSCC_2019-06-26,train
SBRA_2020-03-18,train
FIS_2020-03-23,train
GNTX_2020-03-23,train
NEM_2019-07-31,train
RBC_2020-03-23,train
STE_2020-03-23,train
CIEN_2020-03-23,train
EL_2020-03-23,train
KIM_2020-04-02,train
BRX_2020-04-02,train
CMC_2020-03-18,train
MU_2020-03-16,train
KEY_2020-03-18,train
MPWR_2019-10-09,train
MTZ_2020-03-18,train
PAYC_2020-04-03,train
DGX_2020-04-03,train
HALO_2020-03-18,train
MCO_2020-03-23,train
NVDA_2019-08-15,train
NVT_2020-03-18,train
RMD_2020-03-20,train
DAL_2020-05-15,train
DVA_2019-07-09,train
NDAQ_2020-03-23,train
CUBE_2020-03-23,train
MCK_2020-03-23,train
UAL_2020-05-15,train
DOCU_2019-08-14,train
FND_2020-04-03,train
CVNA_2020-03-20,train
MKC_2020-03-23,train
COR_2020-03-23,train
JEF_2020-04-23,train
MTSI_2019-07-16,train
WELL_2020-03-18,train
ICE_2020-03-23,train
SW_2020-03-23,train
GRMN_2020-03-23,train
PSX_2020-03-23,train
GL_2020-03-23,train
PNC_2020-03-23,train
WAT_2020-03-23,train
PGR_2019-10-23,train
CHD_2020-03-25,train
FHN_2020-03-23,train
VRSN_2020-03-23,train
EQH_2020-03-23,train
AEE_2020-03-23,train
NSRGY_2020-03-16,train
AN_2020-03-18,train
IR_2020-03-18,train
KMB_2020-03-23,train
PHM_2020-03-23,train
RLI_2020-03-16,train
USB_2020-03-23,train
EXPO_2020-03-25,train
PM_2020-03-23,train
TROW_2020-03-23,train
AVNT_2020-03-18,train
ENSG_2020-03-16,train
HBAN_2020-04-03,train
UPS_2020-03-12,train
CTAS_2020-03-23,train
GD_2020-03-23,train
RF_2020-03-18,train
RPM_2020-03-23,train
STLD_2020-03-18,train
THC_2020-03-18,train
UHS_2020-03-18,train
EEFT_2020-03-18,train
EFX_2020-03-23,train
IEX_2020-03-18,train
LYV_2020-03-18,train
L_2020-05-13,train
TMO_2020-03-23,train
WH_2020-03-19,train
LDOS_2020-03-23,train
WST_2020-03-23,train
BWXT_2020-03-18,train
CL_2020-03-25,train
CNX_2020-03-27,train
CF_2020-03-18,train
CROX_2020-03-20,train
GMED_2020-03-16,train
VFC_2020-03-23,train
CLH_2020-03-18,train
CW_2020-03-23,train
NTRS_2020-03-16,train
KKR_2020-03-23,train
MUSA_2020-03-23,train
AAON_2020-03-12,train
ATR_2020-03-23,train
BRKR_2020-04-01,train
STWD_2020-03-24,train
BRK-B_2020-03-23,train
CB_2020-03-23,train
MMS_2020-03-16,train
NSA_2020-03-23,train
VLY_2020-04-03,train
VVV_2020-03-23,train
ADI_2020-03-18,train
AZN_2020-03-16,train
SGI_2020-03-18,train
ZTS_2020-03-23,train
KBR_2020-03-18,train
LULU_2020-03-16,train
NWSA_2020-04-03,train
NWS_2020-03-23,train
OHI_2020-03-18,train
COKE_2020-03-20,train
PODD_2020-03-18,train
FISV_2020-03-23,train
WMT_2020-03-12,train
ZBRA_2020-03-12,train
ARES_2020-03-23,train
USFD_2020-03-18,train
SYNA_2019-08-27,train
ADP_2020-03-23,train
CPB_2019-08-28,train
DHI_2020-03-18,train
MRK_2020-03-23,train
PSA_2020-03-23,train
WING_2020-03-18,train
BF-B_2020-03-23,train
ESNT_2020-03-18,train
WM_2020-03-23,train
CSL_2020-03-23,train
IQV_2020-03-23,train
RH_2020-03-23,train
ADC_2020-03-18,train
SNPS_2020-03-23,train
GME_2020-04-03,train
STAG_2020-03-23,train
NOC_2020-03-23,train
NVO_2020-03-20,train
EPR_2020-03-18,train
TWLO_2020-03-16,train
UL_2020-03-23,train
AR_2020-04-01,train
AVT_2020-03-18,train
BJ_2020-02-28,train
JBHT_2020-03-16,train
WSO_2020-03-23,train
BR_2020-03-23,train
TRU_2020-03-20,train
APPF_2020-03-16,train
COF_2020-04-03,train
NOV_2020-03-18,train
RRC_2020-03-11,train
SYY_2020-03-18,train
VNOM_2020-03-23,train
FLS_2020-03-23,train
PVH_2020-03-23,train
TPR_2020-03-23,train
AA_2020-03-20,train
AYI_2020-03-23,train
BC_2020-04-03,train
JPM_2020-03-23,train
LSTR_2020-03-23,train
XYL_2020-03-23,train
ALV_2020-03-20,train
ANET_2020-03-16,train
ASGN_2020-04-03,train
CDW_2020-03-20,train
SONY_2020-03-16,train
TFC_2020-03-23,train
BRO_2020-03-23,train
CASY_2020-04-03,train
DCI_2020-03-23,train
HUBB_2020-03-23,train
AFG_2020-03-18,train
APA_2020-04-01,train
HAL_2020-03-18,train
LYB_2020-03-16,train
MOS_2020-03-18,train
PR_2020-04-01,train
PYPL_2020-03-23,train
AJG_2020-03-23,train
CRL_2020-03-18,train
IRT_2020-04-03,train
NOW_2019-10-23,train
GNRC_2019-10-02,train
HAS_2020-03-16,train
BHF_2020-03-20,train
LAMR_2020-03-23,train
TT_2020-03-23,train
MDT_2020-03-23,train
GT_2020-03-18,train
BIO_2019-10-08,train
DLR_2020-03-23,train
HR_2020-03-23,train
PDD_2019-10-08,train
LITE_2019-10-08,train
BALL_2020-03-23,train
KNSL_2020-03-16,train
MSI_2020-03-23,train
SCI_2020-04-03,train
ORA_2020-09-21,train
HAE_2020-03-18,train
MPC_2020-03-23,train
PANW_2020-03-18,train
KRG_2020-04-03,train
SAM_2020-03-16,train
PLNT_2020-03-18,train
VWAGY_2020-03-20,train
AAPL_2020-03-23,train
ISRG_2020-03-23,train
PPG_2020-03-23,train
STT_2020-03-23,train
ORI_2020-03-23,train
RBA_2020-03-18,train
FFIN_2020-03-23,train
HOG_2020-04-03,train
MEDP_2020-03-18,train
EG_2020-05-14,train
EMR_2020-03-23,train
JHG_2020-03-23,train
PB_2020-03-23,train
PAG_2020-03-23,train
COLB_2020-05-13,train
IBOC_2020-03-20,train
LECO_2020-03-23,train
O_2020-03-18,train
ZION_2020-03-23,train
TSLA_2019-11-01,train
BMY_2020-03-23,train
KHC_2020-03-12,train
MORN_2020-03-20,train
NNN_2020-03-18,train
ABBV_2020-03-23,train
DOC_2020-03-23,train
ENS_2020-03-18,train
ATI_2020-03-23,train
BIIB_2020-10-28,train
CAT_2020-03-23,train
CPRI_2020-03-18,train
NTAP_2020-03-23,train
STLA_2020-03-20,train
CBT_2020-03-20,train
MA_2020-03-23,train
TECH_2020-03-16,train
WLK_2020-03-16,train
RGA_2020-03-23,train
SBUX_2020-03-18,train
AMGN_2020-03-12,train
CVS_2020-03-16,train
FCX_2020-03-18,train
HSBC_2020-09-25,train
ONB_2020-05-13,train
PBF_2020-10-28,train
PG_2020-03-23,train
THG_2020-03-23,train
BIDU_2020-03-18,train
BXP_2020-10-28,train
RJF_2020-03-23,train
TM_2020-03-16,train
EGP_2020-03-16,train
OSK_2020-03-23,train
DELL_2020-03-18,train
CI_2020-03-23,train
LHX_2020-03-23,train
BDC_2020-05-15,train
OMC_2020-10-29,train
CNC_2020-03-23,train
GEN_2019-11-21,train
LNTH_2020-03-18,train
MUR_2020-03-18,train
RL_2020-04-03,train
VTRS_2020-03-12,train
PCG_2020-03-20,train
FCFS_2020-10-30,train
SCHW_2020-03-12,train
BKH_2020-03-18,train
REGN_2020-01-30,train
DPZ_2020-02-03,train
UNH_2020-03-23,train
WAB_2020-03-20,train
ELAN_2020-03-18,train
DAR_2020-03-18,train
DINO_2020-10-28,train
RVTY_2020-03-16,train
JAZZ_2020-03-23,train
PEN_2020-03-23,train
CME_2020-03-23,train
EQR_2020-10-28,train
TTD_2020-03-18,train
AZO_2020-03-23,train
CMCSA_2020-04-01,train
ORLY_2020-03-23,train
DG_2020-03-16,train
ES_2020-03-23,train
GWRE_2020-04-02,train
NSC_2020-03-23,train
HUM_2020-03-23,train
IP_2020-03-23,train
PNR_2020-03-23,train
AWK_2020-03-23,train
HQY_2020-03-18,train
NTNX_2020-03-16,train
NVS_2020-03-23,train
AIT_2020-03-18,train
AM_2020-03-18,train
GWW_2020-03-23,train
H_2020-03-18,train
WEC_2020-03-23,train
ALK_2020-03-20,train
TXNM_2020-03-20,train
EWBC_2020-04-03,train
MTDR_2020-03-18,train
NYT_2020-04-01,train
ST_2020-03-18,train
CBSH_2020-03-23,train
EOG_2020-03-18,train
VALE_2020-03-23,train
HPQ_2020-03-18,train
SE_2020-03-20,train
AVAV_2020-03-12,train
YETI_2020-03-23,train
EQNR_2020-03-18,train
NEU_2020-03-25,train
SNY_2020-03-20,train
CBOE_2020-03-18,train
GE_2020-05-15,train
M_2020-04-01,train
IFF_2020-03-23,train
BDX_2020-03-23,train
HL_2020-03-18,train
LLY_2020-03-23,train
MASI_2020-03-23,train
COP_2020-03-18,train
EHC_2020-03-23,train
ALB_2020-03-23,train
MAT_2020-03-23,train
SNX_2020-03-18,train
KO_2020-03-23,train
POR_2020-09-15,train
BBWI_2020-03-23,train
CCL_2020-04-02,train
EXEL_2020-03-16,train
THO_2020-03-18,train
BYD_2020-03-18,train
KNX_2020-03-12,train
KEYS_2020-03-27,train
MGM_2020-03-18,train
AVGO_2020-03-18,train
KR_2020-01-31,train
PTC_2020-03-20,train
LW_2020-03-18,train
NBIX_2020-03-18,train
NKE_2020-03-23,train
SJM_2020-03-23,train
SLM_2020-04-03,train
AEIS_2020-03-18,train
TXRH_2020-03-18,train
URI_2020-03-18,train
DXCM_2020-03-18,train
ELS_2020-03-18,train
NFLX_2020-03-16,train
PPC_2020-09-24,train
WHR_2020-03-23,train
AMT_2020-03-23,train
FLEX_2020-03-18,train
REXR_2020-03-20,train
UTHR_2020-03-18,train
WDC_2020-03-18,train
WWD_2020-03-23,train
AMP_2020-03-23,train
BLDR_2020-03-18,train
CHTR_2020-03-20,train
CNO_2020-03-23,train
C_2020-03-23,train
HCA_2020-03-18,train
META_2020-03-16,train
WYNN_2020-03-18,train
XYZ_2020-03-20,train
BABA_2020-03-23,train
BURL_2020-03-18,train
JD_2020-03-16,train
MANH_2020-03-18,train
MLI_2020-03-18,train
RMBS_2020-03-16,train
CCK_2020-03-23,train
NOK_2020-03-16,train
PFGC_2020-03-18,train
SMG_2020-03-23,train
SWKS_2020-03-16,train
TER_2020-03-20,train
VOYA_2020-03-23,train
VRSK_2020-03-23,train
COTY_2020-09-29,train
INGR_2020-03-18,train
MAS_2020-03-23,train
WTS_2020-03-23,train
ALLY_2020-03-20,train
BLD_2020-03-16,train
FBIN_2020-03-23,train
HLI_2020-03-25,train
JLL_2020-03-23,train
NLY_2020-04-03,train
PSTG_2020-03-18,train
TMHC_2020-03-18,train
EXPE_2020-03-18,train
HII_2020-09-10,train
JBL_2020-03-20,train
MRNA_2020-02-21,train
VMI_2020-03-16,train
CAH_2020-03-23,train
FE_2020-07-22,train
SAIA_2020-04-02,train
CINF_2020-05-13,train
COHR_2020-03-12,train
CYTK_2020-03-18,train
EXLS_2020-03-20,train
FHI_2020-03-23,train
LPX_2020-04-03,train
SAIC_2020-03-23,train
EIX_2020-03-23,train
GPN_2020-03-23,train
LOW_2020-03-18,train
TMUS_2020-03-18,train
ACGL_2020-05-13,train
FIX_2020-04-21,train
J_2020-03-23,train
LEN_2020-03-23,train
MSFT_2020-03-16,train
RS_2020-03-23,train
AMAT_2020-03-20,train
KLAC_2020-03-20,train
SATS_2020-12-21,train
CRUS_2020-03-18,train
TREX_2020-03-18,train
WSM_2020-03-18,train
EVRG_2020-03-23,train
ROL_2020-03-23,train
SPXC_2020-03-23,train
AXON_2020-03-18,train
FCN_2020-10-29,train
VC_2020-04-03,train
AMKR_2020-03-18,train
EQIX_2020-03-23,train
ETR_2020-03-23,train
XEL_2020-03-23,train
GIS_2020-03-23,train
SFM_2020-03-23,train
OKE_2020-04-01,train
OLN_2020-03-23,train
TRGP_2020-04-01,train
ARWR_2020-04-03,train
ERIE_2020-03-25,train
PK_2020-04-03,train
ON_2020-04-03,train
TGT_2020-03-25,train
TSN_2020-04-03,train
VTR_2020-04-03,train
AAL_2020-05-15,train
BA_2020-05-15,train
BP_2020-10-28,train
CRS_2020-10-28,train
CVLT_2020-05-13,train
DRI_2020-04-02,train
GDDY_2020-04-03,train
GTLS_2020-04-03,train
NCLH_2020-04-02,train
PSKY_2020-04-03,train
RCL_2020-04-03,train
SHEL_2020-10-28,train
TOL_2020-04-02,train
TRMB_2020-04-03,train
TTE_2020-10-28,train
WMB_2020-04-01,train
ALGN_2020-04-02,train
APO_2020-04-01,train
E_2020-10-28,train
GAP_2020-04-02,train
HST_2020-04-03,train
HXL_2020-05-13,train
KMI_2020-11-06,train
NVR_2020-04-03,train
SPG_2020-04-02,train
SYF_2020-04-03,train
TKR_2020-04-03,train
UNM_2020-04-02,train
VICI_2020-04-03,train
WPC_2020-04-03,train
WTFC_2020-04-16,train
BLKB_2020-04-07,train
BX_2020-04-01,train
CAR_2020-04-03,train
CDP_2020-04-01,train
CFG_2020-04-03,train
CNP_2020-04-03,train
CVX_2020-04-01,train
ELF_2020-04-03,train
ELV_2020-04-03,train
EVR_2020-04-01,train
FNB_2020-05-13,train
GM_2020-04-03,train
GPC_2020-04-03,train
G_2020-04-03,train
HPE_2020-10-28,train
HWC_2020-05-13,train
INFY_2020-04-03,train
INTC_2020-10-29,train
KMPR_2020-05-13,train
LEA_2020-04-01,train
LUV_2020-05-15,train
MIDD_2020-04-20,train
MLM_2020-05-13,train
NJR_2020-09-23,train
OLED_2020-04-03,train
OXY_2020-10-28,train
PAYX_2020-04-03,train
PPL_2020-04-03,train
PWR_2020-05-13,train
TXT_2020-05-13,train
VMC_2020-05-13,train
YUM_2020-04-03,train
AVB_2020-04-03,train
LAD_2020-04-03,train
LRCX_2020-04-03,train
NRG_2020-04-03,train
AMG_2020-04-03,train
ASH_2020-04-03,train
AVY_2020-04-03,train
BG_2020-05-06,train
DUK_2020-04-03,train
KRC_2020-10-28,train
LIVN_2020-04-01,train
OLLI_2020-04-03,train
EXP_2020-04-03,train
FTV_2020-04-03,train
SYK_2020-04-03,train
DECK_2020-04-21,train
TPL_2020-09-23,train
FLR_2020-04-07,train
SWK_2020-05-13,train
APTV_2020-04-21,train
ASML_2020-04-13,train
CLF_2020-04-20,train
CMI_2020-04-21,train
CUZ_2020-05-13,train
DKS_2020-04-16,train
EXR_2020-05-15,train
FN_2020-05-15,train
NUE_2020-04-16,train
ODFL_2020-04-21,train
PCAR_2020-04-15,train
ROK_2020-04-16,train
SLB_2020-04-16,train
TSCO_2020-04-09,train
AGCO_2020-04-16,train
AME_2020-04-21,train
ARW_2020-04-21,train
BUD_2020-05-14,train
DD_2020-04-15,train
EQT_2020-06-26,train
GEF_2020-05-13,train
HON_2020-05-13,train
KBH_2020-04-13,train
KDP_2020-04-21,train
PH_2020-04-16,train
ROST_2020-07-14,train
SEIC_2020-04-15,train
XOM_2020-10-28,train
XPO_2020-04-16,train
CACI_2020-07-14,train
CFR_2020-04-16,train
CSX_2020-04-21,train
DTE_2020-05-13,train
ECL_2020-04-21,train
ETN_2020-05-15,train
EXPD_2020-04-15,train
FFIV_2020-09-21,train
FTNT_2020-04-23,train
GS_2020-05-13,train
HOLX_2020-04-13,train
ITW_2020-04-21,train
LH_2020-04-16,train
MAR_2020-05-13,train
MO_2020-05-07,train
MSM_2020-04-21,train
MTG_2020-04-21,train
PEG_2020-05-13,train
PII_2020-04-13,train
PLD_2020-05-13,train
PRU_2020-05-13,train
RTX_2020-10-28,train
RYN_2020-05-15,train
TAP_2020-09-25,train
UDR_2020-10-28,train
VNO_2020-10-29,train
WBS_2020-05-13,train
WY_2020-05-13,train
ZBH_2020-04-13,train
AMCR_2020-04-23,train
ASB_2020-04-16,train
BBY_2020-04-15,train
BK_2020-05-15,train
COLM_2020-05-13,train
CPAY_2020-04-21,train
CPT_2020-04-21,train
CTSH_2020-05-13,train
EME_2020-05-13,train
ESS_2020-10-28,train
EXC_2020-05-06,train
FNF_2020-05-13,train
FRT_2020-04-22,train
FR_2020-05-13,train
GBCI_2020-09-23,train
HOMB_2020-04-16,train
JCI_2020-05-13,train
MTB_2020-05-15,train
NWE_2020-09-23,train
PFG_2020-04-21,train
PNFP_2020-05-13,train
REG_2020-11-06,train
R_2020-04-22,train
SON_2020-05-13,train
SR_2020-09-23,train
TEX_2020-05-13,train
UFPI_2020-04-21,train
UGI_2020-04-16,train
WFC_2020-10-29,train
WTW_2020-04-28,train
XRAY_2020-05-12,train
EBAY_2020-04-15,train
ADBE_2020-04-21,train
AMZN_2020-05-01,train
AON_2020-04-29,train
CSCO_2020-10-29,train
MSCI_2020-06-11,train
POST_2020-09-23,train
VLO_2020-10-28,train
BWA_2020-04-21,train
HSY_2020-06-26,train
MAA_2020-04-23,train
NDSN_2020-04-21,train
TNL_2020-04-21,train
IDA_2020-09-24,train
SLGN_2020-06-23,train
TKO_2020-10-30,train
ADSK_2020-04-21,train
ARE_2020-05-14,train
FAF_2020-04-21,train
HLT_2020-05-13,train
IBKR_2020-05-13,train
IBM_2020-10-28,train
ACM_2020-05-13,train
BLK_2020-05-12,train
FDX_2020-05-15,train
MS_2020-05-13,train
STZ_2020-04-23,train
TSM_2020-05-15,train
BKR_2020-05-06,train
CBRE_2020-05-13,train
CMG_2020-05-06,train
DHR_2020-05-21,train
FDS_2020-05-06,train
FIVE_2020-04-24,train
CHRD_2020-11-09,train
CXT_2020-05-13,train
FANG_2020-10-28,train
ORCL_2020-06-11,train
ERIC_2020-05-14,train
ILMN_2020-09-22,train
IT_2020-05-13,train
KEX_2020-09-29,train
LOPE_2020-11-03,train
PFE_2020-06-26,train
TEL_2020-05-13,train
WCC_2020-05-13,train
CGNX_2020-05-01,train
FAST_2020-05-01,train
GHC_2020-05-13,train
ITT_2020-05-13,train
LFUS_2020-05-13,train
MCD_2020-05-13,train
MMM_2020-05-14,train
NFG_2020-05-06,train
OZK_2020-05-13,train
POOL_2020-04-30,train
SNA_2020-05-06,train
TTMI_2020-05-15,train
UBSI_2020-09-23,train
BAC_2020-05-13,train
CHDN_2020-05-01,train
CPRT_2020-05-04,train
F_2020-05-13,train
HWM_2020-05-13,train
IDXX_2020-05-01,train
ROP_2020-05-01,train
ACN_2020-05-04,train
ADM_2020-05-13,train
ALLE_2020-05-15,train
APD_2020-05-01,train
APH_2020-05-13,train
BKNG_2020-05-13,train
DE_2020-05-13,train
DIS_2020-05-06,train
FITB_2020-05-13,train
FLG_2020-11-04,train
HSIC_2020-05-13,train
OC_2020-05-13,train
PKG_2020-05-13,train
TTEK_2020-05-13,train
TYL_2020-05-04,train
WBD_2020-05-13,train
WDAY_2020-05-01,train
AIG_2020-05-06,train
CELH_2020-05-07,train
GLPI_2020-05-06,train
GOOG_2020-05-04,train
UNP_2020-05-15,train
OVV_2020-05-06,train
TJX_2020-05-13,train
ULTA_2020-06-26,train
SPGI_2020-05-06,train
SSD_2020-05-13,train
CHH_2020-05-13,train
ENTG_2020-05-07,train
EW_2020-06-26,train
HIG_2020-05-13,train
IPGP_2020-05-13,train
MSA_2020-06-24,train
RRX_2020-05-13,train
WAL_2020-05-13,train
CSGP_2020-05-13,train
SLAB_2020-05-15,train
GOOGL_2020-05-13,train
MOH_2020-09-23,train
AXP_2020-05-13,train
CG_2020-05-15,train
PEGA_2020-05-14,train
QCOM_2020-05-15,train
EPAM_2020-05-14,train
FSLR_2020-05-15,train
HLNE_2020-09-24,train
MNST_2020-05-14,train
SMCI_2020-10-28,train
DEO_2020-09-23,train
DVN_2020-10-28,train
RGEN_2020-06-24,train
LVS_2020-06-26,train
ANF_2020-07-20,train
FOXA_2020-07-09,train
A_2020-05-21,train
FOX_2020-07-09,train
INVH_2020-05-20,train
TCBI_2020-07-20,train
AMD_2020-06-26,train
MDLZ_2020-05-21,train
OPCH_2020-09-11,train
LIN_2020-05-22,train
STX_2020-07-29,train
DY_2020-06-11,train
CRM_2020-06-04,train
MRSH_2020-06-19,train
WRB_2020-06-26,train
DOV_2020-06-24,train
DOW_2020-06-24,train
GPK_2020-06-26,train
HMC_2020-09-24,train
ING_2020-05-29,train
SAP_2020-11-02,train
AOS_2020-06-26,train
CCI_2021-03-08,train
DLB_2020-05-29,train
GLW_2020-06-01,train
LVMUY_2020-06-11,train
MTD_2020-06-11,train
PRI_2020-07-09,train
SF_2020-06-26,train
SIGI_2020-09-23,train
SSB_2020-07-09,train
TRV_2020-05-29,train
COO_2020-06-29,train
COST_2020-06-26,train
SO_2020-06-26,train
TTC_2020-06-24,train
INTU_2020-06-11,train
LII_2020-06-11,train
SBAC_2021-03-04,train
BEN_2020-10-28,train
CNH_2020-06-11,train
DBX_2020-11-02,train
ITUB_2020-09-29,train
RSG_2020-06-24,train
TXN_2020-06-26,train
WIT_2020-06-11,train
BBVA_2020-09-23,train
BCO_2020-07-24,train
IRM_2020-06-25,train
IVZ_2020-08-04,train
LRLCY_2020-06-11,train
MCHP_2020-06-11,train
PCTY_2020-06-11,train
SAN_2020-09-23,train
WMS_2020-06-11,train
CHRW_2020-06-26,train
STRL_2020-07-09,train
UMBF_2020-07-09,train
AFL_2020-07-09,train
AMH_2020-07-13,train
CDNS_2020-06-11,train
GGG_2020-06-24,train
MZTI_2020-06-26,train
NOVT_2020-09-11,validation
ALL_2020-07-09,validation
GATX_2020-06-26,validation
TTWO_2020-06-12,validation
ARMK_2020-07-09,validation
MKSI_2020-06-11,validation
MTCH_2020-06-11,validation
MTN_2020-06-26,validation
SHW_2020-06-11,validation
V_2020-10-28,validation
WEX_2020-10-29,validation
NXPI_2020-06-26,validation
SRE_2020-06-26,validation
TDY_2020-07-09,validation
HRB_2020-07-09,validation
KTOS_2020-07-09,validation
TDG_2020-07-09,validation
AES_2020-06-19,validation
MET_2020-06-26,validation
AIZ_2020-07-09,validation
NXST_2020-07-09,validation
HD_2020-06-26,validation
AXTA_2020-06-26,validation
BSX_2020-11-30,validation
FTI_2020-10-28,validation
LSCC_2020-09-23,validation
SBRA_2020-06-24,validation
GNTX_2020-07-09,validation
RBC_2020-09-23,validation
STE_2020-06-26,validation
CIEN_2020-10-28,validation
EL_2020-06-26,validation
PINS_2020-06-26,validation
ABT_2020-06-29,validation
KIM_2020-10-28,validation
FICO_2020-10-28,validation
BRX_2020-10-28,validation
CMC_2020-11-04,validation
MU_2020-08-21,validation
KEY_2020-07-09,validation
MPWR_2020-09-11,validation
MTZ_2020-07-09,validation
PAYC_2020-09-11,validation
HALO_2020-09-24,validation
MCO_2020-10-28,validation
NVDA_2020-07-06,validation
NVT_2020-09-23,validation
RMD_2020-10-02,validation
DAL_2020-07-30,validation
DVA_2020-07-13,validation
NDAQ_2020-09-23,validation
CUBE_2020-07-13,validation
MCK_2020-07-09,validation
UAL_2020-07-09,validation
DOCU_2021-05-13,validation
OKTA_2020-09-16,validation
FND_2020-07-13,validation
CVNA_2020-07-13,validation
JEF_2020-07-31,validation
MTSI_2020-09-08,validation
WELL_2020-07-20,validation
SW_2020-07-15,validation
GRMN_2020-09-24,validation
PSX_2020-10-28,validation
PNC_2020-09-23,validation
WAT_2020-09-24,validation
UBER_2020-08-19,validation
COR_2020-09-11,validation
FHN_2020-09-24,validation
EQH_2020-09-21,validation
ICE_2020-07-28,validation
PSN_2020-10-28,validation
DGX_2020-09-09,validation
AN_2020-07-31,validation
AVTR_2020-07-28,validation
IR_2020-07-28,validation
PHM_2020-11-09,validation
RLI_2020-09-23,validation
USB_2020-09-23,validation
EXPO_2020-10-30,validation
LNT_2021-02-26,validation
PM_2020-10-28,validation
TROW_2020-09-23,validation
WTRG_2020-09-23,validation
AVNT_2020-07-31,validation
ENSG_2020-07-31,validation
HBAN_2020-09-24,validation
UPS_2020-07-29,validation
CTAS_2020-08-03,validation
GD_2020-10-29,validation
RF_2020-08-04,validation
STLD_2020-07-31,validation
THC_2020-09-23,validation
UHS_2020-09-23,validation
EEFT_2020-09-25,validation
EFX_2020-10-30,validation
IEX_2020-07-31,validation
LYV_2020-08-03,validation
L_2020-10-28,validation
TMO_2020-09-08,validation
WH_2020-08-03,validation
CTVA_2020-08-07,validation
LDOS_2020-10-28,validation
WST_2021-03-04,validation
CNX_2020-11-06,validation
CF_2020-10-28,validation
CROX_2020-08-06,validation
GMED_2020-09-24,validation
VFC_2020-08-06,validation
CLH_2020-10-30,validation
CW_2020-10-28,validation
NTRS_2020-09-24,validation
KKR_2020-09-24,validation
BRKR_2020-09-24,validation
STWD_2020-10-28,validation
BRK-B_2020-10-28,validation
CB_2020-09-23,validation
NSA_2020-08-19,validation
OGE_2020-09-21,validation
VLY_2020-09-23,validation
VVV_2020-10-28,validation
ADI_2020-09-23,validation
JNJ_2020-10-30,validation
SGI_2020-09-04,validation
ZTS_2021-03-04,validation
GSK_2020-10-30,validation
KBR_2020-09-24,validation
LULU_2021-03-04,validation
NWSA_2020-10-28,validation
NWS_2020-10-28,validation
COKE_2020-11-02,validation
MMS_2020-10-28,validation
PODD_2020-09-08,validation
RHHBY_2020-10-30,validation
GILD_2020-12-30,validation
CRWD_2020-08-19,validation
ZBRA_2020-09-21,validation
ARES_2020-09-08,validation
MUSA_2020-11-02,validation
USFD_2020-10-30,validation
CHWY_2020-09-14,validation
SYNA_2020-11-02,validation
QLYS_2020-10-30,validation
ADP_2020-09-23,validation
DHI_2020-11-09,validation
PSA_2020-08-27,validation
WING_2020-10-30,validation
ESNT_2020-09-24,validation
WM_2020-10-28,validation
CSL_2020-09-23,validation
IQV_2020-09-24,validation
RH_2020-09-08,validation
SNPS_2020-09-23,validation
GME_2020-09-11,validation
STAG_2020-09-24,validation
NVO_2020-10-30,validation
EPR_2020-10-16,validation
TWLO_2020-09-17,validation
AR_2020-09-10,validation
AVT_2020-10-29,validation
BJ_2020-12-28,validation
JBHT_2020-10-30,validation
WSO_2020-12-10,validation
BR_2020-09-24,validation
TRU_2020-10-29,validation
COF_2020-09-24,validation
NOV_2020-10-28,validation
RRC_2020-11-04,validation
SYY_2020-10-28,validation
VNOM_2020-10-28,validation
CTRA_2021-08-20,validation
FLS_2020-09-25,validation
PVH_2020-10-30,validation
TPR_2020-09-29,validation
AA_2020-10-01,validation
AYI_2020-10-30,validation
BC_2020-09-21,validation
JPM_2020-09-24,validation
LSTR_2020-11-02,validation
XYL_2020-09-24,validation
ANET_2020-09-21,validation
ASGN_2020-09-23,validation
CDW_2020-09-21,validation
SONY_2020-10-16,validation
TFC_2020-09-23,validation
BRO_2021-02-01,validation
DCI_2020-09-23,validation
HUBB_2020-09-23,validation
AFG_2020-09-23,validation
APA_2020-10-28,validation
HAL_2020-10-01,validation
LYB_2020-10-01,validation
MOS_2020-11-04,validation
PR_2020-10-28,validation
PYPL_2020-09-18,validation
AJG_2020-09-23,validation
CRL_2020-09-24,validation
IRT_2020-09-23,validation
NOW_2021-05-17,validation
GNRC_2020-09-24,validation
ALV_2020-09-25,validation
BHF_2020-09-29,validation
LAMR_2020-10-28,validation
TT_2020-09-29,validation
GT_2020-10-30,validation
BIO_2020-10-02,validation
NOC_2021-01-29,validation
DT_2020-11-10,validation
MSI_2020-10-30,validation
SCI_2020-10-19,validation
HAE_2021-05-13,validation
PDD_2021-08-19,validation
MPC_2020-10-28,validation
PANW_2020-10-30,validation
KRG_2020-11-06,validation
HR_2020-10-28,validation
PLNT_2020-10-28,validation
VWAGY_2020-10-28,validation
AAPL_2020-11-02,validation
AZN_2021-03-03,validation
ISRG_2020-10-30,validation
PPG_2020-10-28,validation
STT_2020-10-28,validation
ORI_2020-10-27,validation
RBA_2021-03-04,validation
FFIN_2020-11-04,validation
MEDP_2020-10-27,validation
EG_2020-10-28,validation
EMR_2020-10-29,validation
JHG_2020-10-30,validation
PB_2020-10-28,validation
DLR_2021-03-03,validation
MRK_2021-03-04,validation
PAG_2020-10-30,validation
COLB_2020-11-06,validation
DLTR_2021-09-24,validation
IBOC_2020-11-04,validation
LECO_2020-11-04,validation
ZION_2020-11-04,validation
KNSL_2021-05-12,validation
TSLA_2020-11-16,validation
MORN_2020-11-25,validation
NNN_2020-11-04,validation
NSRGY_2021-02-26,validation
O_2020-11-06,validation
PEP_2021-03-03,validation
ABBV_2020-11-06,validation
LITE_2021-05-13,validation
ATI_2020-11-06,validation
CAT_2020-11-06,validation
CPRI_2020-11-06,validation
NTAP_2020-11-06,validation
STLA_2020-11-06,validation
VST_2021-05-17,validation
CBT_2020-11-12,validation
TECH_2020-11-27,validation
WLK_2020-11-12,validation
CVS_2020-11-19,validation
FCX_2020-11-12,validation
PBF_2020-11-12,validation
BXP_2020-11-12,validation
RJF_2020-11-12,validation
TM_2020-11-30,validation
EGP_2020-12-11,validation
OSK_2020-11-13,validation
DELL_2020-11-16,validation
LHX_2021-01-29,validation
BDC_2020-11-18,validation
CNC_2021-02-19,validation
VRSN_2021-03-12,validation
AAON_2021-07-27,validation
GEN_2020-11-27,validation
LNTH_2020-11-23,validation
MUR_2020-12-01,validation
RL_2020-11-23,validation
NVST_2020-11-25,validation
PCG_2021-08-05,validation
DDOG_2021-05-06,validation
SCHW_2020-11-30,validation
REGN_2021-03-03,validation
DPZ_2021-03-05,validation
UNH_2021-02-08,validation
DAR_2020-12-02,validation
DINO_2020-12-22,validation
RVTY_2021-03-10,validation
PEN_2020-12-16,validation
CME_2020-12-14,validation
EQR_2020-12-23,validation
TTD_2021-05-10,validation
AZO_2020-12-08,validation
ORLY_2021-01-29,validation
PNR_2020-12-14,validation
AWK_2021-03-03,validation
ED_2021-02-26,validation
NEE_2021-03-05,validation
PG_2021-03-04,validation
AIT_2021-01-29,validation
AM_2021-01-04,validation
GWW_2021-01-29,validation
CHD_2021-03-04,validation
NI_2021-01-27,validation
EWBC_2020-12-22,validation
MTDR_2020-12-22,validation
H_2021-01-29,validation
CHE_2021-10-11,validation
DOC_2021-01-07,validation
FCFS_2021-01-27,validation
EOG_2020-12-29,validation
FLO_2021-02-26,validation
BRBR_2021-11-30,validation
DG_2021-03-04,validation
HPQ_2021-01-04,validation
RPM_2021-09-30,validation
AEE_2021-02-26,validation
ONTO_2021-01-06,validation
WAB_2021-02-18,validation
EQNR_2021-01-29,validation
HSBC_2021-09-21,validation
OMC_2021-01-29,validation
PGR_2021-02-16,validation
VALE_2021-11-18,validation
CBOE_2021-02-11,validation
M_2021-01-21,validation
IFF_2021-01-27,validation
LLY_2021-03-24,validation
COP_2021-01-29,validation
ALB_2021-03-08,validation
SNX_2021-01-29,validation
VRTX_2021-10-05,validation
KO_2021-01-29,validation
POR_2021-03-02,validation
BBWI_2021-01-27,validation
KNX_2021-01-29,validation
BYD_2021-01-29,validation
KEYS_2021-03-08,validation
MGM_2021-01-27,validation
AVGO_2021-03-08,validation
HQY_2021-12-20,validation
KR_2021-02-26,validation
SLM_2021-02-01,validation
DXCM_2021-05-13,validation
ELS_2021-03-04,validation
PPC_2021-07-19,validation
URI_2021-02-03,validation
MKC_2021-10-12,validation
REXR_2021-03-04,validation
AMP_2021-02-08,validation
BLDR_2021-02-18,validation
HCA_2021-02-26,validation
CCL_2021-12-01,validation
MLI_2021-02-18,validation
RMBS_2021-05-12,validation
ATO_2021-02-26,validation
HOG_2021-03-24,validation
LW_2021-12-01,validation
NOK_2021-03-04,validation
PFGC_2021-12-01,validation
SE_2022-01-27,validation
VOYA_2021-02-12,validation
MAT_2021-10-04,validation
COTY_2021-02-18,validation
HLI_2021-02-26,validation
JLL_2021-02-18,validation
PSTG_2021-05-12,validation
TMHC_2021-07-19,validation
ALK_2021-12-01,validation
BLD_2021-06-18,validation
CCK_2021-02-26,validation
EXPE_2021-08-20,validation
JBL_2021-03-04,validation
FE_2021-03-02,validation
SAIA_2021-07-19,validation
WTS_2021-02-26,validation
BILL_2021-05-06,validation
CINF_2021-02-26,validation
COHR_2021-10-06,validation
CYTK_2021-07-14,validation
EXLS_2021-02-23,validation
LPX_2021-02-23,validation
RGLD_2021-10-11,validation
LOW_2021-03-04,validation
ACGL_2021-02-25,validation
FIX_2021-02-26,validation
NEM_2021-02-26,validation
MRNA_2021-03-30,validation
OGS_2021-09-28,validation
XYZ_2022-02-23,validation
AVAV_2022-01-28,validation
LMT_2021-11-02,validation
MSFT_2021-03-04,validation
RS_2021-03-04,validation
EXEL_2021-12-03,validation
HL_2022-01-27,validation
BMY_2021-11-30,validation
BWXT_2022-02-22,validation
BABA_2022-03-15,validation
BIDU_2022-03-15,validation
JAZZ_2021-11-30,validation
JD_2022-03-14,validation
AMKR_2021-05-12,validation
HIMS_2022-03-14,validation
SFM_2021-10-27,validation
NBIX_2022-01-27,validation
OKE_2021-03-24,validation
OLN_2021-03-24,validation
TRGP_2021-04-09,validation
ON_2021-07-19,validation
VTR_2021-12-01,validation
AAL_2022-03-07,validation
BP_2021-07-19,validation
CRS_2021-11-30,validation
GTLS_2022-02-23,validation
JKHY_2021-12-01,validation
PSKY_2022-02-22,validation
SHEL_2021-07-19,validation
TTE_2021-07-20,validation
WMB_2021-04-22,validation
APO_2021-04-08,validation
EIX_2021-06-23,validation
E_2021-07-19,validation
KLAC_2021-05-12,validation
NCLH_2022-03-07,validation
UNM_2021-12-01,validation
WTFC_2021-07-22,validation
BX_2021-03-31,validation
CAR_2021-07-19,validation
CNP_2021-03-31,validation
CVX_2021-08-19,validation
ELV_2021-04-07,validation
HPE_2021-09-21,validation
HST_2021-08-19,validation
HWC_2021-07-19,validation
INFY_2021-04-14,validation
NJR_2021-09-24,validation
OLED_2022-02-23,validation
ORA_2022-02-23,validation
OXY_2021-08-20,validation
PAYX_2021-04-07,validation
PWR_2021-07-19,validation
TXT_2021-03-31,validation
AVB_2021-04-08,validation
VRSK_2021-06-07,validation
BG_2021-07-16,validation
RCL_2022-03-07,validation
HRL_2021-09-23,validation
TSN_2021-08-05,validation
GDDY_2021-11-23,validation
HGV_2021-08-19,validation
OLLI_2022-03-14,validation
SWX_2021-06-18,validation
TMUS_2022-01-21,validation
TPL_2022-02-22,validation
AEP_2021-12-01,validation
CI_2021-11-30,validation
FLR_2021-09-21,validation
PNW_2021-11-09,validation
CAH_2021-12-01,validation
CLF_2022-01-27,validation
DKS_2021-04-14,validation
EXR_2021-04-14,validation
FN_2021-05-12,validation
NUE_2021-04-22,validation
SLB_2021-04-20,validation
TSCO_2021-06-18,validation
EQT_2021-08-20,validation
INCY_2021-11-22,validation
XOM_2021-08-19,validation
CFR_2021-07-19,validation
FTNT_2021-04-29,validation
MO_2021-11-30,validation
PLD_2021-04-14,validation
RTX_2021-04-20,validation
UDR_2021-04-14,validation
CPT_2021-04-15,validation
CTSH_2021-07-19,validation
EXC_2021-05-12,validation
FR_2021-04-15,validation
RYN_2021-06-18,validation
MAR_2021-08-18,validation
AON_2021-07-19,validation
ASH_2021-08-19,validation
EHC_2021-12-01,validation
VLO_2021-08-20,validation
AGCO_2021-12-20,validation
HSY_2021-04-27,validation
KMI_2021-12-20,validation
MAA_2021-05-05,validation
SR_2021-12-01,validation
BURL_2022-03-07,validation
CPAY_2021-12-01,validation
KHC_2021-12-01,validation
PFG_2021-07-19,validation
TAP_2021-10-26,validation
WY_2021-07-19,validation
BKH_2021-09-28,validation
DTE_2021-11-30,validation
ESS_2021-05-05,validation
GIS_2021-09-07,validation
HLT_2021-07-19,validation
MTB_2021-07-22,validation
NRG_2021-05-28,validation
PRU_2021-04-22,validation
TGT_2022-02-23,validation
ACM_2021-07-19,validation
LUV_2022-03-07,validation
TKO_2021-08-19,validation
BKR_2021-07-19,validation
FDS_2021-05-18,validation
CHRD_2021-05-14,validation
FANG_2021-08-19,validation
IT_2021-04-30,validation
KEX_2021-09-30,validation
LOPE_2021-12-01,validation
PFE_2021-04-29,validation
WCC_2021-05-03,validation
NFG_2021-04-30,validation
ADM_2021-07-22,validation
AIG_2021-07-08,validation
CELH_2022-01-27,validation
F_2021-05-12,validation
WDC_2022-03-14,validation
HWM_2021-12-01,validation
OVV_2021-08-19,validation
PKG_2021-12-10,validation
ULTA_2021-05-12,validation
POST_2021-12-01,validation
CPB_2021-10-27,validation
EPAM_2022-03-07,validation
SMCI_2021-07-13,validation
DVN_2021-07-19,validation
R_2022-04-11,validation
HOLX_2021-06-08,validation
RGA_2021-12-01,validation
OPCH_2021-06-02,validation
MOH_2021-06-18,validation
T_2021-12-15,validation
UTHR_2022-03-01,validation
DY_2021-07-19,validation
WRB_2021-09-14,validation
DOW_2021-12-01,validation
AMGN_2021-11-30,validation
APPF_2022-05-11,validation
GPK_2021-07-19,validation
ING_2022-03-07,validation
UGI_2022-03-11,validation
SO_2021-06-29,validation
AMD_2021-06-09,validation
BKNG_2022-03-07,validation
BLKB_2022-05-10,validation
ITUB_2021-12-20,validation
IRM_2021-06-29,validation
ELF_2022-05-24,validation
SSB_2021-09-20,validation
WEX_2021-12-01,validation
HRB_2022-01-21,validation
FCN_2021-09-28,validation
MNST_2022-03-08,validation
BAH_2022-02-23,validation
HUM_2022-01-07,validation
SRE_2021-12-01,validation
ARWR_2022-06-16,validation
HALO_2021-12-09,validation
MCK_2021-07-19,validation
RBC_2022-05-11,validation
PSX_2021-09-20,validation
BA_2022-06-13,validation
UAL_2022-03-07,validation
WSM_2022-05-24,validation
CVNA_2022-07-14,validation
DECK_2022-05-19,validation
FICO_2022-05-09,validation
LSCC_2022-05-09,validation
NFLX_2022-05-11,validation
NXST_2021-08-19,validation
OKTA_2022-05-18,validation
SPXC_2022-04-29,validation
FHN_2021-09-21,validation
LVS_2022-05-12,validation
RGEN_2022-06-13,validation
VC_2022-04-26,validation
NOVT_2022-06-16,validation
PSN_2022-01-28,validation
SBRA_2022-05-02,validation
UFPI_2022-06-17,validation
WMS_2022-06-17,validation
CDNS_2022-02-18,validation
CSGP_2022-03-07,validation
LEN_2022-06-16,validation
VICI_2021-12-01,validation
ASML_2022-07-06,validation
CMC_2021-09-20,validation
FSLR_2022-05-12,validation
FTI_2021-12-01,validation
GEF_2022-03-01,validation
PCTY_2022-06-16,validation
ROL_2022-01-27,validation
SAM_2022-06-16,validation
TYL_2022-06-16,validation
ADC_2022-02-10,validation
ADSK_2022-06-16,validation
AMZN_2022-06-14,validation
AXON_2022-05-11,validation
CHRW_2021-10-01,validation
COST_2022-05-20,validation
FND_2022-06-16,validation
GPC_2021-09-10,validation
MTSI_2022-07-05,validation
NLY_2022-06-16,validation
ODFL_2022-06-17,validation
ROK_2022-06-17,validation
VMI_2022-01-27,validation
XPO_2022-06-22,validation
AEIS_2022-06-16,validation
LII_2022-06-16,validation
STLD_2022-01-21,validation
TREX_2022-06-16,validation
ERIE_2022-04-29,validation
MPWR_2022-01-27,validation
UBER_2022-06-30,validation
CMG_2022-06-14,validation
CTVA_2021-08-05,validation
INTU_2022-05-18,validation
LEA_2022-06-16,validation
LRCX_2022-07-05,validation
MANH_2022-06-16,validation
MASI_2022-04-29,validation
MCHP_2022-07-05,validation
MSCI_2022-05-09,validation
NVDA_2022-07-01,validation
OHI_2022-05-02,validation
PAYC_2022-06-16,validation
PINS_2022-06-14,validation
THC_2022-07-06,validation
YETI_2022-05-24,validation
BMRN_2022-06-14,validation
CNX_2021-08-20,validation
HII_2021-12-01,validation
TTMI_2022-02-10,validation
WBD_2022-06-29,validation
CF_2021-08-19,validation
CROX_2022-06-17,validation
DOCU_2022-06-16,validation
HXL_2021-12-16,validation
CLH_2022-06-16,validation
AES_2022-06-14,validation
FLEX_2022-07-14,validation
NDAQ_2022-05-18,validation
SYF_2022-06-30,validation
TEX_2022-06-30,validation
TXRH_2022-05-24,validation
COR_2021-08-26,validation
GTM_2022-06-13,validation
IR_2022-07-14,validation
JEF_2022-06-16,validation
MTG_2022-06-16,validation
RRX_2022-06-17,validation
THO_2022-05-24,validation
TKR_2022-06-23,validation
ARE_2022-06-16,validation
AVY_2022-06-16,validation
CIEN_2022-06-16,validation
CUBE_2022-06-14,validation
CW_2021-09-10,validation
DIS_2022-07-14,validation
EFX_2022-06-16,validation
FOUR_2022-06-16,validation
GAP_2022-06-30,validation
GE_2022-07-14,validation
KBH_2022-06-17,validation
OGE_2021-09-28,validation
PH_2022-06-17,validation
TDG_2022-06-16,validation
WYNN_2022-06-23,validation
NTNX_2022-06-14,validation
SGI_2022-06-16,validation
WDAY_2022-06-22,validation
ANF_2022-07-14,validation
AN_2022-04-06,validation
BBY_2022-06-30,validation
BLK_2022-06-17,validation
FIVE_2022-07-01,validation
KBR_2021-08-20,validation
ROST_2022-06-30,validation
TCBI_2022-06-16,validation
TTWO_2022-05-10,validation
UBSI_2021-09-21,validation
COKE_2021-09-21,validation
ENSG_2021-10-27,validation
GD_2021-11-30,validation
PODD_2022-05-11,validation
ARMK_2022-06-16,validation
CRWD_2022-05-11,validation
ARES_2022-06-16,validation
MUSA_2021-09-14,validation
CHWY_2022-05-24,validation
DE_2022-07-06,validation
GM_2022-07-11,validation
MZTI_2022-06-06,validation
QLYS_2021-10-04,validation
WING_2022-05-24,validation
CSL_2021-09-14,validation
GME_2022-03-14,validation
LULU_2022-05-24,validation
AR_2021-12-01,validation
BJ_2022-05-20,validation
IBKR_2022-05-09,validation
SNPS_2022-05-11,validation
RH_2022-06-30,validation
SLGN_2021-10-01,validation
NOV_2021-12-01,validation
RRC_2022-01-21,validation
VNOM_2021-09-14,validation
CTRA_2021-09-21,validation
SBUX_2022-05-11,validation
ANET_2021-09-30,validation
HUBB_2022-06-17,validation
XYL_2022-06-17,validation
APA_2021-09-21,validation
HAL_2021-09-21,validation
MOS_2021-09-21,validation
PR_2022-07-14,validation
PYPL_2022-07-14,validation
BIIB_2022-05-09,validation
NOC_2021-12-01,validation
GL_2021-12-01,validation
HAE_2022-01-27,validation
PDD_2022-03-14,validation
EME_2022-06-17,validation
MPC_2021-11-19,validation
ONB_2022-06-16,validation
ALL_2021-12-01,validation
BHF_2022-07-14,validation
TTC_2022-06-21,validation
FNB_2022-06-16,validation
ASB_2022-07-14,validation
BBVA_2022-07-14,validation
DVA_2022-06-21,validation
ILMN_2022-07-14,validation
ISRG_2022-10-14,validation
MEDP_2022-04-27,validation
CASY_2022-03-08,validation
SAIC_2022-02-23,validation
TJX_2022-05-11,validation
CMI_2022-06-23,validation
CNO_2022-07-14,validation
EG_2022-09-26,validation
GILD_2022-03-10,validation
MET_2021-12-01,validation
RBA_2022-02-23,validation
RLI_2022-02-17,validation
SIGI_2021-12-01,validation
STRL_2022-09-27,validation
TT_2022-06-17,validation
UHS_2022-09-27,validation
WBS_2022-07-14,validation
DRI_2022-06-16,validation
EVR_2022-09-27,validation
PRI_2022-06-16,validation
SYY_2021-12-01,validation
HBAN_2022-06-16,validation
MRK_2021-12-07,validation
SPG_2022-09-26,validation
DLTR_2021-11-04,validation
RNR_2022-08-02,validation
BRKR_2022-09-26,validation
JCI_2022-07-14,validation
KNSL_2022-01-27,validation
APG_2022-09-30,validation
GBCI_2022-05-11,validation
IBOC_2022-06-10,validation
KMPR_2022-09-30,validation
MTZ_2022-10-10,validation
ABBV_2021-11-30,validation
GS_2022-06-17,validation
IEX_2022-06-17,validation
MSI_2022-06-16,validation
AJG_2022-01-27,validation
AMAT_2022-10-17,validation
APD_2022-03-14,validation
ATI_2021-12-01,validation
CAT_2022-09-27,validation
CNH_2022-07-14,validation
DD_2022-09-26,validation
FHI_2022-05-02,validation
LDOS_2021-12-20,validation
SMG_2022-10-11,validation
VTRS_2022-09-27,validation
CBT_2021-12-01,validation
AA_2022-09-30,validation
ADP_2022-02-23,validation
AFL_2021-12-01,validation
ALV_2022-06-16,validation
AME_2022-06-17,validation
AMG_2022-09-30,validation
APTV_2022-09-30,validation
AYI_2022-06-23,validation
A_2022-06-17,validation
BWA_2022-09-30,validation
COLB_2022-06-16,validation
CPRI_2022-05-11,validation
CRL_2022-09-27,validation
CVLT_2022-09-15,validation
DCI_2022-06-17,validation
DHI_2022-06-17,validation
ENS_2022-07-14,validation
ETN_2022-07-14,validation
FLS_2022-09-30,validation
IVZ_2022-09-30,validation
JHG_2022-10-11,validation
JPM_2022-10-11,validation
KKR_2022-09-30,validation
KRG_2022-09-29,validation
MTD_2022-09-30,validation
NVT_2022-07-14,validation
OZK_2022-06-16,validation
PAG_2022-02-23,validation
PTC_2022-04-27,validation
SAP_2022-09-27,validation
STT_2022-07-14,validation
SW_2022-10-07,validation
TER_2022-10-14,validation
TTEK_2022-06-16,validation
CARR_2022-10-20,validation
CHTR_2022-09-30,validation
COO_2022-10-14,validation
EMR_2022-09-27,validation
EQIX_2022-10-14,validation
FCX_2022-07-14,validation
GMED_2022-06-16,validation
HLNE_2022-10-20,validation
IDXX_2022-10-14,validation
IQV_2022-10-12,validation
LAD_2022-10-20,validation
LVMUY_2022-06-16,validation
MCO_2022-10-14,validation
MP_2022-09-29,validation
NYT_2022-06-30,validation
PBF_2021-12-16,validation
PCAR_2022-07-14,validation
PVH_2022-09-30,validation
SEIC_2022-10-20,validation
SONY_2022-10-12,validation
TPR_2022-05-11,validation
TROW_2022-10-12,validation
WLK_2022-09-26,validation
IBM_2021-11-26,validation
RJF_2022-06-13,validation
EXPD_2022-09-26,validation
ITT_2022-06-17,validation
ITW_2022-07-14,validation
META_2022-11-03,validation
ORCL_2022-09-30,validation
OSK_2022-09-30,validation
PLNT_2022-09-23,validation
TSM_2022-11-03,validation
VVV_2022-10-12,validation
USFD_2022-10-12,validation
BDC_2022-04-12,validation
CTAS_2022-06-17,validation
GATX_2022-09-30,validation
HON_2022-09-30,validation
TRV_2021-12-01,validation
COLM_2022-09-26,validation
DELL_2022-10-12,validation
EXP_2022-09-27,validation
STLA_2022-07-06,validation
WMG_2022-10-10,validation
AAON_2022-05-05,validation
LNTH_2022-01-27,validation
MUR_2021-12-20,validation
LIN_2022-09-26,validation
MSA_2022-09-30,validation
MTN_2022-09-27,validation
PCG_2022-06-17,validation
RL_2022-09-26,validation
VMC_2022-06-23,validation
NVO_2022-01-26,validation
SCHW_2022-06-17,validation
WMT_2022-06-17,validation
REGN_2022-06-14,validation
BSY_2022-05-11,validation
BUD_2022-10-11,validation
MS_2022-06-17,validation
NKE_2022-09-30,validation
SAN_2022-07-14,validation
WTW_2022-06-16,validation
APH_2022-06-16,validation
BSX_2022-06-14,validation
CPRT_2022-06-16,validation
DT_2022-05-11,validation
MMS_2022-10-12,validation
VRSN_2022-06-16,validation
CAG_2022-03-11,validation
DINO_2022-03-07,validation
EQH_2022-07-14,validation
LRLCY_2022-11-03,validation
MKSI_2022-11-09,validation
PEN_2022-06-16,validation
GSK_2022-09-27,validation
SNY_2022-09-27,validation
AZN_2021-12-10,validation
AZO_2022-05-20,validation
ORLY_2022-05-20,validation
SYK_2022-07-18,validation
BEN_2022-10-12,validation
CHDN_2022-06-16,validation
EL_2022-11-02,validation
GLPI_2022-01-27,validation
OC_2022-06-30,validation
TTD_2022-11-09,validation
NVR_2022-06-16,validation
PHM_2022-06-17,validation
AIT_2022-07-14,validation
MTDR_2021-12-31,validation
SJM_2022-06-17,validation
FCFS_2022-03-08,validation
EEFT_2022-10-12,validation
EOG_2021-12-31,validation
DG_2022-05-20,validation
RPM_2022-06-17,validation
CRH_2022-09-27,validation
BRX_2022-09-29,validation
FBIN_2022-10-20,validation
AVNT_2022-11-03,validation
BRBR_2022-09-29,validation
CB_2022-09-26,validation
CMCSA_2022-10-11,validation
FAF_2022-10-20,validation
FDX_2022-09-26,validation
HIG_2022-09-26,validation
H_2022-06-23,validation
TOL_2022-10-20,validation
ALGM_2022-07-05,validation
ALGN_2022-11-09,validation
AM_2022-07-06,validation
BK_2022-10-12,validation
DAL_2022-09-26,validation
LECO_2022-07-14,validation
MA_2022-10-12,validation
SLAB_2022-11-03,validation
HSBC_2022-10-12,validation
AXTA_2022-09-30,validation
BIO_2022-10-31,validation
CG_2022-10-14,validation
CRUS_2022-10-12,validation
GWW_2022-06-17,validation
LYB_2022-09-26,validation
OMC_2022-06-16,validation
SNA_2022-06-16,validation
STAG_2022-10-10,validation
SYNA_2022-11-03,validation
TRU_2022-11-03,validation
VALE_2022-07-20,validation
XRAY_2022-11-03,validation
ZBRA_2022-11-09,validation
IPGP_2022-10-12,validation
LIVN_2022-10-14,validation
M_2022-09-26,validation
ONTO_2022-10-14,validation
OTIS_2022-09-30,validation
VNT_2022-09-30,validation
WWD_2022-09-30,validation
CGNX_2022-10-14,validation
GWRE_2022-11-09,validation
IFF_2022-10-12,validation
NWSA_2022-09-27,validation
PGR_2022-02-24,validation
SSD_2022-10-20,validation
BCO_2022-09-30,validation
INGR_2022-09-26,validation
LLY_2022-02-14,validation
SWKS_2022-10-12,validation
CDW_2022-10-12,validation
COP_2022-01-21,validation
ALB_2022-03-07,validation
SNX_2022-09-30,validation
VRTX_2022-01-26,validation
ALLY_2022-12-19,validation
FIS_2022-11-03,validation
ADBE_2022-09-30,validation
BBWI_2022-07-14,validation
CXT_2022-06-17,validation
EBAY_2022-09-30,validation
ENTG_2022-12-28,validation
FNF_2022-06-16,validation
MTCH_2022-12-27,validation
NWS_2022-09-27,validation
STX_2022-11-03,validation
TSLA_2023-01-03,validation
TWLO_2022-11-04,validation
WELL_2022-10-10,validation
WAB_2022-07-14,validation
CFG_2022-09-27,validation
COF_2022-12-19,validation
KNX_2022-05-18,validation
NOW_2022-10-14,validation
PNR_2022-10-20,validation
WH_2022-09-26,validation
AVT_2022-09-26,validation
BYD_2022-09-26,validation
C_2022-10-11,validation
HSIC_2022-10-12,validation
KEYS_2022-05-12,validation
MGM_2022-06-23,validation
NXPI_2022-10-14,validation
ORI_2022-06-17,validation
PK_2022-12-21,validation
SF_2022-10-20,validation
AVGO_2022-10-14,validation
GNRC_2022-12-22,validation
MU_2022-09-26,validation
POOL_2022-10-20,validation
RF_2022-07-14,validation
SPGI_2022-10-14,validation
V_2022-09-30,validation
WAL_2022-12-19,validation
ALLE_2022-09-27,validation
AOS_2022-09-30,validation
AXP_2022-09-30,validation
BC_2022-06-16,validation
CRM_2022-12-16,validation
DOV_2022-09-30,validation
IP_2022-10-12,validation
LAMR_2022-09-30,validation
LFUS_2022-09-26,validation
SCI_2022-09-27,validation
ST_2022-09-30,validation
WSO_2022-06-22,validation
ARW_2022-10-12,validation
DDOG_2023-01-05,validation
DLR_2022-10-12,validation
EWBC_2022-06-16,validation
KTOS_2022-12-09,validation
LSTR_2022-06-17,validation
NEU_2022-09-02,validation
PEGA_2022-10-11,validation
PLTR_2022-12-27,validation
QCOM_2022-11-03,validation
SHC_2022-11-17,validation
STE_2022-09-27,validation
ADI_2022-10-14,validation
CBRE_2022-09-30,validation
DLB_2022-10-11,validation
DOC_2022-10-10,validation
EXPO_2022-06-16,validation
FRT_2022-09-27,validation
GOOG_2022-11-03,validation
GRMN_2022-10-12,validation
IRT_2022-10-14,validation
KEY_2022-10-12,validation
MAS_2022-11-03,validation
MIDD_2022-07-13,validation
NVST_2022-10-12,validation
SWK_2022-11-03,validation
TDY_2022-10-14,validation
TNL_2022-09-30,validation
VNO_2022-10-12,validation
VWAGY_2022-10-12,validation
WST_2022-11-03,validation
ZTS_2022-11-03,validation
CNXC_2022-09-29,validation
DXCM_2022-06-16,validation
URI_2022-06-23,validation
FISV_2022-06-16,validation
WFC_2022-06-14,validation
AMP_2022-07-14,validation
BLDR_2022-06-22,validation
HCA_2022-07-06,validation
CCL_2022-10-10,validation
MLI_2022-06-16,validation
RMBS_2022-07-01,validation
HOG_2022-06-16,validation
LW_2022-03-14,validation
PFGC_2022-05-24,validation
SE_2022-11-09,validation
VOYA_2022-07-14,validation
COTY_2022-05-24,validation
FOXA_2022-10-27,validation
FTV_2022-06-17,validation
PANW_2023-01-10,validation
PII_2022-10-20,validation
CSCO_2022-10-12,validation
ROIV_2022-05-12,validation
DASH_2022-10-14,validation
HLI_2022-07-14,validation
PSTG_2022-05-24,validation
TMHC_2022-06-17,validation
ABNB_2022-12-28,validation
BLD_2022-11-03,validation
JBL_2022-07-05,validation
SAIA_2022-06-22,validation
WTS_2022-06-16,validation
CCK_2022-11-02,validation
CINF_2022-09-30,validation
COHR_2022-11-08,validation
CYTK_2022-02-23,validation
EXLS_2022-02-23,validation
RGLD_2022-09-26,validation
SATS_2022-09-23,validation
ACGL_2022-09-26,validation
FIX_2022-06-17,validation
CLX_2022-06-16,validation
EXPE_2022-12-28,validation
XYZ_2022-10-14,validation
RS_2022-06-23,validation
AVTR_2022-10-28,validation
HL_2022-09-27,validation
HQY_2022-03-07,validation
BWXT_2022-05-11,validation
WFRD_2022-07-14,validation
MSFT_2022-11-03,validation
NEM_2022-11-03,validation
BIDU_2022-10-31,validation
FLG_2023-03-13,validation
MRNA_2022-06-13,validation
BABA_2022-10-24,validation
AMKR_2022-07-01,validation
HIMS_2022-05-11,validation
SFM_2022-05-18,validation
ON_2022-07-01,validation
BP_2022-07-14,validation
CRS_2022-07-06,validation
PSKY_2022-11-09,validation
TTE_2022-09-26,validation
AAPL_2023-01-05,validation
APO_2022-06-16,validation
EIX_2022-10-20,validation
E_2022-09-26,validation
INTC_2022-10-11,validation
KLAC_2022-10-17,validation
NBIX_2022-05-09,validation
UNM_2022-04-04,validation
CAR_2022-09-23,validation
CBOE_2022-05-18,validation
HPE_2022-09-30,validation
NJR_2022-09-30,validation
OLED_2022-11-03,validation
OLN_2022-09-29,validation
PWR_2022-05-11,validation
TRGP_2022-07-06,validation
EXEL_2022-10-10,validation
OKE_2022-09-26,validation
PPG_2022-06-16,validation
SHEL_2022-07-14,validation
AVAV_2022-05-11,validation
MDLZ_2022-09-30,validation
NVS_2022-09-26,validation
RCL_2022-07-14,validation
HGV_2022-09-30,validation
OLLI_2022-05-24,validation
LMT_2022-07-18,validation
TPL_2022-05-11,validation
FLR_2022-07-06,validation
NCLH_2022-06-16,validation
PNW_2022-10-12,validation
ZBH_2022-07-14,validation
CAH_2022-06-16,validation
CLF_2022-11-03,validation
DKS_2022-05-24,validation
FN_2022-06-16,validation
NUE_2022-09-26,validation
SLB_2022-07-14,validation
TSCO_2022-05-24,validation
CHE_2022-10-14,validation
XOM_2022-04-25,validation
CVX_2022-07-14,validation
FTNT_2022-11-03,validation
GOOGL_2022-11-03,validation
YUM_2022-10-11,validation
MAR_2022-06-23,validation
RTX_2022-09-27,validation
AON_2022-06-16,validation
EHC_2022-06-21,validation
MCD_2022-05-19,validation
SLM_2023-03-24,validation
AGCO_2022-07-14,validation
HSY_2022-06-16,validation
MSM_2022-09-26,validation
ATR_2022-10-12,validation
BURL_2022-09-29,validation
CHD_2022-10-07,validation
CPAY_2022-10-20,validation
KMB_2022-10-07,validation
UL_2022-05-19,validation
GIS_2022-05-19,validation
HLT_2022-07-06,validation
ACM_2022-06-16,validation
TKO_2022-05-09,validation
VTR_2022-10-14,validation
BKR_2022-09-26,validation
GGG_2022-06-16,validation
CHRD_2022-07-06,validation
FANG_2022-07-14,validation
IT_2022-06-16,validation
LOPE_2022-10-11,validation
TAP_2022-10-07,validation
WCC_2022-07-06,validation
ECL_2022-11-03,validation
MLM_2022-07-01,validation
VRSK_2022-06-14,validation
BILL_2023-03-10,validation
CELH_2022-05-10,validation
PLD_2022-10-10,validation
HWM_2022-06-23,validation
LPX_2022-09-26,validation
ULTA_2022-05-24,validation
GT_2022-12-28,validation
EW_2022-11-04,validation
HAS_2023-03-14,validation
HMC_2022-09-30,validation
SMCI_2022-07-05,validation
ZION_2023-05-04,validation
ESNT_2022-09-27,validation
HOLX_2022-10-12,validation
RGA_2022-06-16,validation
KEX_2022-07-14,validation
WDC_2022-12-28,validation
AKAM_2023-03-13,validation
DY_2023-02-16,validation
APPF_2022-06-14,validation
ING_2022-09-28,validation
EPR_2022-09-29,validation
GPK_2022-06-17,validation
AMD_2022-10-14,validation
BKNG_2022-10-11,validation
BLKB_2022-09-30,validation
EQT_2023-03-15,validation
F_2022-07-06,validation
HWC_2023-05-11,validation
ITUB_2022-07-14,validation
TFC_2023-05-04,validation
VLY_2023-05-12,validation
IRM_2022-09-27,validation
AAL_2022-09-26,validation
ELF_2022-06-13,validation
ALK_2023-03-24,validation
GTLS_2023-03-17,validation
LYV_2023-03-23,validation
DBX_2023-03-13,validation
FAST_2022-10-14,validation
LITE_2023-05-12,validation
ACN_2023-03-15,validation
BX_2022-12-28,validation
LOW_2022-06-16,validation
MKC_2022-09-30,validation
TM_2022-09-30,validation
CACI_2022-10-14,validation
WEX_2022-09-27,validation
COIN_2022-12-28,validation
APP_2022-12-27,validation
FCN_2022-10-27,validation
NTAP_2022-12-28,validation
ROP_2022-09-30,validation
MNST_2022-09-22,validation
PATH_2022-11-09,validation
SHW_2022-10-20,validation
TEL_2022-10-14,validation
R_2022-09-26,validation
CSX_2022-10-11,validation
LUV_2023-05-16,validation
EGP_2022-10-07,validation
VST_2022-09-30,validation
ARWR_2023-03-23,validation
HPQ_2022-10-12,validation
MAT_2023-03-15,validation
BRK-B_2022-10-12,validation
BRO_2023-03-15,validation
BXP_2023-03-23,validation
CTSH_2022-11-03,validation
CUZ_2023-03-23,validation
PFG_2022-07-14,validation
STWD_2023-03-23,validation
DPZ_2023-05-31,validation
GNTX_2022-09-30,validation
JLL_2023-04-26,validation
PNFP_2023-05-04,validation
VAL_2022-07-14,validation
DOW_2022-09-26,validation
ELAN_2023-05-30,validation
ICE_2022-10-07,validation
KRC_2023-05-16,validation
AVB_2023-03-23,validation
HALO_2023-05-08,validation
BAH_2023-03-17,validation
WTFC_2023-05-11,validation
WY_2022-09-29,validation
ASGN_2023-05-16,validation
OVV_2023-05-16,validation
UMBF_2023-05-04,validation
USB_2023-05-16,validation
BAX_2023-03-17,validation
BG_2022-09-26,validation
PSX_2022-09-26,validation
BA_2022-09-30,validation
STZ_2023-01-05,validation
UAL_2022-09-26,validation
CVNA_2022-12-27,validation
DECK_2022-07-26,validation
FICO_2022-10-10,validation
LSCC_2022-10-14,validation
MRSH_2022-09-27,validation
NFLX_2022-07-26,validation
OKTA_2022-11-04,validation
SPXC_2022-09-26,validation
VLO_2022-09-26,validation
BDX_2022-11-09,validation
BR_2022-11-04,validation
FHN_2023-05-12,validation
LVS_2022-10-25,validation
PKG_2022-09-26,validation
VC_2022-09-30,validation
AIG_2022-09-30,validation
DAR_2023-03-17,validation
JBHT_2022-09-30,validation
NOVT_2022-10-10,validation
UNP_2022-10-20,validation
MORN_2023-04-27,validation
SBRA_2023-03-23,validation
TXT_2022-09-30,validation
UFPI_2022-10-24,validation
WMS_2023-03-20,validation
AMH_2023-03-23,validation
CDNS_2022-11-04,validation
LEN_2022-10-20,validation
ASML_2022-10-14,validation
CMC_2022-09-30,validation
FSLR_2022-08-03,validation
FTI_2022-08-04,validation
GEF_2022-09-29,validation
GPN_2022-12-19,validation
PCTY_2023-05-12,validation
TYL_2022-11-04,validation
AIZ_2023-03-17,validation
AMZN_2022-12-28,validation
AXON_2022-09-26,validation
FND_2022-10-20,validation
MTSI_2022-10-14,validation
NLY_2022-10-10,validation
ODFL_2022-09-22,validation
PSN_2022-09-27,validation
ROK_2022-09-27,validation
XPO_2022-09-26,validation
AEIS_2022-10-14,validation
LII_2022-10-20,validation
MCK_2022-08-03,validation
PG_2022-10-10,validation
STLD_2022-09-26,validation
TREX_2022-11-03,validation
ERIE_2023-07-12,validation
GEN_2023-05-16,validation
MPWR_2022-10-14,validation
UBER_2022-12-27,validation
CMG_2023-01-05,validation
INTU_2022-11-04,validation
LEA_2022-09-30,validation
LRCX_2022-10-14,validation
MANH_2022-11-09,validation
MCHP_2022-10-14,validation
MSCI_2022-10-14,validation
NVDA_2022-10-14,validation
OHI_2023-03-23,validation
PINS_2022-08-23,validation
REG_2022-09-27,validation
SSB_2023-05-16,validation
THC_2022-10-21,validation
YETI_2022-09-30,validation
CNX_2023-05-03,validation
TTMI_2023-05-03,validation
WBD_2022-12-28,validation
CF_2023-06-01,validation
CROX_2022-09-26,validation
CHH_2022-09-26,validation
HXL_2022-09-30,validation
CLH_2022-09-26,validation
FLEX_2022-09-26,validation
OPCH_2023-05-15,validation
TEX_2022-09-27,validation
COR_2022-09-30,validation
IR_2022-09-27,validation
MTG_2022-10-21,validation
RRX_2022-11-03,validation
THO_2022-09-26,validation
TKR_2022-09-29,validation
CW_2022-09-27,validation
FOUR_2022-11-07,validation
GAP_2023-05-25,validation
GE_2022-09-30,validation
HRB_2023-05-23,validation
KBH_2022-09-27,validation
PH_2022-09-27,validation
TDG_2022-10-12,validation
WYNN_2022-10-19,validation
NTNX_2022-08-31,validation
SGI_2022-09-30,validation
WDAY_2022-11-04,validation
ANF_2022-08-31,validation
AN_2022-10-20,validation
FIVE_2022-08-29,validation
KBR_2022-09-29,validation
ROST_2022-10-14,validation
TCBI_2023-05-11,validation
TTWO_2022-11-08,validation
COKE_2022-09-27,validation
BLK_2022-10-12,validation
CRWD_2023-01-06,validation
EFX_2022-10-20,validation
ARES_2022-10-14,validation
MUSA_2023-03-14,validation
JEF_2022-09-27,validation
WSM_2022-12-06,validation
QLYS_2023-01-05,validation
WING_2022-10-14,validation
DOCU_2022-11-09,validation
ACI_2022-10-07,validation
EPAM_2023-06-05,validation
EQNR_2023-05-31,validation
NRG_2023-01-19,validation
CSL_2023-04-06,validation
LULU_2022-09-30,validation
AR_2023-05-04,validation
IBKR_2022-10-03,validation
SNPS_2022-10-12,validation
L_2022-09-26,validation
PRU_2023-03-23,validation
RH_2022-10-20,validation
NOV_2023-05-31,validation
RRC_2023-03-17,validation
ANET_2022-10-14,validation
HUBB_2022-10-20,validation
HAL_2022-09-26,validation
PR_2022-09-26,validation
APA_2022-09-26,validation
MOH_2023-03-15,validation
CNM_2022-12-28,validation
GXO_2022-10-24,validation
RYAN_2022-11-14,validation
SAM_2023-07-13,validation
DUOL_2022-12-28,validation
CME_2022-10-10,validation
HOOD_2022-12-27,validation
AMGN_2023-06-01,validation
CTRA_2023-02-21,validation
WMB_2023-03-17,validation
PDD_2022-10-24,validation
EME_2022-10-20,validation
MPC_2023-05-04,validation
BBVA_2022-11-03,validation
MEDP_2023-03-13,validation
CASY_2023-03-17,validation
EG_2022-11-11,validation
RBA_2022-11-08,validation
STRL_2022-11-02,validation
TT_2022-11-01,validation
ALL_2023-07-14,validation
CI_2023-05-30,validation
EVR_2022-11-09,validation
PRI_2022-12-19,validation
AES_2023-10-06,validation
RGEN_2023-10-30,validation
TJX_2022-11-09,validation
WBS_2023-05-04,validation
KNSL_2023-01-05,validation
APG_2022-11-09,validation
AJG_2023-03-15,validation
AMAT_2022-12-28,validation
ATI_2022-11-28,validation
LDOS_2023-05-16,validation
RSG_2023-01-19,validation
AFL_2023-03-15,validation
ALV_2022-12-22,validation
COST_2023-01-05,validation
CPRI_2023-06-01,validation
CVLT_2023-03-13,validation
DHI_2022-11-21,validation
DVA_2022-11-16,validation
ETN_2023-01-19,validation
FLS_2022-12-19,validation
GDDY_2023-05-09,validation
KKR_2022-12-28,validation
NVT_2022-12-16,validation
OZK_2023-05-11,validation
PAG_2022-12-22,validation
PODD_2023-10-12,validation
PPC_2023-06-27,validation
PTC_2023-03-13,validation
SAP_2022-12-28,validation
CARR_2023-04-26,validation
CHTR_2022-12-16,validation
HLNE_2022-12-28,validation
ISRG_2023-03-10,validation
LAD_2022-12-20,validation
NYT_2022-12-19,validation
PBF_2023-05-04,validation
PCAR_2023-01-05,validation
PVH_2022-11-21,validation
SMG_2023-10-23,validation
VFC_2023-11-01,validation
WLK_2023-01-03,validation
MCO_2022-12-28,validation
ITT_2023-05-31,validation
META_2022-11-28,validation
ORCL_2022-12-07,validation
OSK_2023-05-16,validation
PLNT_2023-09-26,validation
TSM_2022-12-28,validation
IBM_2023-05-11,validation
UBSI_2023-10-24,validation
CTAS_2023-01-19,validation
MET_2023-05-16,validation
WRB_2023-05-31,validation
BHF_2023-05-12,validation
CNO_2023-05-04,validation
DELL_2023-03-13,validation
EXP_2022-12-19,validation
STLA_2022-12-28,validation
WMG_2023-06-05,validation
AAON_2023-01-05,validation
AMT_2023-10-04,test
LNTH_2023-01-09,test
MUR_2023-05-04,test
CCI_2023-10-19,test
FFIV_2023-04-25,test
GME_2023-11-27,test
LIN_2023-01-05,test
MSA_2023-04-26,test
RL_2022-12-20,test
VMC_2023-03-17,test
NVO_2022-11-30,test
SBAC_2023-10-19,test
SCHW_2023-05-04,test
ASB_2023-05-16,test
BALL_2023-10-23,test
COLB_2023-05-12,test
EXR_2023-10-25,test
FITB_2023-05-04,test
GBCI_2023-05-11,test
HBAN_2023-05-11,test
MSI_2023-01-30,test
MTZ_2023-11-09,test
ONB_2023-05-11,test
RBC_2023-05-31,test
RJF_2023-05-04,test
SPG_2023-05-25,test
ARE_2023-10-27,test
BSY_2023-01-05,test
DTM_2023-05-04,test
IDXX_2023-10-27,test
MASI_2023-10-16,test
SAIC_2023-05-25,test
SAN_2022-12-15,test
CPRT_2022-12-28,test
DT_2022-12-06,test
T_2023-07-18,test
USFD_2022-12-30,test
DINO_2023-05-04,test
EQH_2023-05-10,test
LRLCY_2022-12-20,test
NKE_2023-09-27,test
SYF_2023-05-04,test
TGT_2023-10-06,test
HII_2023-05-04,test
APH_2023-05-24,test
ERIC_2023-10-27,test
JPM_2023-03-24,test
MKSI_2023-10-30,test
NSA_2023-10-27,test
TECH_2023-11-01,test
A_2023-10-30,test
BRKR_2023-10-30,test
CAT_2023-05-31,test
CBSH_2023-11-01,test
CRL_2023-10-30,test
CSGP_2023-03-23,test
CUBE_2023-10-25,test
EA_2023-03-10,test
ENS_2022-12-20,test
FNB_2023-05-04,test
GTM_2023-11-01,test
ILMN_2023-11-13,test
IVZ_2023-10-23,test
JHG_2022-12-28,test
KIM_2023-10-25,test
NTRS_2023-10-25,test
PAYC_2023-11-01,test
PEN_2023-11-10,test
PNC_2023-05-12,test
REXR_2023-10-25,test
ROL_2023-10-19,test
RYN_2023-10-25,test
TPR_2023-11-01,test
TXRH_2022-12-30,test
WAT_2023-10-30,test
ADSK_2022-12-28,test
AYI_2023-05-31,test
BAC_2023-10-27,test
BROS_2023-09-27,test
CFR_2023-10-25,test
DOCS_2023-09-26,test
ESS_2023-03-23,test
FFIN_2023-10-20,test
FR_2023-10-27,test
GM_2023-11-09,test
GS_2023-10-27,test
HOMB_2023-05-12,test
HST_2023-03-23,test
IBOC_2023-05-04,test
IQV_2023-10-30,test
MS_2023-10-27,test
MTB_2023-10-27,test
PB_2023-10-24,test
UHS_2023-03-13,test
AA_2023-10-23,test
BEN_2023-10-23,test
EL_2023-11-01,test
OC_2022-12-28,test
TTD_2023-01-06,test
CBT_2023-06-23,test
INFY_2023-04-25,test
LHX_2023-10-05,test
VNOM_2023-06-16,test
CHDN_2022-12-19,test
CHWY_2023-10-20,test
ENSG_2023-03-13,test
NVR_2022-12-28,test
PHM_2022-12-20,test
AIT_2023-01-05,test
MP_2023-11-10,test
RMD_2023-10-27,test
DLTR_2023-10-03,test
RVTY_2023-10-30,test
TER_2023-11-01,test
MTDR_2023-05-04,test
NDSN_2023-03-17,test
ORA_2023-11-13,test
TRMB_2023-11-13,test
VVV_2023-10-30,test
FCX_2023-05-24,test
SW_2023-10-25,test
XYL_2023-10-25,test
MMM_2023-10-23,test
PSA_2023-10-25,test
WPC_2023-10-04,test
REGN_2023-01-09,test
VTRS_2023-10-27,test
EEFT_2023-10-13,test
KD_2023-05-18,test
DG_2023-10-12,test
RPM_2023-05-16,test
CRH_2023-01-05,test
VZ_2023-10-13,test
FBIN_2023-04-05,test
O_2023-10-30,test
BSX_2023-01-18,test
NXST_2023-09-07,test
BRBR_2023-01-11,test
FDX_2023-01-30,test
H_2023-01-10,test
KMPR_2023-11-10,test
TOL_2023-01-10,test
ALGN_2023-11-01,test
AM_2023-03-23,test
BK_2023-05-16,test
DAL_2023-10-27,test
LECO_2023-01-19,test
SLAB_2023-11-01,test
WIT_2023-04-14,test
CG_2023-05-04,test
GWW_2023-01-19,test
HD_2023-10-27,test
SYNA_2023-05-12,test
TRU_2023-10-30,test
XRAY_2023-11-09,test
M_2023-10-13,test
ONTO_2023-01-19,test
TMUS_2023-06-07,test
VNT_2023-01-19,test
WWD_2023-03-17,test
GWRE_2023-01-19,test
NWSA_2023-03-13,test
ORLY_2023-01-27,test
PGR_2023-07-13,test
SSD_2023-01-19,test
BCO_2023-05-04,test
FCFS_2023-03-08,test
HIG_2023-03-15,test
LLY_2023-03-07,test
PYPL_2023-10-27,test
TRV_2023-10-24,test
CB_2023-06-28,test
CDW_2023-04-21,test
GHC_2023-03-15,test
NSC_2023-10-27,test
ABBV_2023-06-28,test
VRTX_2023-03-08,test
ALLY_2023-03-17,test
FIS_2023-10-27,test
GD_2023-05-31,test
ADBE_2023-02-24,test
BBWI_2023-10-25,test
CMCSA_2023-03-14,test
CXT_2023-03-24,test
ENTG_2023-04-25,test
FNF_2023-03-17,test
IFF_2023-08-17,test
MTCH_2023-11-06,test
NWS_2023-03-13,test
STX_2023-05-04,test
TWLO_2023-05-12,test
WELL_2023-03-23,test
WAB_2023-05-31,test
CFG_2023-10-27,test
CIEN_2023-08-16,test
COF_2023-05-04,test
NOW_2023-03-13,test
PNR_2023-01-30,test
SNA_2023-04-06,test
C_2023-10-27,test
DHR_2023-10-30,test
KEYS_2023-10-27,test
NXPI_2023-04-27,test
PK_2023-03-23,test
SF_2023-03-17,test
TMO_2023-10-27,test
AVGO_2023-02-22,test
GNRC_2023-10-27,test
MA_2023-03-13,test
MU_2023-03-13,test
RF_2023-10-27,test
SPGI_2023-03-13,test
SYK_2023-01-31,test
WAL_2023-05-04,test
ASH_2023-11-10,test
MGM_2023-10-27,test
SYY_2023-10-12,test
ALLE_2023-10-25,test
AXP_2023-10-27,test
CRM_2023-02-21,test
LAMR_2023-10-05,test
V_2023-03-13,test
WSO_2023-03-10,test
DDOG_2023-04-25,test
DLR_2023-05-24,test
EWBC_2023-05-04,test
KTOS_2023-02-09,test
NEU_2023-03-13,test
PLTR_2023-03-10,test
POST_2023-10-12,test
QCOM_2023-05-24,test
GOOG_2023-02-24,test
GRMN_2023-02-21,test
KEY_2023-05-04,test
KNX_2023-10-19,test
MAS_2023-04-06,test
PEGA_2023-02-10,test
VNO_2023-05-16,test
WST_2023-02-08,test
WTW_2023-08-17,test
CRUS_2023-10-30,test
DXCM_2023-10-12,test
EMR_2023-05-31,test
J_2023-05-31,test
RNR_2023-08-22,test
TTEK_2023-05-25,test
URI_2023-05-16,test
ZTS_2023-11-01,test
BDC_2023-11-02,test
CBRE_2023-10-25,test
DIS_2023-10-04,test
EQIX_2023-03-22,test
MIDD_2023-11-01,test
AVY_2023-06-01,test
FISV_2023-03-13,test
SHC_2023-10-27,test
WFC_2023-03-24,test
AMP_2023-03-17,test
BC_2023-10-30,test
BLDR_2023-02-21,test
GATX_2023-03-13,test
HCA_2023-10-26,test
THG_2023-08-22,test
TNL_2023-10-27,test
VWAGY_2023-10-27,test
ZBRA_2023-11-01,test
CCL_2023-03-17,test
SCI_2023-11-01,test
WM_2023-03-01,test
AME_2023-04-26,test
MLI_2023-04-06,test
RMBS_2023-03-13,test
CMI_2023-05-31,test
HOG_2023-10-30,test
PFGC_2023-10-12,test
STE_2023-03-15,test
TSLA_2023-04-26,test
IRT_2023-10-30,test
COTY_2023-10-27,test
FTV_2023-04-26,test
INGR_2023-10-23,test
PANW_2023-02-21,test
WMT_2023-03-10,test
ABT_2023-10-12,test
LIVN_2023-03-13,test
LVMUY_2023-10-13,test
ROIV_2023-03-24,test
ARMK_2023-03-22,test
CNC_2023-09-01,test
DASH_2023-03-10,test
GSK_2023-03-09,test
HLI_2023-04-04,test
PSTG_2023-05-04,test
TMHC_2023-03-13,test
ABNB_2023-05-25,test
BLD_2023-03-15,test
JBL_2023-04-25,test
MRK_2023-11-28,test
HSIC_2023-11-02,test
SAIA_2023-04-26,test
SE_2024-01-17,test
AOS_2023-05-31,test
COHR_2023-05-16,test
CYTK_2023-10-03,test
AZO_2023-06-07,test
SATS_2023-11-16,test
ACGL_2023-03-15,test
AVNT_2023-10-27,test
BBY_2023-11-09,test
FIX_2023-04-06,test
MZTI_2023-09-08,test
SWX_2023-05-04,test
WTS_2023-04-06,test
ALB_2024-02-05,test
ALGM_2023-11-09,test
CLX_2023-11-01,test
COO_2023-10-27,test
DOV_2023-10-27,test
EXPE_2023-05-04,test
MTD_2023-10-30,test
POOL_2023-10-27,test
AMG_2023-10-25,test
DRI_2023-10-13,test
TROW_2023-10-27,test
XYZ_2023-10-30,test
EBAY_2023-10-27,test
RS_2023-05-30,test
AVTR_2023-10-30,test
SEIC_2023-10-26,test
KR_2023-11-17,test
AXTA_2023-10-27,test
HQY_2023-05-03,test
OTIS_2023-10-25,test
IP_2023-06-01,test
OMC_2023-10-03,test
BWXT_2023-05-31,test
CL_2023-10-11,test
HL_2024-02-13,test
JCI_2023-10-25,test
JD_2024-03-05,test
COP_2023-03-17,test
AFG_2023-10-23,test
WFRD_2023-03-17,test
NDAQ_2023-10-03,test
DCI_2023-10-27,test
MSFT_2023-03-22,test
ORI_2023-03-23,test
TSN_2023-10-23,test
BIO_2023-10-30,test
CNH_2023-11-13,test
FLG_2024-03-04,test
IEX_2023-10-25,test
MRNA_2023-11-09,test
SWK_2023-03-24,test
AMKR_2023-05-04,test
HIMS_2023-10-27,test
SFM_2023-06-05,test
CTVA_2023-11-10,test
SNX_2023-04-26,test
CINF_2023-06-28,test
NEE_2023-10-09,test
CEG_2023-04-18,test
CRS_2023-04-05,test
TTE_2023-07-06,test
APO_2023-05-04,test
DVN_2024-02-05,test
INTC_2023-05-25,test
KLAC_2023-04-26,test
NBIX_2023-05-31,test
PSKY_2024-03-05,test
UNM_2023-04-06,test
CBOE_2023-06-06,test
E_2023-05-31,test
HPE_2023-05-11,test
OLN_2023-10-27,test
PWR_2023-04-06,test
TRGP_2023-05-31,test
EOG_2023-06-23,test
NEM_2024-02-27,test
OKE_2023-05-16,test
SHEL_2023-05-31,test
AVAV_2023-06-26,test
RCL_2023-04-26,test
ADI_2023-10-30,test
EXEL_2023-04-27,test
OLED_2023-05-03,test
BJ_2023-06-16,test
HGV_2023-11-09,test
OLLI_2023-06-01,test
TPL_2023-06-23,test
FLR_2023-05-12,test
NCLH_2023-04-26,test
CAH_2023-04-19,test
CLF_2023-05-31,test
DKS_2023-10-27,test
FN_2023-05-04,test
NUE_2023-05-31,test
TSCO_2023-10-27,test
FTNT_2023-11-07,test
GOOGL_2023-04-26,test
GL_2024-04-11,test
MAR_2023-04-26,test
RTX_2023-10-05,test
UGI_2023-10-23,test
D_2023-10-23,test
EHC_2023-05-25,test
GPC_2023-10-27,test
SLM_2023-10-27,test
BURL_2023-10-13,test
CPAY_2023-05-02,test
ELV_2023-07-12,test
HLT_2023-05-30,test
EXPO_2023-11-01,test
TKO_2023-12-07,test
ATR_2023-07-06,test
HSBC_2023-05-01,test
CHRD_2023-05-04,test
FANG_2023-05-16,test
PEG_2023-10-02,test
HAE_2024-02-14,test
IT_2023-05-04,test
LOPE_2023-06-22,test
VMI_2023-10-27,test
WCC_2023-05-04,test
ECL_2023-10-27,test
ST_2023-11-09,test
TXN_2023-10-30,test
CGNX_2023-10-27,test
DD_2024-02-05,test
MLM_2023-05-24,test
AVT_2023-05-16,test
CELH_2023-05-09,test
GMED_2023-11-13,test
AEP_2023-10-05,test
DOC_2023-10-31,test
GLW_2023-10-27,test
HWM_2023-05-31,test
LPX_2023-10-27,test
PPL_2023-10-02,test
ETR_2023-10-02,test
CAR_2024-05-01,test
CPT_2023-10-30,test
NOK_2023-12-05,test
UTHR_2023-05-30,test
EW_2023-10-27,test
HAS_2023-11-13,test
BABA_2024-01-18,test
BUD_2023-10-09,test
KMI_2023-05-31,test
RGLD_2024-02-28,test
SMCI_2023-05-23,test
SO_2023-10-02,test
ZION_2023-06-23,test
AZN_2024-02-13,test
ESNT_2023-05-24,test
RGA_2023-08-22,test
KEX_2023-05-31,test
WDC_2023-07-06,test
DY_2023-10-18,test
APPF_2023-06-05,test
ING_2023-06-23,test
GPK_2023-10-23,test
HR_2024-03-14,test
AMD_2023-10-26,test
APD_2024-02-07,test
BKNG_2023-06-12,test
ESAB_2023-10-24,test
F_2023-10-30,test
HWC_2023-10-25,test
TFC_2023-10-23,test
IRM_2023-06-23,test
ELF_2023-10-31,test
AAPL_2024-04-19,test
ALK_2023-11-01,test
GTLS_2023-10-27,test
UDR_2023-11-01,test
LITE_2023-10-27,test
BX_2023-06-23,test
EQR_2023-11-01,test
CACI_2023-09-26,test
CHRW_2024-04-16,test
VTR_2023-10-06,test
COIN_2023-06-26,test
APP_2023-07-06,test
NTAP_2023-10-30,test
TEL_2023-10-27,test
R_2023-07-06,test
VST_2023-07-17,test
SHW_2023-10-24,test
SWKS_2023-10-30,test
ARWR_2023-11-30,test
HPQ_2023-09-28,test
NI_2023-10-02,test
NNN_2023-10-06,test
BRO_2023-10-23,test
BXP_2023-11-13,test
CUZ_2023-10-25,test
EXLS_2023-10-25,test
MO_2023-10-26,test
PFG_2023-10-25,test
BRK-B_2023-10-27,test
CNXC_2024-04-18,test
DPZ_2023-10-30,test
JLL_2023-10-25,test
VAL_2024-02-05,test
WHR_2024-05-29,test
ELAN_2023-10-26,test
FAST_2023-09-21,test
FOX_2024-03-06,test
FRT_2023-10-25,test
HUM_2024-04-30,test
ICE_2023-10-27,test
KRC_2023-10-25,test
LOW_2023-10-27,test
LUV_2023-10-31,test
STT_2023-10-27,test
ADM_2024-01-25,test
AVB_2023-10-27,test
DUK_2023-10-02,test
FOXA_2024-03-06,test
RHHBY_2024-05-02,test
UNH_2024-04-12,test
WTRG_2023-10-03,test
FCN_2023-07-31,test
HALO_2023-10-25,test
BAH_2023-09-22,test
PLD_2023-10-27,test
WTFC_2023-10-03,test
ASGN_2023-07-31,test
BRX_2023-10-25,test
INVH_2023-10-27,test
NFG_2024-02-05,test
STAG_2023-10-25,test
UMBF_2023-10-03,test
USB_2023-10-27,test
PM_2023-10-27,test
PSX_2023-07-24,test
ADC_2023-10-02,test
BG_2024-02-08,test
INCY_2024-04-25,test
LMT_2023-10-05,test
UAL_2023-10-27,test
CVNA_2023-11-01,test
DECK_2023-10-26,test
EIX_2023-10-05,test
FICO_2023-07-27,test
NFLX_2023-10-18,test
OKTA_2023-10-30,test
SPXC_2023-09-05,test
UL_2023-10-27,test
VLO_2023-11-09,test
BKR_2024-01-31,test
BR_2023-08-04,test
FHN_2023-10-06,test
KO_2023-10-05,test
PKG_2023-08-24,test
AIG_2023-08-22,test
FE_2023-10-02,test
MKC_2023-10-12,test
NOVT_2023-11-07,test
VRSK_2024-04-30,test
CDP_2024-04-17,test
CMS_2023-10-02,test
DTE_2023-10-05,test
ES_2023-10-23,test
KRG_2023-10-25,test
MORN_2023-08-21,test
PNW_2024-02-08,test
SBRA_2023-08-17,test
UFPI_2023-10-25,test
SLGN_2023-10-25,test
WMS_2023-10-26,test
LEN_2023-10-25,test
OGE_2023-10-02,test
ASML_2023-10-03,test
AWK_2024-04-16,test
CMC_2023-10-23,test
CPB_2023-10-12,test
FSLR_2023-11-09,test
FTI_2023-08-17,test
MAA_2023-10-30,test
TYL_2023-10-27,test
AMZN_2023-10-26,test
AXON_2023-08-08,test
MTSI_2023-10-30,test
NLY_2023-10-27,test
XPO_2023-10-27,test
LII_2023-10-25,test
MCK_2023-09-05,test
TREX_2023-10-27,test
ERIE_2023-09-06,test
GEN_2023-10-25,test
MPWR_2023-10-25,test
UBER_2023-10-26,test
ACM_2023-10-27,test
AMCR_2023-10-23,test
CMG_2023-10-13,test
INTU_2023-10-26,test
LRCX_2023-10-25,test
MANH_2023-10-23,test
NVDA_2023-10-26,test
OHI_2024-02-05,test
SSB_2023-10-25,test
THC_2023-11-09,test
AIZ_2023-09-07,test
CNX_2024-02-14,test
ITUB_2023-10-03,test
TTMI_2023-10-25,test
CROX_2023-11-13,test
FND_2023-10-26,test
SBUX_2024-05-07,test
CLH_2023-11-01,test
FLEX_2023-10-25,test
SNY_2023-10-27,test
COR_2023-09-05,test
IR_2023-10-23,test
MTG_2023-10-03,test
RRX_2023-11-02,test
CW_2023-10-05,test
FOUR_2023-10-27,test
GAP_2023-08-24,test
GE_2023-10-20,test
HRB_2023-09-06,test
KBH_2023-10-20,test
KDP_2023-10-12,test
NVS_2023-10-27,test
PH_2023-10-27,test
PINS_2023-10-26,test
TDG_2023-10-03,test
NTNX_2023-08-25,test
SGI_2023-11-09,test
ANF_2023-08-22,test
AN_2023-10-25,test
KBR_2023-11-06,test
ROST_2023-09-27,test
ADP_2023-11-01,test
COKE_2023-10-13,test
AEIS_2023-11-01,test
FAF_2023-10-25,test
LNT_2023-10-02,test
MDT_2023-10-27,test
VLY_2024-06-14,test
ATO_2023-10-02,test
BLK_2023-10-27,test
CRWD_2023-08-28,test
DGX_2023-10-02,test
EFX_2023-10-27,test
TEX_2023-10-27,test
ARES_2023-10-31,test
MSCI_2024-04-23,test
MUSA_2023-09-11,test
JEF_2023-10-27,test
PCG_2023-10-04,test
REG_2023-10-03,test
UNP_2023-10-05,test
WSM_2023-09-12,test
ED_2023-10-02,test
EVRG_2023-11-13,test
XEL_2024-03-06,test
BKH_2023-10-02,test
CAG_2023-10-05,test
KMB_2023-10-27,test
POR_2023-10-02,test
SRE_2023-10-02,test
WING_2023-09-05,test
DOCU_2023-10-27,test
VICI_2023-10-30,test
FIVE_2024-08-07,test
NRG_2023-10-04,test
AMH_2023-10-27,test
CSL_2023-10-25,test
GILD_2024-06-03,test
OGS_2023-11-30,test
TCBI_2023-11-21,test
AR_2023-12-12,test
BAX_2023-10-12,test
IBKR_2023-11-28,test
LYV_2023-10-27,test
PRU_2023-10-27,test
RH_2023-10-27,test
CCK_2024-02-15,test
BLKB_2023-10-27,test
LSCC_2024-09-06,test
STWD_2023-10-27,test
ANET_2023-10-26,test
EPR_2023-10-03,test
FHI_2023-10-26,test
HUBB_2023-10-31,test
THO_2023-10-27,test
AEE_2024-02-08,test
SONY_2024-05-10,test
BYD_2024-05-28,test
LVS_2024-08-05,test
WYNN_2024-08-05,test
BMY_2024-07-03,test
BIDU_2024-09-06,test
G_2024-04-17,test
JKHY_2023-10-27,test
NOC_2023-10-05,test
PAYX_2023-11-01,test
STLD_2023-10-23,test
WEC_2023-10-02,test
CNM_2023-10-03,test
RYAN_2023-12-20,test
CF_2024-07-08,test
LW_2024-07-25,test
XOM_2024-01-18,test
DUOL_2023-10-26,test
ACN_2024-06-03,test
AON_2024-05-29,test
GXO_2024-08-12,test
HOOD_2023-11-09,test
WEX_2023-10-27,test
AMGN_2023-10-31,test
AAL_2024-08-07,test
PCTY_2024-06-28,test
L_2023-10-23,test
RLI_2023-12-15,test
VOYA_2023-10-25,test
BILL_2024-08-06,test
WMB_2024-02-14,test
PDD_2024-08-28,test
EME_2023-10-25,test
TXNM_2024-02-05,test
TDY_2024-04-24,test
WH_2024-05-29,test
LULU_2024-08-05,test
BBVA_2023-10-31,test
IPGP_2024-09-10,test
NVST_2024-08-07,test
CASY_2023-12-15,test
RBA_2023-11-15,test
STRL_2023-11-29,test
TT_2023-11-06,test
ALL_2023-11-09,test
EVR_2023-11-09,test
PRI_2023-11-07,test
CHH_2024-03-04,test
CSCO_2024-08-05,test
DBX_2024-06-18,test
EQT_2024-08-05,test
EXE_2024-08-06,test
IDA_2024-02-13,test
MEDP_2023-11-09,test
ODFL_2024-06-07,test
QLYS_2024-10-31,test
TJX_2023-12-05,test
WBS_2023-11-09,test
EPAM_2024-06-18,test
TTWO_2024-08-07,test
WBD_2024-08-12,test
GT_2024-09-10,test
KNSL_2023-12-07,test
CI_2023-12-06,test
WDAY_2024-06-13,test
AJG_2023-12-20,test
ATI_2024-02-01,test
LDOS_2023-11-16,test
RSG_2023-11-15,test
TAP_2024-06-14,test
AFL_2024-02-01,test
COST_2023-11-17,test
CVLT_2023-11-16,test
DVA_2023-11-16,test
ETN_2023-11-28,test
FLS_2023-11-28,test
GDDY_2023-11-17,test
KKR_2023-11-16,test
NVT_2023-11-28,test
OZK_2024-06-14,test
PODD_2024-05-13,test
PPC_2023-11-29,test
SAP_2024-01-04,test
CARR_2023-11-28,test
CHTR_2024-04-26,test
LAD_2024-07-09,test
SMG_2024-02-05,test
VFC_2024-05-23,test
MCO_2023-11-20,test
DHI_2023-11-28,test
ITT_2023-11-29,test
META_2023-12-06,test
ORCL_2023-12-14,test
PLNT_2024-03-19,test
TSM_2023-12-05,test
IBM_2023-11-22,test
PCAR_2023-11-28,test
PR_2023-12-06,test
UBSI_2024-06-11,test
NJR_2024-02-05,test
NYT_2024-04-17,test
PATH_2024-08-07,test
SR_2024-01-31,test
CRBG_2023-12-06,test
CTAS_2023-11-29,test
DE_2024-08-05,test
MET_2023-11-29,test
RRC_2024-02-07,test
WRB_2023-12-20,test
CNO_2024-04-17,test
DELL_2023-12-06,test
EXP_2023-11-29,test
AAON_2023-12-01,test
LNTH_2024-01-24,test
FFIV_2024-04-30,test
GME_2024-04-22,test
RL_2023-12-05,test
VMC_2023-12-06,test
SCHW_2024-02-06,test
ASB_2023-12-05,test
CDNS_2024-08-05,test
COLB_2024-04-16,test
FITB_2023-12-05,test
GBCI_2024-04-17,test
HBAN_2023-12-05,test
MSI_2024-01-05,test
MTZ_2024-01-19,test
ONB_2024-02-13,test
RBC_2024-04-18,test
RJF_2023-12-06,test
SPG_2023-12-05,test
DTM_2024-02-08,test
MASI_2023-12-11,test
SAN_2024-01-29,test
CPRT_2024-01-05,test
DT_2024-08-06,test
T_2023-12-20,test
ULTA_2024-08-12,test
USFD_2023-12-15,test
YETI_2024-05-02,test
APH_2024-01-05,test
ERIC_2024-04-15,test
JPM_2023-12-13,test
RGEN_2024-07-08,test
CAT_2024-01-17,test
CBSH_2024-02-13,test
GTM_2024-08-06,test
ILMN_2024-05-30,test
IVZ_2024-04-30,test
JHG_2024-01-17,test
KIM_2024-04-17,test
NTRS_2024-02-13,test
PAYC_2024-07-09,test
PEN_2024-08-07,test
PNC_2024-02-26,test
TPR_2024-01-18,test
WAT_2024-07-01,test
ADSK_2024-05-30,test
AYI_2024-01-03,test
BAC_2024-01-18,test
BROS_2024-02-06,test
CFR_2024-06-14,test
DOCS_2024-05-13,test
ESS_2024-02-13,test
FFIN_2024-01-16,test
GM_2024-01-18,test
GS_2023-12-18,test
HOMB_2024-04-16,test
IBOC_2023-12-18,test
MS_2024-01-18,test
MTB_2024-02-07,test
PB_2024-06-14,test
AA_2024-02-26,test
TTD_2024-01-16,test
CBT_2024-02-05,test
INFY_2024-04-18,test
VNOM_2024-01-18,test
CHWY_2024-04-30,test
AIT_2024-01-05,test
MP_2024-08-07,test
RMD_2024-01-03,test
BA_2024-11-14,test
TER_2024-02-01,test
TRMB_2024-01-17,test
SW_2024-02-02,test
MMM_2024-02-14,test
KD_2024-04-26,test
CRH_2024-01-16,test
BRKR_2024-11-19,test
MTDR_2024-09-26,test
BRBR_2024-07-24,test
OPCH_2024-11-18,test
TOL_2024-01-24,test
AM_2024-02-13,test
BK_2024-02-13,test
DAL_2024-01-22,test
OC_2024-02-16,test
SLAB_2024-08-07,test
CTRA_2024-09-10,test
CG_2024-09-06,test
TRU_2024-04-19,test
WIT_2024-05-30,test
CNP_2024-08-07,test
HD_2024-05-24,test
ONTO_2024-02-06,test
TMUS_2024-02-16,test
WWD_2024-01-24,test
GWRE_2024-04-19,test
ORLY_2024-06-03,test
PYPL_2024-02-08,test
EL_2024-11-12,test
GHC_2024-07-09,test
CPRI_2024-11-12,test
CVS_2024-12-19,test
LH_2024-05-29,test
BHF_2024-08-12,test
FIS_2024-02-13,test
BBWI_2024-09-10,test
TWLO_2024-06-18,test
WELL_2024-01-31,test
DLB_2024-08-12,test
WAB_2024-01-31,test
CFG_2024-02-26,test
CIEN_2024-04-19,test
COF_2024-08-05,test
NOW_2024-05-30,test
PNR_2024-02-05,test
SNA_2024-07-05,test
CTSH_2024-06-14,test
C_2024-02-13,test
KEYS_2024-08-07,test
NWS_2024-04-30,test
AVGO_2024-04-19,test
MA_2024-07-25,test
RF_2024-02-07,test
WAL_2024-03-04,test
MAT_2024-07-09,test
VRSN_2024-05-03,test
CME_2024-07-12,test
CRM_2024-05-30,test
H_2024-02-13,test
V_2024-07-25,test
DDOG_2024-08-05,test
EWBC_2024-02-08,test
KTOS_2024-03-18,test
PLTR_2024-04-19,test
GNRC_2024-03-05,test
GOOG_2024-03-06,test
GRMN_2024-02-13,test
KEY_2024-02-13,test
PEGA_2024-02-13,test
VNO_2024-05-29,test
WTW_2024-05-29,test
DXCM_2024-07-26,test
SPGI_2024-04-16,test
BDC_2024-02-20,test
CBRE_2024-04-19,test
EQIX_2024-05-08,test
JAZZ_2024-07-09,test
MIDD_2024-07-05,test
CRUS_2024-04-19,test
GATX_2024-04-30,test
THG_2024-06-14,test
WMG_2024-08-12,test
WSO_2024-02-20,test
ABBV_2024-05-29,test
CCL_2024-04-16,test
DIS_2024-08-13,test
MLI_2024-02-22,test
RMBS_2024-09-06,test
PFGC_2024-07-09,test
TSLA_2024-04-22,test
IRT_2024-02-26,test
FNF_2024-04-17,test
PANW_2024-04-04,test
ABT_2024-07-18,test
VWAGY_2024-11-26,test
DASH_2024-07-18,test
HLI_2024-04-18,test
PSTG_2024-02-27,test
JBL_2024-08-05,test
COHR_2024-04-19,test
TRV_2024-07-05,test
SATS_2024-03-18,test
FR_2024-04-30,test
ALGM_2024-11-15,test
AZO_2024-05-29,test
EXPE_2024-05-30,test
DRI_2024-07-10,test
MCD_2024-07-09,test
YUM_2025-01-10,test
EBAY_2024-05-06,test
KR_2024-06-27,test
HQY_2024-08-05,test
IP_2024-04-25,test
AES_2025-02-14,test
HII_2025-02-06,test
VRTX_2024-04-30,test
HL_2024-03-19,test
JCI_2024-05-01,test
JD_2024-08-05,test
FIX_2024-04-19,test
NDAQ_2024-06-03,test
ORI_2024-04-17,test
CNH_2024-08-12,test
FLG_2024-04-30,test
MNST_2024-08-08,test
HIMS_2024-05-03,test
SFM_2024-04-16,test
AMT_2024-04-18,test
CINF_2024-04-26,test
DG_2025-01-17,test
ROL_2024-04-18,test
MOH_2025-02-12,test
NSRGY_2025-01-15,test
CRS_2024-04-15,test
UNM_2024-06-14,test
TRGP_2024-04-18,test
APO_2024-08-05,test
NEM_2024-04-22,test
RCL_2024-04-16,test
AVAV_2025-04-04,test
EXEL_2024-05-28,test
BJ_2024-04-18,test
CBOE_2024-06-14,test
OLLI_2024-04-17,test
TPL_2024-05-02,test
CAH_2024-07-15,test
DLTR_2024-11-11,test
FTNT_2024-08-05,test
CEG_2024-08-02,test
FCFS_2024-12-18,test
HMC_2024-12-19,test
MCHP_2025-04-08,test
NXT_2024-10-24,test
SYNA_2025-04-08,test
UGI_2024-06-18,test
EHC_2024-04-26,test
SLM_2024-08-06,test
HPE_2025-04-08,test
LRLCY_2025-01-10,test
MOS_2025-04-08,test
SBAC_2024-04-30,test
CPAY_2024-06-14,test
STX_2025-04-08,test
IDXX_2025-04-08,test
OLED_2025-04-08,test
PWR_2025-03-10,test
RTX_2024-07-01,test
BWXT_2024-05-07,test
ENTG_2025-04-08,test
NEU_2025-01-10,test
ON_2025-04-08,test
EA_2025-01-28,test
HSBC_2024-08-05,test
LFUS_2025-04-08,test
SHC_2025-04-08,test
FCX_2025-04-04,test
NBIX_2025-04-08,test
PBF_2025-04-08,test
CRL_2025-04-11,test
LOPE_2024-10-10,test
ARW_2025-04-07,test
CTVA_2024-07-09,test
DINO_2025-04-08,test
LIVN_2025-04-08,test
MKSI_2025-04-08,test
ROK_2025-04-08,test
WTS_2024-07-09,test
AGCO_2025-04-08,test
ST_2025-04-08,test
ADI_2025-04-04,test
ALGN_2025-04-08,test
ALV_2025-04-08,test
AMAT_2025-04-04,test
AMKR_2025-04-04,test
APTV_2025-04-11,test
AVNT_2025-04-08,test
BBY_2025-04-08,test
BEN_2025-04-08,test
BWA_2025-04-08,test
CDW_2025-04-04,test
CGNX_2025-04-08,test
CXT_2025-04-08,test
KLAC_2025-04-04,test
MGM_2025-04-08,test
MPC_2025-04-08,test
NXPI_2025-04-08,test
PVH_2025-04-08,test
SEIC_2024-08-05,test
SNPS_2025-04-07,test
STLA_2025-04-08,test
VC_2025-04-10,test
VMI_2024-06-04,test
VNT_2025-04-08,test
XRAY_2025-04-15,test
ZBRA_2025-04-08,test
ABNB_2025-04-08,test
APA_2025-04-08,test
CELH_2025-02-12,test
DAR_2025-04-08,test
FN_2025-04-04,test
HGV_2025-04-08,test
HLT_2024-05-29,test
MAR_2024-08-05,test
NCLH_2024-08-07,test
SNX_2025-04-04,test
SWK_2025-04-08,test
TXN_2025-04-21,test
URI_2025-04-08,test
WCC_2025-04-08,test
HWM_2024-07-01,test
ETR_2024-07-08,test
HCA_2025-01-03,test
CAR_2025-03-13,test
PPL_2024-07-01,test
ARMK_2025-04-08,test
NOK_2024-06-14,test
OSK_2025-04-08,test
EW_2024-07-25,test
HAS_2025-04-08,test
BABA_2024-06-28,test
BUD_2025-01-10,test
KMI_2024-05-29,test
RGLD_2024-06-13,test
SMCI_2024-11-14,test
FLR_2025-04-08,test
MSFT_2025-04-08,test
XYZ_2025-05-02,test
GSK_2025-01-14,test
BC_2025-04-08,test
PII_2025-04-08,test
WDC_2025-04-04,test
DY_2025-03-10,test
EMR_2025-04-08,test
CLF_2025-05-30,test
GEF_2025-04-08,test
ING_2024-12-18,test
NDSN_2025-04-08,test
CR_2025-04-08,test
NVO_2025-04-17,test
WFRD_2025-04-08,test
OVV_2025-04-08,test
AMD_2025-04-08,test
BKNG_2024-08-07,test
ESAB_2024-06-14,test
E_2025-04-08,test
CHRD_2025-04-08,test
DVN_2025-04-08,test
EQNR_2024-11-06,test
FANG_2025-04-08,test
LHX_2025-02-19,test
MUR_2025-04-08,test
IRM_2025-04-08,test
BSY_2025-04-08,test
ELF_2025-04-16,test
ALK_2024-08-05,test
ENSG_2024-06-20,test
GTLS_2024-09-10,test
ORA_2025-02-03,test
KEX_2025-04-08,test
LITE_2024-08-07,test
AMG_2025-04-08,test
HAE_2025-04-08,test
CACI_2025-02-21,test
TXT_2025-04-04,test
ALLY_2025-04-21,test
MSA_2025-04-07,test
NKE_2025-04-08,test
COIN_2024-09-06,test
ALLE_2024-07-09,test
APP_2024-08-05,test
AVT_2025-04-08,test
DD_2025-04-08,test
FNB_2025-04-04,test
F_2025-04-08,test
HON_2025-04-08,test
LEA_2025-04-08,test
MSM_2025-04-07,test
NUE_2025-04-04,test
TKR_2025-04-08,test
ZION_2025-04-04,test
ALB_2025-04-08,test
BALL_2025-04-08,test
BX_2024-07-08,test
PAG_2025-04-08,test
PPG_2025-04-08,test
QCOM_2025-04-08,test
TFC_2025-04-04,test
TTEK_2025-04-08,test
VTRS_2025-04-10,test
NTAP_2025-04-04,test
LECO_2025-04-08,test
INTC_2025-04-08,test
MRNA_2025-05-15,test
PTC_2025-04-08,test
TEL_2025-04-04,test
BLD_2025-04-08,test
R_2024-07-09,test
GEHC_2025-04-08,test
HST_2025-04-08,test
MTN_2025-04-08,test
PK_2025-04-08,test
TROW_2025-04-08,test
VST_2024-07-30,test
SWKS_2025-04-08,test
ARWR_2025-04-08,test
APPF_2025-04-25,test
CYTK_2025-05-15,test
EXLS_2024-08-01,test
NSC_2025-04-08,test
CNXC_2024-11-19,test
PNFP_2024-08-05,test
VAL_2025-04-08,test
ELAN_2025-04-16,test
FAST_2024-08-07,test
FOX_2024-08-05,test
GOOGL_2025-04-08,test
KRC_2025-04-08,test
LUV_2024-08-05,test
STT_2024-08-07,test
ADM_2025-04-08,test
CCI_2025-01-10,test
CSX_2025-04-08,test
FOXA_2024-08-05,test
IQV_2025-05-23,test
KVUE_2024-07-23,test
MO_2024-07-31,test
M_2025-04-08,test
PHM_2025-04-08,test
RS_2025-04-08,test
WHR_2025-05-01,test
CSGP_2025-01-13,test
DKS_2025-05-23,test
GD_2025-02-14,test
HALO_2024-11-18,test
HXL_2025-04-08,test
NXST_2025-05-01,test
SAIA_2025-04-29,test
WST_2025-04-08,test
WTFC_2025-04-08,test
GNTX_2025-04-08,test
HSY_2025-02-04,test
J_2025-04-08,test
MTD_2025-04-21,test
NOV_2025-04-08,test
PSX_2025-04-08,test
ICE_2025-01-10,test
INCY_2025-04-10,test
JLL_2025-04-21,test
SSD_2025-04-08,test
UAL_2024-08-05,test
CVNA_2024-07-30,test
NFLX_2024-08-05,test
OKTA_2024-09-10,test
SPXC_2025-04-08,test
VLO_2025-04-04,test
BKR_2024-09-11,test
CHRW_2025-04-08,test
FHN_2024-08-07,test
XYL_2025-04-08,test
BIO_2025-06-02,test
MLM_2025-04-08,test
BP_2025-04-08,test
BR_2024-09-06,test
MTCH_2025-04-08,test
CMC_2025-04-08,test
FSLR_2025-04-08,test
FTI_2025-04-08,test
WMS_2025-04-08,test
AAPL_2025-04-08,test
MTSI_2025-04-08,test
PSN_2025-03-03,test
XPO_2025-04-08,test
BCO_2025-05-30,test
MCK_2024-09-26,test
BLDR_2025-06-02,test
GEN_2025-04-08,test
MPWR_2025-04-08,test
UBER_2024-12-13,test
UMBF_2025-04-11,test
ACM_2025-04-08,test
GPC_2025-04-08,test
HOG_2025-04-08,test
HOLX_2025-05-05,test
INTU_2025-04-08,test
LRCX_2025-04-04,test
MANH_2025-04-08,test
MMS_2025-03-03,test
NVDA_2025-04-04,test
ROIV_2025-04-08,test
RPM_2025-04-08,test
THC_2025-04-21,test
TREX_2025-04-08,test
ITUB_2025-01-03,test
TTMI_2024-09-09,test
USB_2025-04-08,test
HUM_2025-07-18,test
CLH_2025-04-08,test
LEN_2025-04-16,test
TSCO_2025-04-08,test
AZN_2024-11-20,test
FLEX_2025-04-04,test
WPC_2024-12-19,test
COR_2024-10-07,test
RRX_2025-04-08,test
CW_2025-04-04,test
ENS_2025-04-08,test
FND_2025-04-21,test
GE_2024-12-18,test
GPN_2025-04-21,test
KBH_2025-04-16,test
NVS_2024-12-19,test
OLN_2025-04-08,test
PH_2025-04-04,test
PINS_2025-04-21,test
WLK_2025-06-02,test
BG_2025-02-12,test
NTNX_2024-08-28,test
SGI_2024-10-25,test
TTC_2025-04-08,test
ANF_2025-04-08,test
AN_2024-10-31,test
ASML_2025-04-08,test
DCI_2025-04-08,test
OXY_2025-04-08,test
REXR_2025-04-08,test
AEIS_2025-04-04,test
HPQ_2025-04-08,test
VLY_2024-09-11,test
BLK_2025-04-08,test
CRWD_2024-09-06,test
TEX_2025-04-08,test
UNH_2025-08-01,test
VALE_2025-01-08,test
ARES_2025-04-04,test
GAP_2025-04-08,test
UTHR_2025-07-31,test
BXP_2025-04-08,test
JEF_2025-04-08,test
NLY_2025-04-10,test
SSB_2025-04-08,test
MAS_2025-04-08,test
TMHC_2025-04-08,test
WSM_2024-09-05,test
HR_2025-06-05,test
LOW_2025-04-08,test
WING_2025-03-18,test
BIIB_2025-04-10,test
CNC_2025-08-06,test
MTG_2025-04-08,test
SRE_2025-04-08,test
FIVE_2025-04-08,test
NRG_2024-09-16,test
GILD_2024-09-25,test
ARE_2025-05-23,test
PLD_2025-04-08,test
TCBI_2025-04-10,test
RH_2025-04-04,test
AR_2024-11-01,test
ES_2025-04-08,test
LSCC_2025-04-08,test
HAL_2025-04-08,test
ANET_2025-04-04,test
DGX_2024-10-07,test
EPR_2024-12-19,test
EVRG_2024-10-10,test
XEL_2024-10-10,test
FHI_2024-10-10,test
HUBB_2025-04-04,test
JNJ_2025-01-10,test
THO_2025-04-08,test
UHS_2025-07-28,test
A_2025-04-08,test
LLY_2025-08-08,test
PFE_2025-04-10,test
RHHBY_2024-12-19,test
SONY_2024-10-23,test
TMO_2025-06-17,test
BYD_2025-04-08,test
FICO_2025-08-11,test
LVS_2025-04-08,test
TECH_2025-05-21,test
WYNN_2025-04-08,test
AEP_2025-01-06,test
BIDU_2025-04-08,test
NEE_2025-04-08,test
NOC_2025-02-19,test
STLD_2025-04-04,test
ELV_2025-08-01,test
LVMUY_2025-06-26,test
CF_2025-04-08,test
LW_2025-07-21,test
WEC_2025-01-06,test
AVTR_2025-08-06,test
GXO_2025-04-08,test
HOOD_2024-10-31,test
JBHT_2025-04-16,test
WEX_2025-04-08,test
STAG_2025-04-08,test
AAL_2025-04-08,test
L_2024-11-04,test
VOYA_2025-04-08,test
BILL_2025-04-08,test
CNM_2024-11-14,test
PDD_2025-04-10,test
EME_2025-04-04,test
NOVT_2025-10-10,test
ROST_2025-03-13,test
TM_2025-04-04,test
REGN_2025-06-05,test
TXNM_2024-11-01,test
AME_2025-04-08,test
BBVA_2024-11-27,test
IPGP_2025-04-08,test
EXPD_2025-04-08,test
FDX_2025-04-08,test
NVST_2025-04-08,test
CASY_2025-03-11,test
COKE_2025-06-17,test
GMED_2025-07-21,test
NWE_2024-12-18,test
STE_2025-01-02,test
STRL_2025-04-04,test
TT_2025-04-08,test
BKH_2025-01-10,test
CNX_2025-01-31,test
EVR_2025-04-08,test
OHI_2025-01-29,test
SHEL_2025-04-08,test
AKAM_2025-04-08,test
AMGN_2025-01-06,test
CSCO_2025-04-08,test
MEDP_2025-04-08,test
QLYS_2025-04-08,test
TJX_2025-03-13,test
WBS_2025-04-04,test
TTWO_2024-11-15,test
WBD_2025-04-08,test
APG_2025-04-08,test
ATI_2025-04-08,test
LDOS_2025-02-21,test
MDT_2024-12-19,test
MRK_2025-05-14,test
ETN_2025-04-04,test
FLS_2025-04-08,test
NVT_2025-04-08,test
PODD_2025-03-10,test
DHR_2025-04-08,test
ISRG_2025-10-10,test
LAMR_2025-04-08,test
VFC_2025-04-08,test
DHI_2025-04-08,test
EPAM_2025-10-16,test
ITT_2025-04-08,test
KKR_2025-04-04,test
META_2025-04-21,test
ORCL_2025-04-21,test
TSM_2025-04-08,test
IBM_2025-01-13,test
PR_2025-04-08,test
NYT_2025-04-08,test
PATH_2025-04-07,test
SR_2024-12-18,test
TTE_2024-12-19,test
DELL_2025-04-04,test
GT_2025-10-14,test
KNX_2025-04-16,test
CHDN_2025-10-16,test
RL_2025-04-08,test
VMC_2025-03-07,test
SCHW_2025-04-04,test
ASB_2025-04-08,test
CART_2025-11-06,test
CDNS_2025-04-08,test
COLB_2025-04-10,test
FITB_2025-04-21,test
HBAN_2025-04-08,test
MTZ_2025-04-04,test
PFG_2025-04-08,test
RBC_2025-01-10,test
RJF_2025-04-04,test
SPG_2025-04-08,test
ASH_2025-04-08,test
DOV_2025-04-08,test
DTM_2025-03-10,test
LAD_2025-04-08,test
ONB_2025-04-08,test
OZK_2025-04-08,test
PCAR_2025-04-08,test
SAN_2025-01-02,test
KNF_2025-10-30,test
ULTA_2025-03-13,test
LNTH_2025-09-22,test
SYF_2025-04-04,test
AIZ_2025-04-08,test
CCK_2025-04-08,test
DECK_2025-11-04,test
YETI_2025-04-16,test
APH_2025-04-04,test
ERIC_2025-04-08,test
JPM_2025-04-04,test
LULU_2025-09-12,test
RGEN_2025-04-08,test
UBSI_2025-04-08,test
CAT_2025-04-08,test
CAVA_2025-11-20,test
GTM_2025-04-08,test
ILMN_2025-04-08,test
IVZ_2025-04-08,test
JHG_2025-04-08,test
NTRS_2025-04-08,test
PEN_2025-11-05,test
PNC_2025-04-08,test
TPR_2025-04-08,test
WAT_2025-08-06,test
AYI_2025-04-08,test
BAC_2025-04-04,test
BROS_2025-10-07,test
COO_2025-09-17,test
GM_2025-04-08,test
GS_2025-04-08,test
MS_2025-04-04,test
MTB_2025-04-08,test
AA_2025-04-08,test
MCO_2025-04-08,test
MP_2024-12-31,test
BA_2025-04-04,test
TER_2025-04-08,test
